layer,head,query,key,overlap,row_pair_overlap,baseline_loss,intervened_loss,delta_loss,retrieval_effect,n_intervened,suppressible,seed,context_length,variant,run_id
0,2,262,194,1.0,nan,3.002800226211548,3.0027997493743896,-4.76837158203125e-07,nan,1,True,42,512,crpa_contribution,7009556a4706
0,2,263,102,1.0,nan,3.002800226211548,3.002800464630127,2.384185791015625e-07,nan,1,True,42,512,crpa_contribution,7009556a4706
0,3,42,13,1.0,nan,3.002800226211548,3.002800464630127,2.384185791015625e-07,nan,1,True,42,512,crpa_contribution,7009556a4706
0,3,354,304,1.0,nan,3.002800226211548,3.002800226211548,0.0,nan,1,True,42,512,crpa_contribution,7009556a4706
0,3,383,326,1.0,nan,3.002800226211548,3.0027999877929688,-2.384185791015625e-07,nan,1,True,42,512,crpa_contribution,7009556a4706
0,3,42,16,1.0,nan,3.002800226211548,3.002800226211548,0.0,nan,1,True,42,512,crpa_contribution,7009556a4706
0,3,340,285,1.0,nan,3.002800226211548,3.0027999877929688,-2.384185791015625e-07,nan,1,True,42,512,crpa_contribution,7009556a4706
0,3,414,387,1.0,nan,3.002800226211548,3.002798080444336,-2.1457672119140625e-06,nan,1,True,42,512,crpa_contribution,7009556a4706
0,3,379,326,1.0,nan,3.002800226211548,3.0027999877929688,-2.384185791015625e-07,nan,1,True,42,512,crpa_contribution,7009556a4706
0,3,371,360,1.0,nan,3.002800226211548,3.002800226211548,0.0,nan,1,True,42,512,crpa_contribution,7009556a4706
0,3,17,2,1.0,nan,3.002800226211548,3.0027999877929688,-2.384185791015625e-07,nan,1,True,42,512,crpa_contribution,7009556a4706
0,3,355,285,1.0,nan,3.002800226211548,3.002800226211548,0.0,nan,1,True,42,512,crpa_contribution,7009556a4706
0,3,349,340,1.0,nan,3.002800226211548,3.0027997493743896,-4.76837158203125e-07,nan,1,True,42,512,crpa_contribution,7009556a4706
0,3,3,0,1.0,nan,3.002800226211548,3.0027782917022705,-2.193450927734375e-05,nan,1,True,42,512,crpa_contribution,7009556a4706
0,3,361,304,1.0,nan,3.002800226211548,3.002800464630127,2.384185791015625e-07,nan,1,True,42,512,crpa_contribution,7009556a4706
0,3,272,266,1.0,nan,3.002800226211548,3.002800464630127,2.384185791015625e-07,nan,1,True,42,512,crpa_contribution,7009556a4706
0,3,44,34,1.0,nan,3.002800226211548,3.002800226211548,0.0,nan,1,True,42,512,crpa_contribution,7009556a4706
0,3,363,300,1.0,nan,3.002800226211548,3.0027997493743896,-4.76837158203125e-07,nan,1,True,42,512,crpa_contribution,7009556a4706
0,3,17,15,1.0,nan,3.002800226211548,3.002800464630127,2.384185791015625e-07,nan,1,True,42,512,crpa_contribution,7009556a4706
0,4,412,306,1.0,nan,3.002800226211548,3.002805233001709,5.0067901611328125e-06,nan,1,True,42,512,crpa_contribution,7009556a4706
0,4,412,391,1.0,nan,3.002800226211548,3.0027992725372314,-9.5367431640625e-07,nan,1,True,42,512,crpa_contribution,7009556a4706
0,4,358,304,1.0,nan,3.002800226211548,3.002800226211548,0.0,nan,1,True,42,512,crpa_contribution,7009556a4706
0,7,351,300,1.0,nan,3.002800226211548,3.0027997493743896,-4.76837158203125e-07,nan,1,True,42,512,crpa_contribution,7009556a4706
0,7,5,2,1.0,nan,3.002800226211548,3.002800703048706,4.76837158203125e-07,nan,1,True,42,512,crpa_contribution,7009556a4706
0,3,96,45,0.9642857313156128,nan,3.002800226211548,3.002800226211548,0.0,nan,1,True,42,512,crpa_contribution,7009556a4706
0,0,52,17,0.95652174949646,nan,3.002800226211548,3.0027999877929688,-2.384185791015625e-07,nan,1,True,42,512,crpa_contribution,7009556a4706
0,0,48,47,0.949999988079071,nan,3.002800226211548,3.002800226211548,0.0,nan,1,True,42,512,crpa_contribution,7009556a4706
0,2,442,405,0.9444444179534912,nan,3.002800226211548,3.0027995109558105,-7.152557373046875e-07,nan,1,True,42,512,crpa_contribution,7009556a4706
0,2,440,416,0.9444444179534912,nan,3.002800226211548,3.002800464630127,2.384185791015625e-07,nan,1,True,42,512,crpa_contribution,7009556a4706
0,7,48,44,0.9411764740943909,nan,3.002800226211548,3.0027999877929688,-2.384185791015625e-07,nan,1,True,42,512,crpa_contribution,7009556a4706
0,2,376,324,0.9333333373069763,nan,3.002800226211548,3.0027992725372314,-9.5367431640625e-07,nan,1,True,42,512,crpa_contribution,7009556a4706
0,3,101,2,0.9333333373069763,nan,3.002800226211548,3.0027999877929688,-2.384185791015625e-07,nan,1,True,42,512,crpa_contribution,7009556a4706
0,3,442,430,0.9333333373069763,nan,3.002800226211548,3.0027999877929688,-2.384185791015625e-07,nan,1,True,42,512,crpa_contribution,7009556a4706
0,7,330,299,0.9285714030265808,nan,3.002800226211548,3.002800464630127,2.384185791015625e-07,nan,1,True,42,512,crpa_contribution,7009556a4706
0,7,334,300,0.9285714030265808,nan,3.002800226211548,3.0027999877929688,-2.384185791015625e-07,nan,1,True,42,512,crpa_contribution,7009556a4706
0,0,117,22,0.9272727370262146,nan,3.002800226211548,3.002800226211548,0.0,nan,1,True,42,512,crpa_contribution,7009556a4706
0,0,111,92,0.9200000166893005,nan,3.002800226211548,3.002800226211548,0.0,nan,1,True,42,512,crpa_contribution,7009556a4706
0,0,111,67,0.9200000166893005,nan,3.002800226211548,3.0027999877929688,-2.384185791015625e-07,nan,1,True,42,512,crpa_contribution,7009556a4706
0,2,374,324,0.9166666865348816,nan,3.002800226211548,3.0027999877929688,-2.384185791015625e-07,nan,1,True,42,512,crpa_contribution,7009556a4706
0,3,46,16,0.9166666865348816,nan,3.002800226211548,3.002800226211548,0.0,nan,1,True,42,512,crpa_contribution,7009556a4706
0,3,46,36,0.9166666865348816,nan,3.002800226211548,3.002800464630127,2.384185791015625e-07,nan,1,True,42,512,crpa_contribution,7009556a4706
0,4,379,375,0.9166666865348816,nan,3.002800226211548,3.002800464630127,2.384185791015625e-07,nan,1,True,42,512,crpa_contribution,7009556a4706
0,0,54,31,0.9130434989929199,nan,3.002800226211548,3.002800226211548,0.0,nan,1,True,42,512,crpa_contribution,7009556a4706
0,4,103,98,0.9130434989929199,nan,3.002800226211548,3.0027999877929688,-2.384185791015625e-07,nan,1,True,42,512,crpa_contribution,7009556a4706
0,3,341,300,0.9090909361839294,nan,3.002800226211548,3.002800226211548,0.0,nan,1,True,42,512,crpa_contribution,7009556a4706
0,3,313,283,0.9090909361839294,nan,3.002800226211548,3.0027999877929688,-2.384185791015625e-07,nan,1,True,42,512,crpa_contribution,7009556a4706
0,7,362,306,0.9090909361839294,nan,3.002800226211548,3.002800226211548,0.0,nan,1,True,42,512,crpa_contribution,7009556a4706
0,7,352,283,0.9090909361839294,nan,3.002800226211548,3.002800464630127,2.384185791015625e-07,nan,1,True,42,512,crpa_contribution,7009556a4706
0,7,371,306,0.9090909361839294,nan,3.002800226211548,3.002800226211548,0.0,nan,1,True,42,512,crpa_contribution,7009556a4706
0,4,419,202,0.8999999761581421,nan,3.002800226211548,3.0027995109558105,-7.152557373046875e-07,nan,1,True,42,512,crpa_contribution,7009556a4706
0,4,328,285,0.8999999761581421,nan,3.002800226211548,3.0027997493743896,-4.76837158203125e-07,nan,1,True,42,512,crpa_contribution,7009556a4706
0,4,79,10,0.8999999761581421,nan,3.002800226211548,3.0027999877929688,-2.384185791015625e-07,nan,1,True,42,512,crpa_contribution,7009556a4706
0,7,375,298,0.8999999761581421,nan,3.002800226211548,3.002800226211548,0.0,nan,1,True,42,512,crpa_contribution,7009556a4706
0,0,81,23,0.8974359035491943,nan,3.002800226211548,3.0027999877929688,-2.384185791015625e-07,nan,1,True,42,512,crpa_contribution,7009556a4706
0,0,81,17,0.8974359035491943,nan,3.002800226211548,3.0027999877929688,-2.384185791015625e-07,nan,1,True,42,512,crpa_contribution,7009556a4706
0,0,63,11,0.8965517282485962,nan,3.002800226211548,3.0027997493743896,-4.76837158203125e-07,nan,1,True,42,512,crpa_contribution,7009556a4706
0,0,62,42,0.8965517282485962,nan,3.002800226211548,3.0027999877929688,-2.384185791015625e-07,nan,1,True,42,512,crpa_contribution,7009556a4706
0,2,53,33,0.8947368264198303,nan,3.002800226211548,3.0027999877929688,-2.384185791015625e-07,nan,1,True,42,512,crpa_contribution,7009556a4706
0,7,296,268,0.8947368264198303,nan,3.002800226211548,3.0027999877929688,-2.384185791015625e-07,nan,1,True,42,512,crpa_contribution,7009556a4706
0,7,296,282,0.8947368264198303,nan,3.002800226211548,3.002800226211548,0.0,nan,1,True,42,512,crpa_contribution,7009556a4706
0,7,237,190,0.8913043737411499,nan,3.002800226211548,3.0027999877929688,-2.384185791015625e-07,nan,1,True,42,512,crpa_contribution,7009556a4706
0,4,361,322,0.8888888955116272,nan,3.002800226211548,3.0027999877929688,-2.384185791015625e-07,nan,1,True,42,512,crpa_contribution,7009556a4706
0,7,62,46,0.8888888955116272,nan,3.002800226211548,3.002800226211548,0.0,nan,1,True,42,512,crpa_contribution,7009556a4706
0,7,361,326,0.8888888955116272,nan,3.002800226211548,3.0027999877929688,-2.384185791015625e-07,nan,1,True,42,512,crpa_contribution,7009556a4706
0,7,294,256,0.8888888955116272,nan,3.002800226211548,3.002800703048706,4.76837158203125e-07,nan,1,True,42,512,crpa_contribution,7009556a4706
0,7,346,320,0.8888888955116272,nan,3.002800226211548,3.0027999877929688,-2.384185791015625e-07,nan,1,True,42,512,crpa_contribution,7009556a4706
0,7,83,20,0.8857142925262451,nan,3.002800226211548,3.002800226211548,0.0,nan,1,True,42,512,crpa_contribution,7009556a4706
0,0,96,72,0.8837209343910217,nan,3.002800226211548,3.0027999877929688,-2.384185791015625e-07,nan,1,True,42,512,crpa_contribution,7009556a4706
0,0,96,12,0.8837209343910217,nan,3.002800226211548,3.0027999877929688,-2.384185791015625e-07,nan,1,True,42,512,crpa_contribution,7009556a4706
0,7,94,18,0.8837209343910217,nan,3.002800226211548,3.0027999877929688,-2.384185791015625e-07,nan,1,True,42,512,crpa_contribution,7009556a4706
0,7,96,87,0.8837209343910217,nan,3.002800226211548,3.0027997493743896,-4.76837158203125e-07,nan,1,True,42,512,crpa_contribution,7009556a4706
0,0,39,27,0.8823529481887817,nan,3.002800226211548,3.002800226211548,0.0,nan,1,True,42,512,crpa_contribution,7009556a4706
0,7,297,283,0.8823529481887817,nan,3.002800226211548,3.002800464630127,2.384185791015625e-07,nan,1,True,42,512,crpa_contribution,7009556a4706
0,2,62,34,0.8799999952316284,nan,3.002800226211548,3.0027997493743896,-4.76837158203125e-07,nan,1,True,42,512,crpa_contribution,7009556a4706
0,2,62,0,0.8799999952316284,nan,3.002800226211548,3.002800464630127,2.384185791015625e-07,nan,1,True,42,512,crpa_contribution,7009556a4706
0,0,87,32,0.8780487775802612,nan,3.002800226211548,3.0027999877929688,-2.384185791015625e-07,nan,1,True,42,512,crpa_contribution,7009556a4706
0,0,394,389,0.875,nan,3.002800226211548,3.0027990341186523,-1.1920928955078125e-06,nan,1,True,42,512,crpa_contribution,7009556a4706
0,4,310,304,0.875,nan,3.002800226211548,3.0027999877929688,-2.384185791015625e-07,nan,1,True,42,512,crpa_contribution,7009556a4706
0,4,36,2,0.875,nan,3.002800226211548,3.002800226211548,0.0,nan,1,True,42,512,crpa_contribution,7009556a4706
0,5,415,204,0.875,nan,3.002800226211548,3.0027992725372314,-9.5367431640625e-07,nan,1,True,42,512,crpa_contribution,7009556a4706
0,5,269,261,0.875,nan,3.002800226211548,3.002800464630127,2.384185791015625e-07,nan,1,True,42,512,crpa_contribution,7009556a4706
0,7,71,64,0.875,nan,3.002800226211548,3.0027999877929688,-2.384185791015625e-07,nan,1,True,42,512,crpa_contribution,7009556a4706
0,7,314,309,0.875,nan,3.002800226211548,3.002800226211548,0.0,nan,1,True,42,512,crpa_contribution,7009556a4706
0,7,103,46,0.8723404407501221,nan,3.002800226211548,3.002800464630127,2.384185791015625e-07,nan,1,True,42,512,crpa_contribution,7009556a4706
0,7,100,61,0.8717948794364929,nan,3.002800226211548,3.0027999877929688,-2.384185791015625e-07,nan,1,True,42,512,crpa_contribution,7009556a4706
0,5,280,257,0.8666666746139526,nan,3.002800226211548,3.0027999877929688,-2.384185791015625e-07,nan,1,True,42,512,crpa_contribution,7009556a4706
0,0,197,187,0.8611111044883728,nan,3.002800226211548,3.002800226211548,0.0,nan,1,True,42,512,crpa_contribution,7009556a4706
0,0,23,23,0.8571428656578064,nan,3.002800226211548,3.002800226211548,0.0,nan,1,True,42,512,crpa_contribution,7009556a4706
0,4,440,430,0.8571428656578064,nan,3.002800226211548,3.002800703048706,4.76837158203125e-07,nan,1,True,42,512,crpa_contribution,7009556a4706
0,5,263,262,0.8571428656578064,nan,3.002800226211548,3.0027999877929688,-2.384185791015625e-07,nan,1,True,42,512,crpa_contribution,7009556a4706
0,0,455,428,0.8500000238418579,nan,3.002800226211548,3.0027999877929688,-2.384185791015625e-07,nan,1,True,42,512,crpa_contribution,7009556a4706
0,0,455,452,0.8500000238418579,nan,3.002800226211548,3.0027997493743896,-4.76837158203125e-07,nan,1,True,42,512,crpa_contribution,7009556a4706
0,2,498,405,0.8500000238418579,nan,3.002800226211548,3.002800226211548,0.0,nan,1,True,42,512,crpa_contribution,7009556a4706
0,5,163,156,0.8500000238418579,nan,3.002800226211548,3.002800226211548,0.0,nan,1,True,42,512,crpa_contribution,7009556a4706
0,0,99,69,0.8478260636329651,nan,3.002800226211548,3.0027999877929688,-2.384185791015625e-07,nan,1,True,42,512,crpa_contribution,7009556a4706
0,0,30,24,0.8461538553237915,nan,3.002800226211548,3.002800464630127,2.384185791015625e-07,nan,1,True,42,512,crpa_contribution,7009556a4706
0,0,29,19,0.8461538553237915,nan,3.002800226211548,3.002800464630127,2.384185791015625e-07,nan,1,True,42,512,crpa_contribution,7009556a4706
0,0,30,11,0.8461538553237915,nan,3.002800226211548,3.002800464630127,2.384185791015625e-07,nan,1,True,42,512,crpa_contribution,7009556a4706
0,2,30,26,0.8461538553237915,nan,3.002800226211548,3.0027999877929688,-2.384185791015625e-07,nan,1,True,42,512,crpa_contribution,7009556a4706
0,4,351,324,0.8461538553237915,nan,3.002800226211548,3.0027999877929688,-2.384185791015625e-07,nan,1,True,42,512,crpa_contribution,7009556a4706
0,4,37,2,0.8461538553237915,nan,3.002800226211548,3.0027999877929688,-2.384185791015625e-07,nan,1,True,42,512,crpa_contribution,7009556a4706
0,6,22,3,0.8461538553237915,nan,3.002800226211548,3.0027999877929688,-2.384185791015625e-07,nan,1,True,42,512,crpa_contribution,7009556a4706
0,0,242,192,0.841269850730896,nan,3.002800226211548,3.0027997493743896,-4.76837158203125e-07,nan,1,True,42,512,crpa_contribution,7009556a4706
0,4,81,57,0.8399999737739563,nan,3.002800226211548,3.002800464630127,2.384185791015625e-07,nan,1,True,42,512,crpa_contribution,7009556a4706
0,2,501,456,0.8372092843055725,nan,3.002800226211548,3.002800226211548,0.0,nan,1,True,42,512,crpa_contribution,7009556a4706
0,2,355,322,0.8333333134651184,nan,3.002800226211548,3.002800464630127,2.384185791015625e-07,nan,1,True,42,512,crpa_contribution,7009556a4706
0,2,446,424,0.8333333134651184,nan,3.002800226211548,3.002800226211548,0.0,nan,1,True,42,512,crpa_contribution,7009556a4706
0,2,246,186,0.8333333134651184,nan,3.002800226211548,3.0027999877929688,-2.384185791015625e-07,nan,1,True,42,512,crpa_contribution,7009556a4706
0,2,12,8,0.8333333134651184,nan,3.002800226211548,3.0027997493743896,-4.76837158203125e-07,nan,1,True,42,512,crpa_contribution,7009556a4706
0,2,32,16,0.8333333134651184,nan,3.002800226211548,3.0027999877929688,-2.384185791015625e-07,nan,1,True,42,512,crpa_contribution,7009556a4706
0,2,8,7,0.8333333134651184,nan,3.002800226211548,3.002800226211548,0.0,nan,1,True,42,512,crpa_contribution,7009556a4706
0,2,446,405,0.8333333134651184,nan,3.002800226211548,3.002800226211548,0.0,nan,1,True,42,512,crpa_contribution,7009556a4706
0,4,34,2,0.8333333134651184,nan,3.002800226211548,3.0027999877929688,-2.384185791015625e-07,nan,1,True,42,512,crpa_contribution,7009556a4706
0,4,367,320,0.8333333134651184,nan,3.002800226211548,3.0027997493743896,-4.76837158203125e-07,nan,1,True,42,512,crpa_contribution,7009556a4706
0,2,234,146,0.8297872543334961,nan,3.002800226211548,3.0027999877929688,-2.384185791015625e-07,nan,1,True,42,512,crpa_contribution,7009556a4706
0,2,237,188,0.8292682766914368,nan,3.002800226211548,3.002800226211548,0.0,nan,1,True,42,512,crpa_contribution,7009556a4706
0,2,237,223,0.8292682766914368,nan,3.002800226211548,3.002800226211548,0.0,nan,1,True,42,512,crpa_contribution,7009556a4706
0,2,237,237,0.8292682766914368,nan,3.002800226211548,3.0027999877929688,-2.384185791015625e-07,nan,1,True,42,512,crpa_contribution,7009556a4706
0,5,338,274,0.8292682766914368,nan,3.002800226211548,3.0027999877929688,-2.384185791015625e-07,nan,1,True,42,512,crpa_contribution,7009556a4706
0,4,117,0,0.8275862336158752,nan,3.002800226211548,3.002800226211548,0.0,nan,1,True,42,512,crpa_contribution,7009556a4706
0,5,297,296,0.8260869383811951,nan,3.002800226211548,3.0027999877929688,-2.384185791015625e-07,nan,1,True,42,512,crpa_contribution,7009556a4706
0,5,330,323,0.824999988079071,nan,3.002800226211548,3.0027999877929688,-2.384185791015625e-07,nan,1,True,42,512,crpa_contribution,7009556a4706
0,2,297,260,0.8235294222831726,nan,3.002800226211548,3.0027999877929688,-2.384185791015625e-07,nan,1,True,42,512,crpa_contribution,7009556a4706
0,5,112,28,0.8235294222831726,nan,3.002800226211548,3.002800226211548,0.0,nan,1,True,42,512,crpa_contribution,7009556a4706
0,1,21,20,0.8181818127632141,nan,3.002800226211548,3.0027997493743896,-4.76837158203125e-07,nan,1,True,42,512,crpa_contribution,7009556a4706
0,4,51,41,0.8181818127632141,nan,3.002800226211548,3.002800226211548,0.0,nan,1,True,42,512,crpa_contribution,7009556a4706
0,4,322,259,0.8181818127632141,nan,3.002800226211548,3.002800226211548,0.0,nan,1,True,42,512,crpa_contribution,7009556a4706
0,5,343,319,0.8139534592628479,nan,3.002800226211548,3.0027997493743896,-4.76837158203125e-07,nan,1,True,42,512,crpa_contribution,7009556a4706
0,4,50,34,0.8125,nan,3.002800226211548,3.0027995109558105,-7.152557373046875e-07,nan,1,True,42,512,crpa_contribution,7009556a4706
0,4,50,15,0.8125,nan,3.002800226211548,3.002800464630127,2.384185791015625e-07,nan,1,True,42,512,crpa_contribution,7009556a4706
0,5,105,12,0.8125,nan,3.002800226211548,3.0027999877929688,-2.384185791015625e-07,nan,1,True,42,512,crpa_contribution,7009556a4706
0,5,76,35,0.8108108043670654,nan,3.002800226211548,3.0027997493743896,-4.76837158203125e-07,nan,1,True,42,512,crpa_contribution,7009556a4706
0,5,76,24,0.8108108043670654,nan,3.002800226211548,3.0027999877929688,-2.384185791015625e-07,nan,1,True,42,512,crpa_contribution,7009556a4706
0,5,374,319,0.8103448152542114,nan,3.002800226211548,3.002800226211548,0.0,nan,1,True,42,512,crpa_contribution,7009556a4706
0,4,201,186,0.807692289352417,nan,3.002800226211548,3.0027999877929688,-2.384185791015625e-07,nan,1,True,42,512,crpa_contribution,7009556a4706
0,5,233,137,0.807692289352417,nan,3.002800226211548,3.002800226211548,0.0,nan,1,True,42,512,crpa_contribution,7009556a4706
0,5,317,261,0.8064516186714172,nan,3.002800226211548,3.0027999877929688,-2.384185791015625e-07,nan,1,True,42,512,crpa_contribution,7009556a4706
0,5,317,296,0.8064516186714172,nan,3.002800226211548,3.0027999877929688,-2.384185791015625e-07,nan,1,True,42,512,crpa_contribution,7009556a4706
0,5,67,30,0.8064516186714172,nan,3.002800226211548,3.002800464630127,2.384185791015625e-07,nan,1,True,42,512,crpa_contribution,7009556a4706
0,5,317,280,0.8064516186714172,nan,3.002800226211548,3.002800226211548,0.0,nan,1,True,42,512,crpa_contribution,7009556a4706
0,5,348,102,0.8039215803146362,nan,3.002800226211548,3.002800226211548,0.0,nan,1,True,42,512,crpa_contribution,7009556a4706
0,1,19,17,0.800000011920929,nan,3.002800226211548,3.0027999877929688,-2.384185791015625e-07,nan,1,True,42,512,crpa_contribution,7009556a4706
0,1,13,8,0.800000011920929,nan,3.002800226211548,3.002800226211548,0.0,nan,1,True,42,512,crpa_contribution,7009556a4706
0,1,8,7,0.800000011920929,nan,3.002800226211548,3.002800703048706,4.76837158203125e-07,nan,1,True,42,512,crpa_contribution,7009556a4706
0,1,13,5,0.800000011920929,nan,3.002800226211548,3.0027999877929688,-2.384185791015625e-07,nan,1,True,42,512,crpa_contribution,7009556a4706
0,4,267,256,0.800000011920929,nan,3.002800226211548,3.0027997493743896,-4.76837158203125e-07,nan,1,True,42,512,crpa_contribution,7009556a4706
0,5,411,393,0.800000011920929,nan,3.002800226211548,3.002800703048706,4.76837158203125e-07,nan,1,True,42,512,crpa_contribution,7009556a4706
0,5,30,29,0.800000011920929,nan,3.002800226211548,3.0027999877929688,-2.384185791015625e-07,nan,1,True,42,512,crpa_contribution,7009556a4706
0,5,106,14,0.800000011920929,nan,3.002800226211548,3.0027999877929688,-2.384185791015625e-07,nan,1,True,42,512,crpa_contribution,7009556a4706
0,5,71,14,0.800000011920929,nan,3.002800226211548,3.002800226211548,0.0,nan,1,True,42,512,crpa_contribution,7009556a4706
0,6,12,4,0.7777777910232544,nan,3.002800226211548,3.0027999877929688,-2.384185791015625e-07,nan,1,True,42,512,crpa_contribution,7009556a4706
0,1,150,133,0.7647058963775635,nan,3.002800226211548,3.0027999877929688,-2.384185791015625e-07,nan,1,True,42,512,crpa_contribution,7009556a4706
0,6,44,28,0.761904776096344,nan,3.002800226211548,3.0027999877929688,-2.384185791015625e-07,nan,1,True,42,512,crpa_contribution,7009556a4706
0,1,87,39,0.75,nan,3.002800226211548,3.002800464630127,2.384185791015625e-07,nan,1,True,42,512,crpa_contribution,7009556a4706
0,6,13,10,0.75,nan,3.002800226211548,3.002800226211548,0.0,nan,1,True,42,512,crpa_contribution,7009556a4706
0,6,210,160,0.75,nan,3.002800226211548,3.002800226211548,0.0,nan,1,True,42,512,crpa_contribution,7009556a4706
0,1,202,191,0.7446808218955994,nan,3.002800226211548,3.002800226211548,0.0,nan,1,True,42,512,crpa_contribution,7009556a4706
0,6,53,35,0.7241379022598267,nan,3.002800226211548,3.0027999877929688,-2.384185791015625e-07,nan,1,True,42,512,crpa_contribution,7009556a4706
0,6,112,88,0.7142857313156128,nan,3.002800226211548,3.0027999877929688,-2.384185791015625e-07,nan,1,True,42,512,crpa_contribution,7009556a4706
0,1,113,5,0.7076923251152039,nan,3.002800226211548,3.0027999877929688,-2.384185791015625e-07,nan,1,True,42,512,crpa_contribution,7009556a4706
0,1,178,151,0.7058823704719543,nan,3.002800226211548,3.002800226211548,0.0,nan,1,True,42,512,crpa_contribution,7009556a4706
0,1,33,26,0.7058823704719543,nan,3.002800226211548,3.002800464630127,2.384185791015625e-07,nan,1,True,42,512,crpa_contribution,7009556a4706
0,1,73,30,0.7021276354789734,nan,3.002800226211548,3.0027997493743896,-4.76837158203125e-07,nan,1,True,42,512,crpa_contribution,7009556a4706
0,1,74,11,0.7021276354789734,nan,3.002800226211548,3.002800464630127,2.384185791015625e-07,nan,1,True,42,512,crpa_contribution,7009556a4706
0,6,17,12,0.699999988079071,nan,3.002800226211548,3.002800226211548,0.0,nan,1,True,42,512,crpa_contribution,7009556a4706
0,1,119,112,0.6933333277702332,nan,3.002800226211548,3.0027999877929688,-2.384185791015625e-07,nan,1,True,42,512,crpa_contribution,7009556a4706
0,1,223,180,0.6896551847457886,nan,3.002800226211548,3.0027997493743896,-4.76837158203125e-07,nan,1,True,42,512,crpa_contribution,7009556a4706
0,6,96,43,0.6896551847457886,nan,3.002800226211548,3.0027997493743896,-4.76837158203125e-07,nan,1,True,42,512,crpa_contribution,7009556a4706
0,1,61,19,0.6875,nan,3.002800226211548,3.002800226211548,0.0,nan,1,True,42,512,crpa_contribution,7009556a4706
0,6,48,9,0.6875,nan,3.002800226211548,3.0027999877929688,-2.384185791015625e-07,nan,1,True,42,512,crpa_contribution,7009556a4706
0,6,32,1,0.6875,nan,3.002800226211548,3.0027999877929688,-2.384185791015625e-07,nan,1,True,42,512,crpa_contribution,7009556a4706
0,6,32,29,0.6875,nan,3.002800226211548,3.0027997493743896,-4.76837158203125e-07,nan,1,True,42,512,crpa_contribution,7009556a4706
0,6,124,9,0.6842105388641357,nan,3.002800226211548,3.0027999877929688,-2.384185791015625e-07,nan,1,True,42,512,crpa_contribution,7009556a4706
0,6,126,93,0.6842105388641357,nan,3.002800226211548,3.0027999877929688,-2.384185791015625e-07,nan,1,True,42,512,crpa_contribution,7009556a4706
0,6,124,44,0.6842105388641357,nan,3.002800226211548,3.0027997493743896,-4.76837158203125e-07,nan,1,True,42,512,crpa_contribution,7009556a4706
0,1,159,144,0.6818181872367859,nan,3.002800226211548,3.002800464630127,2.384185791015625e-07,nan,1,True,42,512,crpa_contribution,7009556a4706
0,6,103,95,0.6811594367027283,nan,3.002800226211548,3.0027997493743896,-4.76837158203125e-07,nan,1,True,42,512,crpa_contribution,7009556a4706
0,1,77,20,0.6808510422706604,nan,3.002800226211548,3.0027999877929688,-2.384185791015625e-07,nan,1,True,42,512,crpa_contribution,7009556a4706
0,1,38,11,0.6800000071525574,nan,3.002800226211548,3.002800464630127,2.384185791015625e-07,nan,1,True,42,512,crpa_contribution,7009556a4706
0,6,61,16,0.6764705777168274,nan,3.002800226211548,3.0027999877929688,-2.384185791015625e-07,nan,1,True,42,512,crpa_contribution,7009556a4706
0,1,185,172,0.6756756901741028,nan,3.002800226211548,3.002800226211548,0.0,nan,1,True,42,512,crpa_contribution,7009556a4706
0,1,67,39,0.675000011920929,nan,3.002800226211548,3.0027999877929688,-2.384185791015625e-07,nan,1,True,42,512,crpa_contribution,7009556a4706
0,1,97,17,0.6724137663841248,nan,3.002800226211548,3.002800226211548,0.0,nan,1,True,42,512,crpa_contribution,7009556a4706
0,1,127,17,0.6708860993385315,nan,3.002800226211548,3.0027999877929688,-2.384185791015625e-07,nan,1,True,42,512,crpa_contribution,7009556a4706
0,1,478,434,0.6666666865348816,nan,3.002800226211548,3.0027999877929688,-2.384185791015625e-07,nan,1,True,42,512,crpa_contribution,7009556a4706
0,6,2,1,0.6666666865348816,nan,3.002800226211548,3.0028021335601807,1.9073486328125e-06,nan,1,True,42,512,crpa_contribution,7009556a4706
0,6,399,102,0.6666666865348816,nan,3.002800226211548,3.002829074859619,2.8848648071289062e-05,nan,1,True,42,512,crpa_contribution,7009556a4706
0,6,501,418,0.6666666865348816,nan,3.002800226211548,3.002800703048706,4.76837158203125e-07,nan,1,True,42,512,crpa_contribution,7009556a4706
0,6,178,141,0.6571428775787354,nan,3.002800226211548,3.002800226211548,0.0,nan,1,True,42,512,crpa_contribution,7009556a4706
0,6,426,404,0.65625,nan,3.002800226211548,3.0027997493743896,-4.76837158203125e-07,nan,1,True,42,512,crpa_contribution,7009556a4706
0,6,106,58,0.6527777910232544,nan,3.002800226211548,3.002800226211548,0.0,nan,1,True,42,512,crpa_contribution,7009556a4706
0,6,192,153,0.6521739363670349,nan,3.002800226211548,3.002800226211548,0.0,nan,1,True,42,512,crpa_contribution,7009556a4706
1,0,20,0,1.0,nan,3.002800226211548,3.002800226211548,0.0,nan,1,True,42,512,crpa_contribution,7009556a4706
1,0,335,285,1.0,nan,3.002800226211548,3.002800226211548,0.0,nan,1,True,42,512,crpa_contribution,7009556a4706
1,0,350,285,1.0,nan,3.002800226211548,3.002800226211548,0.0,nan,1,True,42,512,crpa_contribution,7009556a4706
1,0,352,320,1.0,nan,3.002800226211548,3.0027999877929688,-2.384185791015625e-07,nan,1,True,42,512,crpa_contribution,7009556a4706
1,1,21,4,1.0,nan,3.002800226211548,3.002800226211548,0.0,nan,1,True,42,512,crpa_contribution,7009556a4706
1,1,14,13,1.0,nan,3.002800226211548,3.0027999877929688,-2.384185791015625e-07,nan,1,True,42,512,crpa_contribution,7009556a4706
1,1,14,1,1.0,nan,3.002800226211548,3.002800226211548,0.0,nan,1,True,42,512,crpa_contribution,7009556a4706
1,1,16,13,1.0,nan,3.002800226211548,3.0027999877929688,-2.384185791015625e-07,nan,1,True,42,512,crpa_contribution,7009556a4706
1,1,14,0,1.0,nan,3.002800226211548,3.002800226211548,0.0,nan,1,True,42,512,crpa_contribution,7009556a4706
1,1,337,291,1.0,nan,3.002800226211548,3.0027999877929688,-2.384185791015625e-07,nan,1,True,42,512,crpa_contribution,7009556a4706
1,1,3,0,1.0,nan,3.002800226211548,3.0027990341186523,-1.1920928955078125e-06,nan,1,True,42,512,crpa_contribution,7009556a4706
1,1,44,42,1.0,nan,3.002800226211548,3.002800226211548,0.0,nan,1,True,42,512,crpa_contribution,7009556a4706
1,1,16,4,1.0,nan,3.002800226211548,3.002800226211548,0.0,nan,1,True,42,512,crpa_contribution,7009556a4706
1,1,2,0,1.0,nan,3.002800226211548,3.002800464630127,2.384185791015625e-07,nan,1,True,42,512,crpa_contribution,7009556a4706
1,2,2,0,1.0,nan,3.002800226211548,3.002800226211548,0.0,nan,1,True,42,512,crpa_contribution,7009556a4706
1,2,6,2,1.0,nan,3.002800226211548,3.002800226211548,0.0,nan,1,True,42,512,crpa_contribution,7009556a4706
1,2,8,1,1.0,nan,3.002800226211548,3.002800226211548,0.0,nan,1,True,42,512,crpa_contribution,7009556a4706
1,2,10,1,1.0,nan,3.002800226211548,3.0027999877929688,-2.384185791015625e-07,nan,1,True,42,512,crpa_contribution,7009556a4706
1,2,9,5,1.0,nan,3.002800226211548,3.002800226211548,0.0,nan,1,True,42,512,crpa_contribution,7009556a4706
1,3,4,0,1.0,nan,3.002800226211548,3.002800464630127,2.384185791015625e-07,nan,1,True,42,512,crpa_contribution,7009556a4706
1,3,358,306,1.0,nan,3.002800226211548,3.002800464630127,2.384185791015625e-07,nan,1,True,42,512,crpa_contribution,7009556a4706
1,3,9,0,1.0,nan,3.002800226211548,3.002800226211548,0.0,nan,1,True,42,512,crpa_contribution,7009556a4706
1,3,358,304,1.0,nan,3.002800226211548,3.002800226211548,0.0,nan,1,True,42,512,crpa_contribution,7009556a4706
1,3,7,2,1.0,nan,3.002800226211548,3.002800226211548,0.0,nan,1,True,42,512,crpa_contribution,7009556a4706
1,3,353,341,1.0,nan,3.002800226211548,3.002800464630127,2.384185791015625e-07,nan,1,True,42,512,crpa_contribution,7009556a4706
1,3,421,306,1.0,nan,3.002800226211548,3.002800226211548,0.0,nan,1,True,42,512,crpa_contribution,7009556a4706
1,3,350,340,1.0,nan,3.002800226211548,3.002800226211548,0.0,nan,1,True,42,512,crpa_contribution,7009556a4706
1,4,11,2,1.0,nan,3.002800226211548,3.0027999877929688,-2.384185791015625e-07,nan,1,True,42,512,crpa_contribution,7009556a4706
1,4,6,1,1.0,nan,3.002800226211548,3.002800464630127,2.384185791015625e-07,nan,1,True,42,512,crpa_contribution,7009556a4706
1,4,10,0,1.0,nan,3.002800226211548,3.0027999877929688,-2.384185791015625e-07,nan,1,True,42,512,crpa_contribution,7009556a4706
1,4,9,2,1.0,nan,3.002800226211548,3.002800226211548,0.0,nan,1,True,42,512,crpa_contribution,7009556a4706
1,5,15,2,1.0,nan,3.002800226211548,3.0027999877929688,-2.384185791015625e-07,nan,1,True,42,512,crpa_contribution,7009556a4706
1,5,21,5,1.0,nan,3.002800226211548,3.002800226211548,0.0,nan,1,True,42,512,crpa_contribution,7009556a4706
1,5,12,0,1.0,nan,3.002800226211548,3.002800226211548,0.0,nan,1,True,42,512,crpa_contribution,7009556a4706
1,5,24,2,1.0,nan,3.002800226211548,3.002800226211548,0.0,nan,1,True,42,512,crpa_contribution,7009556a4706
1,6,6,0,1.0,nan,3.002800226211548,3.0027999877929688,-2.384185791015625e-07,nan,1,True,42,512,crpa_contribution,7009556a4706
1,6,5,3,1.0,nan,3.002800226211548,3.0027999877929688,-2.384185791015625e-07,nan,1,True,42,512,crpa_contribution,7009556a4706
1,7,19,5,1.0,nan,3.002800226211548,3.0027999877929688,-2.384185791015625e-07,nan,1,True,42,512,crpa_contribution,7009556a4706
1,7,8,1,1.0,nan,3.002800226211548,3.0027999877929688,-2.384185791015625e-07,nan,1,True,42,512,crpa_contribution,7009556a4706
1,7,13,1,1.0,nan,3.002800226211548,3.0027999877929688,-2.384185791015625e-07,nan,1,True,42,512,crpa_contribution,7009556a4706
1,7,8,2,1.0,nan,3.002800226211548,3.0027997493743896,-4.76837158203125e-07,nan,1,True,42,512,crpa_contribution,7009556a4706
1,7,5,2,1.0,nan,3.002800226211548,3.002800226211548,0.0,nan,1,True,42,512,crpa_contribution,7009556a4706
1,0,94,37,0.96875,nan,3.002800226211548,3.0027999877929688,-2.384185791015625e-07,nan,1,True,42,512,crpa_contribution,7009556a4706
1,0,94,20,0.96875,nan,3.002800226211548,3.0027999877929688,-2.384185791015625e-07,nan,1,True,42,512,crpa_contribution,7009556a4706
1,5,78,3,0.9599999785423279,nan,3.002800226211548,3.0027999877929688,-2.384185791015625e-07,nan,1,True,42,512,crpa_contribution,7009556a4706
1,5,81,27,0.95652174949646,nan,3.002800226211548,3.0027997493743896,-4.76837158203125e-07,nan,1,True,42,512,crpa_contribution,7009556a4706
1,6,154,141,0.9411764740943909,nan,3.002800226211548,3.0027999877929688,-2.384185791015625e-07,nan,1,True,42,512,crpa_contribution,7009556a4706
1,6,154,131,0.9411764740943909,nan,3.002800226211548,3.002800226211548,0.0,nan,1,True,42,512,crpa_contribution,7009556a4706
1,3,75,1,0.9354838728904724,nan,3.002800226211548,3.0027995109558105,-7.152557373046875e-07,nan,1,True,42,512,crpa_contribution,7009556a4706
1,5,51,42,0.9333333373069763,nan,3.002800226211548,3.002800226211548,0.0,nan,1,True,42,512,crpa_contribution,7009556a4706
1,5,62,0,0.9333333373069763,nan,3.002800226211548,3.0027999877929688,-2.384185791015625e-07,nan,1,True,42,512,crpa_contribution,7009556a4706
1,0,75,26,0.931034505367279,nan,3.002800226211548,3.002800226211548,0.0,nan,1,True,42,512,crpa_contribution,7009556a4706
1,5,48,9,0.9285714030265808,nan,3.002800226211548,3.002800464630127,2.384185791015625e-07,nan,1,True,42,512,crpa_contribution,7009556a4706
1,5,48,4,0.9285714030265808,nan,3.002800226211548,3.002800464630127,2.384185791015625e-07,nan,1,True,42,512,crpa_contribution,7009556a4706
1,7,52,19,0.9285714030265808,nan,3.002800226211548,3.002800226211548,0.0,nan,1,True,42,512,crpa_contribution,7009556a4706
1,1,113,74,0.9268292784690857,nan,3.002800226211548,3.002800226211548,0.0,nan,1,True,42,512,crpa_contribution,7009556a4706
1,2,88,68,0.9210526347160339,nan,3.002800226211548,3.002800464630127,2.384185791015625e-07,nan,1,True,42,512,crpa_contribution,7009556a4706
1,2,88,8,0.9210526347160339,nan,3.002800226211548,3.0027999877929688,-2.384185791015625e-07,nan,1,True,42,512,crpa_contribution,7009556a4706
1,2,88,6,0.9210526347160339,nan,3.002800226211548,3.002800226211548,0.0,nan,1,True,42,512,crpa_contribution,7009556a4706
1,3,28,9,0.9166666865348816,nan,3.002800226211548,3.0027999877929688,-2.384185791015625e-07,nan,1,True,42,512,crpa_contribution,7009556a4706
1,0,47,11,0.9090909361839294,nan,3.002800226211548,3.0027999877929688,-2.384185791015625e-07,nan,1,True,42,512,crpa_contribution,7009556a4706
1,5,46,3,0.9090909361839294,nan,3.002800226211548,3.002800226211548,0.0,nan,1,True,42,512,crpa_contribution,7009556a4706
1,1,108,7,0.9032257795333862,nan,3.002800226211548,3.0027999877929688,-2.384185791015625e-07,nan,1,True,42,512,crpa_contribution,7009556a4706
1,1,108,42,0.9032257795333862,nan,3.002800226211548,3.0027999877929688,-2.384185791015625e-07,nan,1,True,42,512,crpa_contribution,7009556a4706
1,0,328,324,0.8999999761581421,nan,3.002800226211548,3.002800464630127,2.384185791015625e-07,nan,1,True,42,512,crpa_contribution,7009556a4706
1,0,328,306,0.8999999761581421,nan,3.002800226211548,3.0027999877929688,-2.384185791015625e-07,nan,1,True,42,512,crpa_contribution,7009556a4706
1,1,331,320,0.8999999761581421,nan,3.002800226211548,3.002800464630127,2.384185791015625e-07,nan,1,True,42,512,crpa_contribution,7009556a4706
1,1,326,306,0.8999999761581421,nan,3.002800226211548,3.002800464630127,2.384185791015625e-07,nan,1,True,42,512,crpa_contribution,7009556a4706
1,1,339,298,0.8999999761581421,nan,3.002800226211548,3.002800464630127,2.384185791015625e-07,nan,1,True,42,512,crpa_contribution,7009556a4706
1,6,27,7,0.8999999761581421,nan,3.002800226211548,3.0027999877929688,-2.384185791015625e-07,nan,1,True,42,512,crpa_contribution,7009556a4706
1,6,27,19,0.8999999761581421,nan,3.002800226211548,3.002800226211548,0.0,nan,1,True,42,512,crpa_contribution,7009556a4706
1,7,81,11,0.8974359035491943,nan,3.002800226211548,3.0027999877929688,-2.384185791015625e-07,nan,1,True,42,512,crpa_contribution,7009556a4706
1,7,81,12,0.8974359035491943,nan,3.002800226211548,3.002800226211548,0.0,nan,1,True,42,512,crpa_contribution,7009556a4706
1,7,81,34,0.8974359035491943,nan,3.002800226211548,3.002800226211548,0.0,nan,1,True,42,512,crpa_contribution,7009556a4706
1,7,106,17,0.8947368264198303,nan,3.002800226211548,3.0027999877929688,-2.384185791015625e-07,nan,1,True,42,512,crpa_contribution,7009556a4706
1,0,89,27,0.8918918967247009,nan,3.002800226211548,3.0027997493743896,-4.76837158203125e-07,nan,1,True,42,512,crpa_contribution,7009556a4706
1,7,107,2,0.8909090757369995,nan,3.002800226211548,3.002800464630127,2.384185791015625e-07,nan,1,True,42,512,crpa_contribution,7009556a4706
1,0,358,300,0.8888888955116272,nan,3.002800226211548,3.0027999877929688,-2.384185791015625e-07,nan,1,True,42,512,crpa_contribution,7009556a4706
1,1,33,13,0.8888888955116272,nan,3.002800226211548,3.0027997493743896,-4.76837158203125e-07,nan,1,True,42,512,crpa_contribution,7009556a4706
1,1,102,93,0.8888888955116272,nan,3.002800226211548,3.002800464630127,2.384185791015625e-07,nan,1,True,42,512,crpa_contribution,7009556a4706
1,1,328,291,0.8888888955116272,nan,3.002800226211548,3.002800226211548,0.0,nan,1,True,42,512,crpa_contribution,7009556a4706
1,1,348,306,0.8888888955116272,nan,3.002800226211548,3.002800226211548,0.0,nan,1,True,42,512,crpa_contribution,7009556a4706
1,1,328,320,0.8888888955116272,nan,3.002800226211548,3.002800226211548,0.0,nan,1,True,42,512,crpa_contribution,7009556a4706
1,2,38,15,0.8888888955116272,nan,3.002800226211548,3.0027999877929688,-2.384185791015625e-07,nan,1,True,42,512,crpa_contribution,7009556a4706
1,4,16,3,0.8888888955116272,nan,3.002800226211548,3.002800226211548,0.0,nan,1,True,42,512,crpa_contribution,7009556a4706
1,4,71,27,0.8888888955116272,nan,3.002800226211548,3.002800226211548,0.0,nan,1,True,42,512,crpa_contribution,7009556a4706
1,5,86,72,0.8888888955116272,nan,3.002800226211548,3.002800226211548,0.0,nan,1,True,42,512,crpa_contribution,7009556a4706
1,6,14,4,0.8888888955116272,nan,3.002800226211548,3.0027999877929688,-2.384185791015625e-07,nan,1,True,42,512,crpa_contribution,7009556a4706
1,7,39,27,0.8888888955116272,nan,3.002800226211548,3.002800226211548,0.0,nan,1,True,42,512,crpa_contribution,7009556a4706
1,2,94,0,0.8857142925262451,nan,3.002800226211548,3.0027999877929688,-2.384185791015625e-07,nan,1,True,42,512,crpa_contribution,7009556a4706
1,3,94,62,0.8857142925262451,nan,3.002800226211548,3.002800226211548,0.0,nan,1,True,42,512,crpa_contribution,7009556a4706
1,5,93,47,0.8846153616905212,nan,3.002800226211548,3.002800226211548,0.0,nan,1,True,42,512,crpa_contribution,7009556a4706
1,5,96,23,0.8846153616905212,nan,3.002800226211548,3.002800226211548,0.0,nan,1,True,42,512,crpa_contribution,7009556a4706
1,1,75,6,0.8823529481887817,nan,3.002800226211548,3.002800226211548,0.0,nan,1,True,42,512,crpa_contribution,7009556a4706
1,1,75,60,0.8823529481887817,nan,3.002800226211548,3.0027999877929688,-2.384185791015625e-07,nan,1,True,42,512,crpa_contribution,7009556a4706
1,5,84,14,0.8823529481887817,nan,3.002800226211548,3.002800464630127,2.384185791015625e-07,nan,1,True,42,512,crpa_contribution,7009556a4706
1,7,109,60,0.8793103694915771,nan,3.002800226211548,3.002800226211548,0.0,nan,1,True,42,512,crpa_contribution,7009556a4706
1,5,95,9,0.8787878751754761,nan,3.002800226211548,3.002800226211548,0.0,nan,1,True,42,512,crpa_contribution,7009556a4706
1,1,63,56,0.875,nan,3.002800226211548,3.002800226211548,0.0,nan,1,True,42,512,crpa_contribution,7009556a4706
1,3,346,304,0.875,nan,3.002800226211548,3.0027999877929688,-2.384185791015625e-07,nan,1,True,42,512,crpa_contribution,7009556a4706
1,3,371,300,0.875,nan,3.002800226211548,3.002800226211548,0.0,nan,1,True,42,512,crpa_contribution,7009556a4706
1,3,378,341,0.875,nan,3.002800226211548,3.002800464630127,2.384185791015625e-07,nan,1,True,42,512,crpa_contribution,7009556a4706
1,3,378,375,0.875,nan,3.002800226211548,3.002800226211548,0.0,nan,1,True,42,512,crpa_contribution,7009556a4706
1,4,67,15,0.875,nan,3.002800226211548,3.002800464630127,2.384185791015625e-07,nan,1,True,42,512,crpa_contribution,7009556a4706
1,4,66,16,0.875,nan,3.002800226211548,3.0027999877929688,-2.384185791015625e-07,nan,1,True,42,512,crpa_contribution,7009556a4706
1,4,21,4,0.875,nan,3.002800226211548,3.002800226211548,0.0,nan,1,True,42,512,crpa_contribution,7009556a4706
1,5,71,42,0.875,nan,3.002800226211548,3.0027999877929688,-2.384185791015625e-07,nan,1,True,42,512,crpa_contribution,7009556a4706
1,5,32,1,0.875,nan,3.002800226211548,3.002800226211548,0.0,nan,1,True,42,512,crpa_contribution,7009556a4706
1,5,72,11,0.875,nan,3.002800226211548,3.0027999877929688,-2.384185791015625e-07,nan,1,True,42,512,crpa_contribution,7009556a4706
1,5,72,35,0.875,nan,3.002800226211548,3.002800226211548,0.0,nan,1,True,42,512,crpa_contribution,7009556a4706
1,5,41,0,0.875,nan,3.002800226211548,3.002800464630127,2.384185791015625e-07,nan,1,True,42,512,crpa_contribution,7009556a4706
1,5,104,29,0.875,nan,3.002800226211548,3.0027999877929688,-2.384185791015625e-07,nan,1,True,42,512,crpa_contribution,7009556a4706
1,0,65,16,0.8709677457809448,nan,3.002800226211548,3.002800226211548,0.0,nan,1,True,42,512,crpa_contribution,7009556a4706
1,7,74,63,0.8684210777282715,nan,3.002800226211548,3.002800226211548,0.0,nan,1,True,42,512,crpa_contribution,7009556a4706
1,7,74,30,0.8684210777282715,nan,3.002800226211548,3.002800226211548,0.0,nan,1,True,42,512,crpa_contribution,7009556a4706
1,7,74,2,0.8684210777282715,nan,3.002800226211548,3.002800226211548,0.0,nan,1,True,42,512,crpa_contribution,7009556a4706
1,7,73,1,0.8684210777282715,nan,3.002800226211548,3.002800226211548,0.0,nan,1,True,42,512,crpa_contribution,7009556a4706
1,7,73,23,0.8684210777282715,nan,3.002800226211548,3.0027999877929688,-2.384185791015625e-07,nan,1,True,42,512,crpa_contribution,7009556a4706
1,7,73,72,0.8684210777282715,nan,3.002800226211548,3.002800226211548,0.0,nan,1,True,42,512,crpa_contribution,7009556a4706
1,5,63,15,0.8666666746139526,nan,3.002800226211548,3.0027999877929688,-2.384185791015625e-07,nan,1,True,42,512,crpa_contribution,7009556a4706
1,5,69,26,0.8666666746139526,nan,3.002800226211548,3.002800226211548,0.0,nan,1,True,42,512,crpa_contribution,7009556a4706
1,6,33,3,0.8666666746139526,nan,3.002800226211548,3.002800226211548,0.0,nan,1,True,42,512,crpa_contribution,7009556a4706
1,6,227,203,0.8666666746139526,nan,3.002800226211548,3.0027999877929688,-2.384185791015625e-07,nan,1,True,42,512,crpa_contribution,7009556a4706
1,2,75,32,0.8648648858070374,nan,3.002800226211548,3.0027999877929688,-2.384185791015625e-07,nan,1,True,42,512,crpa_contribution,7009556a4706
1,6,93,90,0.8648648858070374,nan,3.002800226211548,3.002800226211548,0.0,nan,1,True,42,512,crpa_contribution,7009556a4706
1,7,43,9,0.8636363744735718,nan,3.002800226211548,3.0027999877929688,-2.384185791015625e-07,nan,1,True,42,512,crpa_contribution,7009556a4706
1,7,43,26,0.8636363744735718,nan,3.002800226211548,3.002800226211548,0.0,nan,1,True,42,512,crpa_contribution,7009556a4706
1,2,69,20,0.8611111044883728,nan,3.002800226211548,3.002800226211548,0.0,nan,1,True,42,512,crpa_contribution,7009556a4706
1,7,254,221,0.8611111044883728,nan,3.002800226211548,3.002800226211548,0.0,nan,1,True,42,512,crpa_contribution,7009556a4706
1,0,49,2,0.8571428656578064,nan,3.002800226211548,3.002800464630127,2.384185791015625e-07,nan,1,True,42,512,crpa_contribution,7009556a4706
1,3,38,35,0.8571428656578064,nan,3.002800226211548,3.0027999877929688,-2.384185791015625e-07,nan,1,True,42,512,crpa_contribution,7009556a4706
1,3,349,326,0.8571428656578064,nan,3.002800226211548,3.002800226211548,0.0,nan,1,True,42,512,crpa_contribution,7009556a4706
1,3,370,362,0.8571428656578064,nan,3.002800226211548,3.002800226211548,0.0,nan,1,True,42,512,crpa_contribution,7009556a4706
1,3,49,17,0.8571428656578064,nan,3.002800226211548,3.002800226211548,0.0,nan,1,True,42,512,crpa_contribution,7009556a4706
1,6,30,26,0.8571428656578064,nan,3.002800226211548,3.0027999877929688,-2.384185791015625e-07,nan,1,True,42,512,crpa_contribution,7009556a4706
1,6,58,50,0.8571428656578064,nan,3.002800226211548,3.002800464630127,2.384185791015625e-07,nan,1,True,42,512,crpa_contribution,7009556a4706
1,6,29,4,0.8571428656578064,nan,3.002800226211548,3.0027999877929688,-2.384185791015625e-07,nan,1,True,42,512,crpa_contribution,7009556a4706
1,2,60,37,0.8529411554336548,nan,3.002800226211548,3.002800226211548,0.0,nan,1,True,42,512,crpa_contribution,7009556a4706
1,4,99,35,0.8529411554336548,nan,3.002800226211548,3.0027999877929688,-2.384185791015625e-07,nan,1,True,42,512,crpa_contribution,7009556a4706
1,2,122,96,0.8524590134620667,nan,3.002800226211548,3.002800226211548,0.0,nan,1,True,42,512,crpa_contribution,7009556a4706
1,4,52,5,0.8518518805503845,nan,3.002800226211548,3.002800464630127,2.384185791015625e-07,nan,1,True,42,512,crpa_contribution,7009556a4706
1,6,246,180,0.8518518805503845,nan,3.002800226211548,3.002800226211548,0.0,nan,1,True,42,512,crpa_contribution,7009556a4706
1,2,77,4,0.8500000238418579,nan,3.002800226211548,3.002800226211548,0.0,nan,1,True,42,512,crpa_contribution,7009556a4706
1,2,77,52,0.8500000238418579,nan,3.002800226211548,3.0027999877929688,-2.384185791015625e-07,nan,1,True,42,512,crpa_contribution,7009556a4706
1,6,40,2,0.8500000238418579,nan,3.002800226211548,3.0027999877929688,-2.384185791015625e-07,nan,1,True,42,512,crpa_contribution,7009556a4706
1,7,36,3,0.8500000238418579,nan,3.002800226211548,3.002800226211548,0.0,nan,1,True,42,512,crpa_contribution,7009556a4706
1,2,53,9,0.8461538553237915,nan,3.002800226211548,3.0027999877929688,-2.384185791015625e-07,nan,1,True,42,512,crpa_contribution,7009556a4706
1,3,53,2,0.8461538553237915,nan,3.002800226211548,3.002800226211548,0.0,nan,1,True,42,512,crpa_contribution,7009556a4706
1,6,327,326,0.8461538553237915,nan,3.002800226211548,3.0027999877929688,-2.384185791015625e-07,nan,1,True,42,512,crpa_contribution,7009556a4706
1,7,75,17,0.8461538553237915,nan,3.002800226211548,3.002800464630127,2.384185791015625e-07,nan,1,True,42,512,crpa_contribution,7009556a4706
1,6,185,162,0.84375,nan,3.002800226211548,3.002800464630127,2.384185791015625e-07,nan,1,True,42,512,crpa_contribution,7009556a4706
1,0,112,57,0.843137264251709,nan,3.002800226211548,3.002800226211548,0.0,nan,1,True,42,512,crpa_contribution,7009556a4706
1,0,107,88,0.843137264251709,nan,3.002800226211548,3.002800464630127,2.384185791015625e-07,nan,1,True,42,512,crpa_contribution,7009556a4706
1,4,84,19,0.8372092843055725,nan,3.002800226211548,3.0027999877929688,-2.384185791015625e-07,nan,1,True,42,512,crpa_contribution,7009556a4706
1,4,83,58,0.8372092843055725,nan,3.002800226211548,3.002800226211548,0.0,nan,1,True,42,512,crpa_contribution,7009556a4706
1,4,84,62,0.8372092843055725,nan,3.002800226211548,3.0027999877929688,-2.384185791015625e-07,nan,1,True,42,512,crpa_contribution,7009556a4706
1,0,82,5,0.8333333134651184,nan,3.002800226211548,3.0027999877929688,-2.384185791015625e-07,nan,1,True,42,512,crpa_contribution,7009556a4706
1,0,69,55,0.8333333134651184,nan,3.002800226211548,3.0027999877929688,-2.384185791015625e-07,nan,1,True,42,512,crpa_contribution,7009556a4706
1,2,101,11,0.8333333134651184,nan,3.002800226211548,3.0027999877929688,-2.384185791015625e-07,nan,1,True,42,512,crpa_contribution,7009556a4706
1,3,81,17,0.8333333134651184,nan,3.002800226211548,3.002800226211548,0.0,nan,1,True,42,512,crpa_contribution,7009556a4706
1,3,32,1,0.8333333134651184,nan,3.002800226211548,3.0027999877929688,-2.384185791015625e-07,nan,1,True,42,512,crpa_contribution,7009556a4706
1,3,430,410,0.8333333134651184,nan,3.002800226211548,3.0027999877929688,-2.384185791015625e-07,nan,1,True,42,512,crpa_contribution,7009556a4706
1,3,81,58,0.8333333134651184,nan,3.002800226211548,3.002800464630127,2.384185791015625e-07,nan,1,True,42,512,crpa_contribution,7009556a4706
1,4,92,43,0.8333333134651184,nan,3.002800226211548,3.002800226211548,0.0,nan,1,True,42,512,crpa_contribution,7009556a4706
1,4,92,75,0.8333333134651184,nan,3.002800226211548,3.0027999877929688,-2.384185791015625e-07,nan,1,True,42,512,crpa_contribution,7009556a4706
1,6,388,306,0.8333333134651184,nan,3.002800226211548,3.002800464630127,2.384185791015625e-07,nan,1,True,42,512,crpa_contribution,7009556a4706
1,6,72,4,0.8333333134651184,nan,3.002800226211548,3.0027999877929688,-2.384185791015625e-07,nan,1,True,42,512,crpa_contribution,7009556a4706
1,6,321,268,0.8333333134651184,nan,3.002800226211548,3.002800226211548,0.0,nan,1,True,42,512,crpa_contribution,7009556a4706
1,2,57,22,0.8285714387893677,nan,3.002800226211548,3.0027999877929688,-2.384185791015625e-07,nan,1,True,42,512,crpa_contribution,7009556a4706
1,6,48,42,0.8260869383811951,nan,3.002800226211548,3.002800226211548,0.0,nan,1,True,42,512,crpa_contribution,7009556a4706
1,0,125,52,0.8253968358039856,nan,3.002800226211548,3.002800226211548,0.0,nan,1,True,42,512,crpa_contribution,7009556a4706
1,0,86,41,0.824999988079071,nan,3.002800226211548,3.002800226211548,0.0,nan,1,True,42,512,crpa_contribution,7009556a4706
1,2,34,0,0.8235294222831726,nan,3.002800226211548,3.002800226211548,0.0,nan,1,True,42,512,crpa_contribution,7009556a4706
1,6,38,7,0.8235294222831726,nan,3.002800226211548,3.0027999877929688,-2.384185791015625e-07,nan,1,True,42,512,crpa_contribution,7009556a4706
1,6,38,13,0.8235294222831726,nan,3.002800226211548,3.0027997493743896,-4.76837158203125e-07,nan,1,True,42,512,crpa_contribution,7009556a4706
1,4,87,9,0.8205128312110901,nan,3.002800226211548,3.0027999877929688,-2.384185791015625e-07,nan,1,True,42,512,crpa_contribution,7009556a4706
1,6,244,137,0.8199999928474426,nan,3.002800226211548,3.002800464630127,2.384185791015625e-07,nan,1,True,42,512,crpa_contribution,7009556a4706
1,4,24,23,0.8181818127632141,nan,3.002800226211548,3.002800226211548,0.0,nan,1,True,42,512,crpa_contribution,7009556a4706
1,2,96,32,0.8163265585899353,nan,3.002800226211548,3.002800226211548,0.0,nan,1,True,42,512,crpa_contribution,7009556a4706
1,0,41,6,0.8095238208770752,nan,3.002800226211548,3.0027999877929688,-2.384185791015625e-07,nan,1,True,42,512,crpa_contribution,7009556a4706
1,2,83,43,0.8095238208770752,nan,3.002800226211548,3.002800226211548,0.0,nan,1,True,42,512,crpa_contribution,7009556a4706
1,2,97,19,0.8095238208770752,nan,3.002800226211548,3.0027999877929688,-2.384185791015625e-07,nan,1,True,42,512,crpa_contribution,7009556a4706
1,4,255,141,0.8082191944122314,nan,3.002800226211548,3.002800226211548,0.0,nan,1,True,42,512,crpa_contribution,7009556a4706
1,4,255,244,0.8082191944122314,nan,3.002800226211548,3.0027999877929688,-2.384185791015625e-07,nan,1,True,42,512,crpa_contribution,7009556a4706
1,2,58,34,0.807692289352417,nan,3.002800226211548,3.002800226211548,0.0,nan,1,True,42,512,crpa_contribution,7009556a4706
1,4,104,11,0.8070175647735596,nan,3.002800226211548,3.002800226211548,0.0,nan,1,True,42,512,crpa_contribution,7009556a4706
1,4,246,199,0.8059701323509216,nan,3.002800226211548,3.0027999877929688,-2.384185791015625e-07,nan,1,True,42,512,crpa_contribution,7009556a4706
1,4,90,44,0.8048780560493469,nan,3.002800226211548,3.002800464630127,2.384185791015625e-07,nan,1,True,42,512,crpa_contribution,7009556a4706
1,0,58,0,0.800000011920929,nan,3.002800226211548,3.002800464630127,2.384185791015625e-07,nan,1,True,42,512,crpa_contribution,7009556a4706
1,0,78,34,0.800000011920929,nan,3.002800226211548,3.002800226211548,0.0,nan,1,True,42,512,crpa_contribution,7009556a4706
1,0,78,49,0.800000011920929,nan,3.002800226211548,3.002800226211548,0.0,nan,1,True,42,512,crpa_contribution,7009556a4706
1,4,358,347,0.7872340679168701,nan,3.002800226211548,3.002800226211548,0.0,nan,1,True,42,512,crpa_contribution,7009556a4706
2,0,7,5,1.0,nan,3.002800226211548,3.002800464630127,2.384185791015625e-07,nan,1,True,42,512,crpa_contribution,7009556a4706
2,0,4,0,1.0,nan,3.002800226211548,3.002800464630127,2.384185791015625e-07,nan,1,True,42,512,crpa_contribution,7009556a4706
2,0,10,5,1.0,nan,3.002800226211548,3.002800226211548,0.0,nan,1,True,42,512,crpa_contribution,7009556a4706
2,0,32,7,1.0,nan,3.002800226211548,3.002800464630127,2.384185791015625e-07,nan,1,True,42,512,crpa_contribution,7009556a4706
2,0,1,0,1.0,nan,3.002800226211548,3.002800464630127,2.384185791015625e-07,nan,1,True,42,512,crpa_contribution,7009556a4706
2,0,7,0,1.0,nan,3.002800226211548,3.0027999877929688,-2.384185791015625e-07,nan,1,True,42,512,crpa_contribution,7009556a4706
2,0,36,4,1.0,nan,3.002800226211548,3.002800226211548,0.0,nan,1,True,42,512,crpa_contribution,7009556a4706
2,1,18,13,1.0,nan,3.002800226211548,3.0027999877929688,-2.384185791015625e-07,nan,1,True,42,512,crpa_contribution,7009556a4706
2,1,453,399,1.0,nan,3.002800226211548,3.0027997493743896,-4.76837158203125e-07,nan,1,True,42,512,crpa_contribution,7009556a4706
2,1,62,11,1.0,nan,3.002800226211548,3.002800464630127,2.384185791015625e-07,nan,1,True,42,512,crpa_contribution,7009556a4706
2,1,65,5,1.0,nan,3.002800226211548,3.002800226211548,0.0,nan,1,True,42,512,crpa_contribution,7009556a4706
2,1,109,2,1.0,nan,3.002800226211548,3.002800226211548,0.0,nan,1,True,42,512,crpa_contribution,7009556a4706
2,1,192,148,1.0,nan,3.002800226211548,3.002800226211548,0.0,nan,1,True,42,512,crpa_contribution,7009556a4706
2,1,54,5,1.0,nan,3.002800226211548,3.002800226211548,0.0,nan,1,True,42,512,crpa_contribution,7009556a4706
2,1,5,2,1.0,nan,3.002800226211548,3.002800226211548,0.0,nan,1,True,42,512,crpa_contribution,7009556a4706
2,1,69,39,1.0,nan,3.002800226211548,3.002800226211548,0.0,nan,1,True,42,512,crpa_contribution,7009556a4706
2,1,54,7,1.0,nan,3.002800226211548,3.0027999877929688,-2.384185791015625e-07,nan,1,True,42,512,crpa_contribution,7009556a4706
2,1,442,391,1.0,nan,3.002800226211548,3.0027999877929688,-2.384185791015625e-07,nan,1,True,42,512,crpa_contribution,7009556a4706
2,1,73,2,1.0,nan,3.002800226211548,3.002800226211548,0.0,nan,1,True,42,512,crpa_contribution,7009556a4706
2,2,8,1,1.0,nan,3.002800226211548,3.002800226211548,0.0,nan,1,True,42,512,crpa_contribution,7009556a4706
2,2,15,1,1.0,nan,3.002800226211548,3.002800226211548,0.0,nan,1,True,42,512,crpa_contribution,7009556a4706
2,2,15,0,1.0,nan,3.002800226211548,3.002800464630127,2.384185791015625e-07,nan,1,True,42,512,crpa_contribution,7009556a4706
2,2,26,25,1.0,nan,3.002800226211548,3.002800226211548,0.0,nan,1,True,42,512,crpa_contribution,7009556a4706
2,2,77,23,1.0,nan,3.002800226211548,3.002800226211548,0.0,nan,1,True,42,512,crpa_contribution,7009556a4706
2,2,88,40,1.0,nan,3.002800226211548,3.002800226211548,0.0,nan,1,True,42,512,crpa_contribution,7009556a4706
2,2,92,43,1.0,nan,3.002800226211548,3.002800226211548,0.0,nan,1,True,42,512,crpa_contribution,7009556a4706
2,2,29,2,1.0,nan,3.002800226211548,3.0027999877929688,-2.384185791015625e-07,nan,1,True,42,512,crpa_contribution,7009556a4706
2,2,8,0,1.0,nan,3.002800226211548,3.002800226211548,0.0,nan,1,True,42,512,crpa_contribution,7009556a4706
2,2,33,3,1.0,nan,3.002800226211548,3.002800226211548,0.0,nan,1,True,42,512,crpa_contribution,7009556a4706
2,2,9,0,1.0,nan,3.002800226211548,3.0027999877929688,-2.384185791015625e-07,nan,1,True,42,512,crpa_contribution,7009556a4706
2,2,26,23,1.0,nan,3.002800226211548,3.002800226211548,0.0,nan,1,True,42,512,crpa_contribution,7009556a4706
2,2,87,27,1.0,nan,3.002800226211548,3.002800464630127,2.384185791015625e-07,nan,1,True,42,512,crpa_contribution,7009556a4706
2,3,13,2,1.0,nan,3.002800226211548,3.002800464630127,2.384185791015625e-07,nan,1,True,42,512,crpa_contribution,7009556a4706
2,4,467,423,1.0,nan,3.002800226211548,3.002800464630127,2.384185791015625e-07,nan,1,True,42,512,crpa_contribution,7009556a4706
2,4,354,326,1.0,nan,3.002800226211548,3.002800226211548,0.0,nan,1,True,42,512,crpa_contribution,7009556a4706
2,4,236,141,1.0,nan,3.002800226211548,3.002800226211548,0.0,nan,1,True,42,512,crpa_contribution,7009556a4706
2,4,290,282,1.0,nan,3.002800226211548,3.002800226211548,0.0,nan,1,True,42,512,crpa_contribution,7009556a4706
2,4,443,400,1.0,nan,3.002800226211548,3.0027997493743896,-4.76837158203125e-07,nan,1,True,42,512,crpa_contribution,7009556a4706
2,4,23,4,1.0,nan,3.002800226211548,3.002800226211548,0.0,nan,1,True,42,512,crpa_contribution,7009556a4706
2,4,365,285,1.0,nan,3.002800226211548,3.002800226211548,0.0,nan,1,True,42,512,crpa_contribution,7009556a4706
2,4,380,373,1.0,nan,3.002800226211548,3.002800464630127,2.384185791015625e-07,nan,1,True,42,512,crpa_contribution,7009556a4706
2,4,308,300,1.0,nan,3.002800226211548,3.002800226211548,0.0,nan,1,True,42,512,crpa_contribution,7009556a4706
2,4,138,128,1.0,nan,3.002800226211548,3.002800226211548,0.0,nan,1,True,42,512,crpa_contribution,7009556a4706
2,4,327,256,1.0,nan,3.002800226211548,3.002800226211548,0.0,nan,1,True,42,512,crpa_contribution,7009556a4706
2,4,191,166,1.0,nan,3.002800226211548,3.0027999877929688,-2.384185791015625e-07,nan,1,True,42,512,crpa_contribution,7009556a4706
2,4,90,33,1.0,nan,3.002800226211548,3.002800226211548,0.0,nan,1,True,42,512,crpa_contribution,7009556a4706
2,4,80,74,1.0,nan,3.002800226211548,3.002800226211548,0.0,nan,1,True,42,512,crpa_contribution,7009556a4706
2,4,87,13,1.0,nan,3.002800226211548,3.0027999877929688,-2.384185791015625e-07,nan,1,True,42,512,crpa_contribution,7009556a4706
2,4,443,306,1.0,nan,3.002800226211548,3.002800226211548,0.0,nan,1,True,42,512,crpa_contribution,7009556a4706
2,4,335,326,1.0,nan,3.002800226211548,3.002800226211548,0.0,nan,1,True,42,512,crpa_contribution,7009556a4706
2,4,52,13,1.0,nan,3.002800226211548,3.0027999877929688,-2.384185791015625e-07,nan,1,True,42,512,crpa_contribution,7009556a4706
2,4,477,306,1.0,nan,3.002800226211548,3.002800226211548,0.0,nan,1,True,42,512,crpa_contribution,7009556a4706
2,4,345,304,1.0,nan,3.002800226211548,3.002800226211548,0.0,nan,1,True,42,512,crpa_contribution,7009556a4706
2,4,419,391,1.0,nan,3.002800226211548,3.0027997493743896,-4.76837158203125e-07,nan,1,True,42,512,crpa_contribution,7009556a4706
2,4,64,45,1.0,nan,3.002800226211548,3.002800226211548,0.0,nan,1,True,42,512,crpa_contribution,7009556a4706
2,4,36,4,1.0,nan,3.002800226211548,3.002800226211548,0.0,nan,1,True,42,512,crpa_contribution,7009556a4706
2,4,17,13,1.0,nan,3.002800226211548,3.002800226211548,0.0,nan,1,True,42,512,crpa_contribution,7009556a4706
2,5,9,3,1.0,nan,3.002800226211548,3.002800226211548,0.0,nan,1,True,42,512,crpa_contribution,7009556a4706
2,5,404,398,1.0,nan,3.002800226211548,3.002800226211548,0.0,nan,1,True,42,512,crpa_contribution,7009556a4706
2,5,214,150,1.0,nan,3.002800226211548,3.002800226211548,0.0,nan,1,True,42,512,crpa_contribution,7009556a4706
2,5,217,180,1.0,nan,3.002800226211548,3.002800226211548,0.0,nan,1,True,42,512,crpa_contribution,7009556a4706
2,5,404,387,1.0,nan,3.002800226211548,3.0027999877929688,-2.384185791015625e-07,nan,1,True,42,512,crpa_contribution,7009556a4706
2,5,67,42,1.0,nan,3.002800226211548,3.0027999877929688,-2.384185791015625e-07,nan,1,True,42,512,crpa_contribution,7009556a4706
2,6,4,1,1.0,nan,3.002800226211548,3.002800226211548,0.0,nan,1,True,42,512,crpa_contribution,7009556a4706
2,6,3,0,1.0,nan,3.002800226211548,3.002798557281494,-1.6689300537109375e-06,nan,1,True,42,512,crpa_contribution,7009556a4706
2,6,12,2,1.0,nan,3.002800226211548,3.002800226211548,0.0,nan,1,True,42,512,crpa_contribution,7009556a4706
2,6,9,1,1.0,nan,3.002800226211548,3.0027999877929688,-2.384185791015625e-07,nan,1,True,42,512,crpa_contribution,7009556a4706
2,6,7,5,1.0,nan,3.002800226211548,3.002800226211548,0.0,nan,1,True,42,512,crpa_contribution,7009556a4706
2,1,126,42,0.9736841917037964,nan,3.002800226211548,3.002800226211548,0.0,nan,1,True,42,512,crpa_contribution,7009556a4706
2,1,126,58,0.9736841917037964,nan,3.002800226211548,3.002800226211548,0.0,nan,1,True,42,512,crpa_contribution,7009556a4706
2,1,100,82,0.96875,nan,3.002800226211548,3.002800226211548,0.0,nan,1,True,42,512,crpa_contribution,7009556a4706
2,2,79,69,0.9677419066429138,nan,3.002800226211548,3.002800464630127,2.384185791015625e-07,nan,1,True,42,512,crpa_contribution,7009556a4706
2,2,95,26,0.9677419066429138,nan,3.002800226211548,3.002800226211548,0.0,nan,1,True,42,512,crpa_contribution,7009556a4706
2,2,86,69,0.9655172228813171,nan,3.002800226211548,3.0027999877929688,-2.384185791015625e-07,nan,1,True,42,512,crpa_contribution,7009556a4706
2,2,82,40,0.9655172228813171,nan,3.002800226211548,3.002800226211548,0.0,nan,1,True,42,512,crpa_contribution,7009556a4706
2,1,75,58,0.9615384340286255,nan,3.002800226211548,3.002800226211548,0.0,nan,1,True,42,512,crpa_contribution,7009556a4706
2,5,64,8,0.9615384340286255,nan,3.002800226211548,3.002800226211548,0.0,nan,1,True,42,512,crpa_contribution,7009556a4706
2,5,68,11,0.9615384340286255,nan,3.002800226211548,3.002800226211548,0.0,nan,1,True,42,512,crpa_contribution,7009556a4706
2,1,71,45,0.9583333134651184,nan,3.002800226211548,3.002800226211548,0.0,nan,1,True,42,512,crpa_contribution,7009556a4706
2,1,63,1,0.95652174949646,nan,3.002800226211548,3.0027999877929688,-2.384185791015625e-07,nan,1,True,42,512,crpa_contribution,7009556a4706
2,1,64,56,0.95652174949646,nan,3.002800226211548,3.002800226211548,0.0,nan,1,True,42,512,crpa_contribution,7009556a4706
2,1,67,35,0.9545454382896423,nan,3.002800226211548,3.002800226211548,0.0,nan,1,True,42,512,crpa_contribution,7009556a4706
2,5,364,339,0.9545454382896423,nan,3.002800226211548,3.0027999877929688,-2.384185791015625e-07,nan,1,True,42,512,crpa_contribution,7009556a4706
2,5,191,146,0.9523809552192688,nan,3.002800226211548,3.0027999877929688,-2.384185791015625e-07,nan,1,True,42,512,crpa_contribution,7009556a4706
2,1,57,7,0.949999988079071,nan,3.002800226211548,3.002800226211548,0.0,nan,1,True,42,512,crpa_contribution,7009556a4706
2,5,440,388,0.949999988079071,nan,3.002800226211548,3.002800226211548,0.0,nan,1,True,42,512,crpa_contribution,7009556a4706
2,5,440,437,0.949999988079071,nan,3.002800226211548,3.0027999877929688,-2.384185791015625e-07,nan,1,True,42,512,crpa_contribution,7009556a4706
2,1,459,420,0.9473684430122375,nan,3.002800226211548,3.002800226211548,0.0,nan,1,True,42,512,crpa_contribution,7009556a4706
2,1,52,4,0.9473684430122375,nan,3.002800226211548,3.002800464630127,2.384185791015625e-07,nan,1,True,42,512,crpa_contribution,7009556a4706
2,2,105,42,0.9459459185600281,nan,3.002800226211548,3.002800226211548,0.0,nan,1,True,42,512,crpa_contribution,7009556a4706
2,1,44,3,0.9444444179534912,nan,3.002800226211548,3.002800226211548,0.0,nan,1,True,42,512,crpa_contribution,7009556a4706
2,2,48,33,0.9444444179534912,nan,3.002800226211548,3.002800226211548,0.0,nan,1,True,42,512,crpa_contribution,7009556a4706
2,2,48,4,0.9444444179534912,nan,3.002800226211548,3.002800464630127,2.384185791015625e-07,nan,1,True,42,512,crpa_contribution,7009556a4706
2,2,107,40,0.9444444179534912,nan,3.002800226211548,3.0027999877929688,-2.384185791015625e-07,nan,1,True,42,512,crpa_contribution,7009556a4706
2,5,46,33,0.9411764740943909,nan,3.002800226211548,3.002800226211548,0.0,nan,1,True,42,512,crpa_contribution,7009556a4706
2,5,46,3,0.9411764740943909,nan,3.002800226211548,3.002800464630127,2.384185791015625e-07,nan,1,True,42,512,crpa_contribution,7009556a4706
2,2,355,349,0.9333333373069763,nan,3.002800226211548,3.002800226211548,0.0,nan,1,True,42,512,crpa_contribution,7009556a4706
2,7,70,45,0.925000011920929,nan,3.002800226211548,3.002800226211548,0.0,nan,1,True,42,512,crpa_contribution,7009556a4706
2,7,73,38,0.925000011920929,nan,3.002800226211548,3.002800464630127,2.384185791015625e-07,nan,1,True,42,512,crpa_contribution,7009556a4706
2,5,155,149,0.9230769276618958,nan,3.002800226211548,3.0027999877929688,-2.384185791015625e-07,nan,1,True,42,512,crpa_contribution,7009556a4706
2,5,106,13,0.9230769276618958,nan,3.002800226211548,3.002800226211548,0.0,nan,1,True,42,512,crpa_contribution,7009556a4706
2,5,209,151,0.9230769276618958,nan,3.002800226211548,3.0027999877929688,-2.384185791015625e-07,nan,1,True,42,512,crpa_contribution,7009556a4706
2,5,209,162,0.9230769276618958,nan,3.002800226211548,3.002800226211548,0.0,nan,1,True,42,512,crpa_contribution,7009556a4706
2,5,30,26,0.9230769276618958,nan,3.002800226211548,3.002800226211548,0.0,nan,1,True,42,512,crpa_contribution,7009556a4706
2,2,67,6,0.9200000166893005,nan,3.002800226211548,3.002800226211548,0.0,nan,1,True,42,512,crpa_contribution,7009556a4706
2,5,202,128,0.9200000166893005,nan,3.002800226211548,3.002800226211548,0.0,nan,1,True,42,512,crpa_contribution,7009556a4706
2,5,202,151,0.9200000166893005,nan,3.002800226211548,3.002800226211548,0.0,nan,1,True,42,512,crpa_contribution,7009556a4706
2,2,110,72,0.9166666865348816,nan,3.002800226211548,3.002800226211548,0.0,nan,1,True,42,512,crpa_contribution,7009556a4706
2,5,481,386,0.9130434989929199,nan,3.002800226211548,3.002800226211548,0.0,nan,1,True,42,512,crpa_contribution,7009556a4706
2,5,194,180,0.9090909361839294,nan,3.002800226211548,3.002800226211548,0.0,nan,1,True,42,512,crpa_contribution,7009556a4706
2,5,186,186,0.9047619104385376,nan,3.002800226211548,3.0027999877929688,-2.384185791015625e-07,nan,1,True,42,512,crpa_contribution,7009556a4706
2,0,39,23,0.8888888955116272,nan,3.002800226211548,3.0027999877929688,-2.384185791015625e-07,nan,1,True,42,512,crpa_contribution,7009556a4706
2,0,35,0,0.8888888955116272,nan,3.002800226211548,3.0027997493743896,-4.76837158203125e-07,nan,1,True,42,512,crpa_contribution,7009556a4706
2,0,34,9,0.8823529481887817,nan,3.002800226211548,3.002800226211548,0.0,nan,1,True,42,512,crpa_contribution,7009556a4706
2,7,178,163,0.8709677457809448,nan,3.002800226211548,3.002800226211548,0.0,nan,1,True,42,512,crpa_contribution,7009556a4706
2,6,29,1,0.8666666746139526,nan,3.002800226211548,3.0027999877929688,-2.384185791015625e-07,nan,1,True,42,512,crpa_contribution,7009556a4706
2,6,30,10,0.8666666746139526,nan,3.002800226211548,3.002800226211548,0.0,nan,1,True,42,512,crpa_contribution,7009556a4706
2,7,163,140,0.8636363744735718,nan,3.002800226211548,3.0027999877929688,-2.384185791015625e-07,nan,1,True,42,512,crpa_contribution,7009556a4706
2,3,10,0,0.8571428656578064,nan,3.002800226211548,3.002800226211548,0.0,nan,1,True,42,512,crpa_contribution,7009556a4706
2,7,71,67,0.8536585569381714,nan,3.002800226211548,3.002800226211548,0.0,nan,1,True,42,512,crpa_contribution,7009556a4706
2,7,195,179,0.8536585569381714,nan,3.002800226211548,3.002800226211548,0.0,nan,1,True,42,512,crpa_contribution,7009556a4706
2,3,64,58,0.8461538553237915,nan,3.002800226211548,3.002800226211548,0.0,nan,1,True,42,512,crpa_contribution,7009556a4706
2,0,43,19,0.8399999737739563,nan,3.002800226211548,3.002800226211548,0.0,nan,1,True,42,512,crpa_contribution,7009556a4706
2,3,51,5,0.8387096524238586,nan,3.002800226211548,3.002800226211548,0.0,nan,1,True,42,512,crpa_contribution,7009556a4706
2,3,50,50,0.8387096524238586,nan,3.002800226211548,3.0027999877929688,-2.384185791015625e-07,nan,1,True,42,512,crpa_contribution,7009556a4706
2,3,50,25,0.8387096524238586,nan,3.002800226211548,3.002800226211548,0.0,nan,1,True,42,512,crpa_contribution,7009556a4706
2,0,11,3,0.8333333134651184,nan,3.002800226211548,3.002800226211548,0.0,nan,1,True,42,512,crpa_contribution,7009556a4706
2,3,19,16,0.8333333134651184,nan,3.002800226211548,3.002800226211548,0.0,nan,1,True,42,512,crpa_contribution,7009556a4706
2,3,40,36,0.8333333134651184,nan,3.002800226211548,3.002800226211548,0.0,nan,1,True,42,512,crpa_contribution,7009556a4706
2,3,90,30,0.8301886916160583,nan,3.002800226211548,3.0027999877929688,-2.384185791015625e-07,nan,1,True,42,512,crpa_contribution,7009556a4706
2,3,90,50,0.8301886916160583,nan,3.002800226211548,3.002800226211548,0.0,nan,1,True,42,512,crpa_contribution,7009556a4706
2,3,88,44,0.8301886916160583,nan,3.002800226211548,3.002800226211548,0.0,nan,1,True,42,512,crpa_contribution,7009556a4706
2,0,60,50,0.8285714387893677,nan,3.002800226211548,3.002800226211548,0.0,nan,1,True,42,512,crpa_contribution,7009556a4706
2,7,497,441,0.8269230723381042,nan,3.002800226211548,3.002800226211548,0.0,nan,1,True,42,512,crpa_contribution,7009556a4706
2,7,501,462,0.8269230723381042,nan,3.002800226211548,3.0027999877929688,-2.384185791015625e-07,nan,1,True,42,512,crpa_contribution,7009556a4706
2,0,94,7,0.8260869383811951,nan,3.002800226211548,3.002800226211548,0.0,nan,1,True,42,512,crpa_contribution,7009556a4706
2,0,90,13,0.8260869383811951,nan,3.002800226211548,3.002800226211548,0.0,nan,1,True,42,512,crpa_contribution,7009556a4706
2,0,90,2,0.8260869383811951,nan,3.002800226211548,3.002800226211548,0.0,nan,1,True,42,512,crpa_contribution,7009556a4706
2,0,94,6,0.8260869383811951,nan,3.002800226211548,3.0027999877929688,-2.384185791015625e-07,nan,1,True,42,512,crpa_contribution,7009556a4706
2,3,39,27,0.8260869383811951,nan,3.002800226211548,3.002800226211548,0.0,nan,1,True,42,512,crpa_contribution,7009556a4706
2,3,25,25,0.8235294222831726,nan,3.002800226211548,3.002800226211548,0.0,nan,1,True,42,512,crpa_contribution,7009556a4706
2,7,194,159,0.8205128312110901,nan,3.002800226211548,3.0027999877929688,-2.384185791015625e-07,nan,1,True,42,512,crpa_contribution,7009556a4706
2,0,21,13,0.8181818127632141,nan,3.002800226211548,3.002800226211548,0.0,nan,1,True,42,512,crpa_contribution,7009556a4706
2,7,106,18,0.8166666626930237,nan,3.002800226211548,3.002800226211548,0.0,nan,1,True,42,512,crpa_contribution,7009556a4706
2,7,109,46,0.8166666626930237,nan,3.002800226211548,3.002800226211548,0.0,nan,1,True,42,512,crpa_contribution,7009556a4706
2,3,44,14,0.807692289352417,nan,3.002800226211548,3.002800226211548,0.0,nan,1,True,42,512,crpa_contribution,7009556a4706
2,0,56,1,0.8064516186714172,nan,3.002800226211548,3.002800226211548,0.0,nan,1,True,42,512,crpa_contribution,7009556a4706
2,0,56,38,0.8064516186714172,nan,3.002800226211548,3.002800226211548,0.0,nan,1,True,42,512,crpa_contribution,7009556a4706
2,7,438,435,0.8064516186714172,nan,3.002800226211548,3.002800226211548,0.0,nan,1,True,42,512,crpa_contribution,7009556a4706
2,7,239,206,0.8030303120613098,nan,3.002800226211548,3.002800464630127,2.384185791015625e-07,nan,1,True,42,512,crpa_contribution,7009556a4706
2,0,88,5,0.800000011920929,nan,3.002800226211548,3.002800226211548,0.0,nan,1,True,42,512,crpa_contribution,7009556a4706
2,3,22,2,0.800000011920929,nan,3.002800226211548,3.002800226211548,0.0,nan,1,True,42,512,crpa_contribution,7009556a4706
2,3,15,2,0.800000011920929,nan,3.002800226211548,3.002800226211548,0.0,nan,1,True,42,512,crpa_contribution,7009556a4706
2,7,139,138,0.800000011920929,nan,3.002800226211548,3.002800226211548,0.0,nan,1,True,42,512,crpa_contribution,7009556a4706
2,7,57,16,0.7941176295280457,nan,3.002800226211548,3.002800226211548,0.0,nan,1,True,42,512,crpa_contribution,7009556a4706
2,7,57,55,0.7941176295280457,nan,3.002800226211548,3.002800226211548,0.0,nan,1,True,42,512,crpa_contribution,7009556a4706
2,7,226,219,0.7936508059501648,nan,3.002800226211548,3.0027999877929688,-2.384185791015625e-07,nan,1,True,42,512,crpa_contribution,7009556a4706
2,3,30,21,0.7894737124443054,nan,3.002800226211548,3.002800226211548,0.0,nan,1,True,42,512,crpa_contribution,7009556a4706
2,3,30,5,0.7894737124443054,nan,3.002800226211548,3.002800226211548,0.0,nan,1,True,42,512,crpa_contribution,7009556a4706
2,3,30,9,0.7894737124443054,nan,3.002800226211548,3.0027999877929688,-2.384185791015625e-07,nan,1,True,42,512,crpa_contribution,7009556a4706
2,7,254,194,0.7894737124443054,nan,3.002800226211548,3.0027999877929688,-2.384185791015625e-07,nan,1,True,42,512,crpa_contribution,7009556a4706
2,7,458,444,0.7894737124443054,nan,3.002800226211548,3.002800464630127,2.384185791015625e-07,nan,1,True,42,512,crpa_contribution,7009556a4706
2,7,253,211,0.7894737124443054,nan,3.002800226211548,3.002800226211548,0.0,nan,1,True,42,512,crpa_contribution,7009556a4706
2,0,192,134,0.7857142686843872,nan,3.002800226211548,3.002800226211548,0.0,nan,1,True,42,512,crpa_contribution,7009556a4706
2,3,36,21,0.782608687877655,nan,3.002800226211548,3.0027999877929688,-2.384185791015625e-07,nan,1,True,42,512,crpa_contribution,7009556a4706
2,7,496,421,0.7818182110786438,nan,3.002800226211548,3.002800464630127,2.384185791015625e-07,nan,1,True,42,512,crpa_contribution,7009556a4706
2,7,210,164,0.7799999713897705,nan,3.002800226211548,3.002800226211548,0.0,nan,1,True,42,512,crpa_contribution,7009556a4706
2,7,210,158,0.7799999713897705,nan,3.002800226211548,3.002800226211548,0.0,nan,1,True,42,512,crpa_contribution,7009556a4706
2,3,185,182,0.7777777910232544,nan,3.002800226211548,3.002800226211548,0.0,nan,1,True,42,512,crpa_contribution,7009556a4706
2,7,266,256,0.7777777910232544,nan,3.002800226211548,3.002800226211548,0.0,nan,1,True,42,512,crpa_contribution,7009556a4706
2,3,52,23,0.774193525314331,nan,3.002800226211548,3.002800464630127,2.384185791015625e-07,nan,1,True,42,512,crpa_contribution,7009556a4706
2,3,49,19,0.774193525314331,nan,3.002800226211548,3.0027999877929688,-2.384185791015625e-07,nan,1,True,42,512,crpa_contribution,7009556a4706
2,3,98,41,0.7719298005104065,nan,3.002800226211548,3.002800226211548,0.0,nan,1,True,42,512,crpa_contribution,7009556a4706
2,0,105,1,0.7704917788505554,nan,3.002800226211548,3.002800464630127,2.384185791015625e-07,nan,1,True,42,512,crpa_contribution,7009556a4706
2,0,376,340,0.7599999904632568,nan,3.002800226211548,3.002800464630127,2.384185791015625e-07,nan,1,True,42,512,crpa_contribution,7009556a4706
2,6,23,11,0.7333333492279053,nan,3.002800226211548,3.002800464630127,2.384185791015625e-07,nan,1,True,42,512,crpa_contribution,7009556a4706
2,6,35,34,0.7333333492279053,nan,3.002800226211548,3.002800226211548,0.0,nan,1,True,42,512,crpa_contribution,7009556a4706
2,6,25,11,0.7333333492279053,nan,3.002800226211548,3.002800226211548,0.0,nan,1,True,42,512,crpa_contribution,7009556a4706
2,6,28,6,0.7333333492279053,nan,3.002800226211548,3.002800464630127,2.384185791015625e-07,nan,1,True,42,512,crpa_contribution,7009556a4706
2,6,35,1,0.7333333492279053,nan,3.002800226211548,3.0027999877929688,-2.384185791015625e-07,nan,1,True,42,512,crpa_contribution,7009556a4706
2,6,28,5,0.7333333492279053,nan,3.002800226211548,3.002800226211548,0.0,nan,1,True,42,512,crpa_contribution,7009556a4706
2,6,511,391,0.7272727489471436,nan,3.002800226211548,3.002772569656372,-2.765655517578125e-05,nan,1,True,42,512,crpa_contribution,7009556a4706
2,6,292,268,0.7058823704719543,nan,3.002800226211548,3.002800226211548,0.0,nan,1,True,42,512,crpa_contribution,7009556a4706
2,6,299,260,0.7058823704719543,nan,3.002800226211548,3.002800226211548,0.0,nan,1,True,42,512,crpa_contribution,7009556a4706
2,6,299,291,0.7058823704719543,nan,3.002800226211548,3.002800226211548,0.0,nan,1,True,42,512,crpa_contribution,7009556a4706
2,6,349,342,0.6944444179534912,nan,3.002800226211548,3.0027999877929688,-2.384185791015625e-07,nan,1,True,42,512,crpa_contribution,7009556a4706
2,6,22,19,0.692307710647583,nan,3.002800226211548,3.0027997493743896,-4.76837158203125e-07,nan,1,True,42,512,crpa_contribution,7009556a4706
2,6,498,492,0.6842105388641357,nan,3.002800226211548,3.002800226211548,0.0,nan,1,True,42,512,crpa_contribution,7009556a4706
2,6,494,399,0.6842105388641357,nan,3.002800226211548,3.002800226211548,0.0,nan,1,True,42,512,crpa_contribution,7009556a4706
2,6,44,14,0.6666666865348816,nan,3.002800226211548,3.002800226211548,0.0,nan,1,True,42,512,crpa_contribution,7009556a4706
2,6,93,0,0.6595744490623474,nan,3.002800226211548,3.002800226211548,0.0,nan,1,True,42,512,crpa_contribution,7009556a4706
2,6,93,36,0.6595744490623474,nan,3.002800226211548,3.002800226211548,0.0,nan,1,True,42,512,crpa_contribution,7009556a4706
3,0,11,1,1.0,nan,3.002800226211548,3.002800226211548,0.0,nan,1,True,42,512,crpa_contribution,7009556a4706
3,0,5,5,1.0,nan,3.002800226211548,3.002800464630127,2.384185791015625e-07,nan,1,True,42,512,crpa_contribution,7009556a4706
3,0,24,0,1.0,nan,3.002800226211548,3.002800226211548,0.0,nan,1,True,42,512,crpa_contribution,7009556a4706
3,0,39,2,1.0,nan,3.002800226211548,3.0027999877929688,-2.384185791015625e-07,nan,1,True,42,512,crpa_contribution,7009556a4706
3,0,24,23,1.0,nan,3.002800226211548,3.002800226211548,0.0,nan,1,True,42,512,crpa_contribution,7009556a4706
3,0,3,0,1.0,nan,3.002800226211548,3.0028023719787598,2.1457672119140625e-06,nan,1,True,42,512,crpa_contribution,7009556a4706
3,0,38,3,1.0,nan,3.002800226211548,3.002800226211548,0.0,nan,1,True,42,512,crpa_contribution,7009556a4706
3,0,6,5,1.0,nan,3.002800226211548,3.002800226211548,0.0,nan,1,True,42,512,crpa_contribution,7009556a4706
3,2,2,1,1.0,nan,3.002800226211548,3.002800464630127,2.384185791015625e-07,nan,1,True,42,512,crpa_contribution,7009556a4706
3,2,2,0,1.0,nan,3.002800226211548,3.002800464630127,2.384185791015625e-07,nan,1,True,42,512,crpa_contribution,7009556a4706
3,2,1,1,1.0,nan,3.002800226211548,3.002800464630127,2.384185791015625e-07,nan,1,True,42,512,crpa_contribution,7009556a4706
3,3,10,0,1.0,nan,3.002800226211548,3.0027999877929688,-2.384185791015625e-07,nan,1,True,42,512,crpa_contribution,7009556a4706
3,3,14,9,1.0,nan,3.002800226211548,3.002800226211548,0.0,nan,1,True,42,512,crpa_contribution,7009556a4706
3,3,38,29,1.0,nan,3.002800226211548,3.002800226211548,0.0,nan,1,True,42,512,crpa_contribution,7009556a4706
3,3,37,21,1.0,nan,3.002800226211548,3.002800226211548,0.0,nan,1,True,42,512,crpa_contribution,7009556a4706
3,3,8,1,1.0,nan,3.002800226211548,3.002800226211548,0.0,nan,1,True,42,512,crpa_contribution,7009556a4706
3,3,10,2,1.0,nan,3.002800226211548,3.002800464630127,2.384185791015625e-07,nan,1,True,42,512,crpa_contribution,7009556a4706
3,3,39,33,1.0,nan,3.002800226211548,3.002800226211548,0.0,nan,1,True,42,512,crpa_contribution,7009556a4706
3,3,25,3,1.0,nan,3.002800226211548,3.002800226211548,0.0,nan,1,True,42,512,crpa_contribution,7009556a4706
3,3,5,1,1.0,nan,3.002800226211548,3.0027999877929688,-2.384185791015625e-07,nan,1,True,42,512,crpa_contribution,7009556a4706
3,4,4,2,1.0,nan,3.002800226211548,3.002800226211548,0.0,nan,1,True,42,512,crpa_contribution,7009556a4706
3,4,4,1,1.0,nan,3.002800226211548,3.002800226211548,0.0,nan,1,True,42,512,crpa_contribution,7009556a4706
3,4,15,5,1.0,nan,3.002800226211548,3.002800226211548,0.0,nan,1,True,42,512,crpa_contribution,7009556a4706
3,5,3,0,1.0,nan,3.002800226211548,3.0027999877929688,-2.384185791015625e-07,nan,1,True,42,512,crpa_contribution,7009556a4706
3,5,38,33,1.0,nan,3.002800226211548,3.0027999877929688,-2.384185791015625e-07,nan,1,True,42,512,crpa_contribution,7009556a4706
3,5,13,1,1.0,nan,3.002800226211548,3.002800226211548,0.0,nan,1,True,42,512,crpa_contribution,7009556a4706
3,5,7,0,1.0,nan,3.002800226211548,3.002800226211548,0.0,nan,1,True,42,512,crpa_contribution,7009556a4706
3,5,4,1,1.0,nan,3.002800226211548,3.002800226211548,0.0,nan,1,True,42,512,crpa_contribution,7009556a4706
3,5,5,5,1.0,nan,3.002800226211548,3.002800226211548,0.0,nan,1,True,42,512,crpa_contribution,7009556a4706
3,5,14,1,1.0,nan,3.002800226211548,3.002800226211548,0.0,nan,1,True,42,512,crpa_contribution,7009556a4706
3,5,3,1,1.0,nan,3.002800226211548,3.0027999877929688,-2.384185791015625e-07,nan,1,True,42,512,crpa_contribution,7009556a4706
3,6,490,476,1.0,nan,3.002800226211548,3.002800226211548,0.0,nan,1,True,42,512,crpa_contribution,7009556a4706
3,6,501,391,1.0,nan,3.002800226211548,3.0027999877929688,-2.384185791015625e-07,nan,1,True,42,512,crpa_contribution,7009556a4706
3,6,17,0,1.0,nan,3.002800226211548,3.002800226211548,0.0,nan,1,True,42,512,crpa_contribution,7009556a4706
3,6,7,2,1.0,nan,3.002800226211548,3.002800226211548,0.0,nan,1,True,42,512,crpa_contribution,7009556a4706
3,6,502,400,1.0,nan,3.002800226211548,3.002800226211548,0.0,nan,1,True,42,512,crpa_contribution,7009556a4706
3,6,490,429,1.0,nan,3.002800226211548,3.002800226211548,0.0,nan,1,True,42,512,crpa_contribution,7009556a4706
3,6,10,3,1.0,nan,3.002800226211548,3.002800464630127,2.384185791015625e-07,nan,1,True,42,512,crpa_contribution,7009556a4706
3,6,496,437,1.0,nan,3.002800226211548,3.002800226211548,0.0,nan,1,True,42,512,crpa_contribution,7009556a4706
3,7,6,2,1.0,nan,3.002800226211548,3.002800226211548,0.0,nan,1,True,42,512,crpa_contribution,7009556a4706
3,1,117,40,0.9833333492279053,nan,3.002800226211548,3.002800226211548,0.0,nan,1,True,42,512,crpa_contribution,7009556a4706
3,1,116,2,0.9833333492279053,nan,3.002800226211548,3.002800226211548,0.0,nan,1,True,42,512,crpa_contribution,7009556a4706
3,1,85,84,0.9777777791023254,nan,3.002800226211548,3.002800226211548,0.0,nan,1,True,42,512,crpa_contribution,7009556a4706
3,0,96,3,0.9729729890823364,nan,3.002800226211548,3.002800226211548,0.0,nan,1,True,42,512,crpa_contribution,7009556a4706
3,4,58,7,0.970588207244873,nan,3.002800226211548,3.002800226211548,0.0,nan,1,True,42,512,crpa_contribution,7009556a4706
3,3,74,35,0.9599999785423279,nan,3.002800226211548,3.002800226211548,0.0,nan,1,True,42,512,crpa_contribution,7009556a4706
3,1,122,5,0.953125,nan,3.002800226211548,3.002800464630127,2.384185791015625e-07,nan,1,True,42,512,crpa_contribution,7009556a4706
3,1,460,440,0.9523809552192688,nan,3.002800226211548,3.0027999877929688,-2.384185791015625e-07,nan,1,True,42,512,crpa_contribution,7009556a4706
3,6,63,46,0.9523809552192688,nan,3.002800226211548,3.002800226211548,0.0,nan,1,True,42,512,crpa_contribution,7009556a4706
3,1,118,71,0.9516128897666931,nan,3.002800226211548,3.002800226211548,0.0,nan,1,True,42,512,crpa_contribution,7009556a4706
3,1,74,43,0.9512194991111755,nan,3.002800226211548,3.002800226211548,0.0,nan,1,True,42,512,crpa_contribution,7009556a4706
3,1,73,50,0.949999988079071,nan,3.002800226211548,3.002800226211548,0.0,nan,1,True,42,512,crpa_contribution,7009556a4706
3,1,73,17,0.949999988079071,nan,3.002800226211548,3.002800226211548,0.0,nan,1,True,42,512,crpa_contribution,7009556a4706
3,5,61,7,0.949999988079071,nan,3.002800226211548,3.002800226211548,0.0,nan,1,True,42,512,crpa_contribution,7009556a4706
3,7,71,50,0.9487179517745972,nan,3.002800226211548,3.002800226211548,0.0,nan,1,True,42,512,crpa_contribution,7009556a4706
3,4,34,25,0.9473684430122375,nan,3.002800226211548,3.002800226211548,0.0,nan,1,True,42,512,crpa_contribution,7009556a4706
3,1,32,7,0.9444444179534912,nan,3.002800226211548,3.002800226211548,0.0,nan,1,True,42,512,crpa_contribution,7009556a4706
3,1,28,7,0.9411764740943909,nan,3.002800226211548,3.002800226211548,0.0,nan,1,True,42,512,crpa_contribution,7009556a4706
3,4,92,52,0.9399999976158142,nan,3.002800226211548,3.002800226211548,0.0,nan,1,True,42,512,crpa_contribution,7009556a4706
3,4,97,30,0.9387755393981934,nan,3.002800226211548,3.002800226211548,0.0,nan,1,True,42,512,crpa_contribution,7009556a4706
3,0,71,5,0.9375,nan,3.002800226211548,3.002800226211548,0.0,nan,1,True,42,512,crpa_contribution,7009556a4706
3,6,38,4,0.9375,nan,3.002800226211548,3.002800226211548,0.0,nan,1,True,42,512,crpa_contribution,7009556a4706
3,1,88,24,0.936170220375061,nan,3.002800226211548,3.002800226211548,0.0,nan,1,True,42,512,crpa_contribution,7009556a4706
3,1,57,37,0.9333333373069763,nan,3.002800226211548,3.002800226211548,0.0,nan,1,True,42,512,crpa_contribution,7009556a4706
3,1,24,3,0.9333333373069763,nan,3.002800226211548,3.002800226211548,0.0,nan,1,True,42,512,crpa_contribution,7009556a4706
3,1,79,37,0.9318181872367859,nan,3.002800226211548,3.002800226211548,0.0,nan,1,True,42,512,crpa_contribution,7009556a4706
3,1,458,399,0.9285714030265808,nan,3.002800226211548,3.002800226211548,0.0,nan,1,True,42,512,crpa_contribution,7009556a4706
3,1,458,448,0.9285714030265808,nan,3.002800226211548,3.002800226211548,0.0,nan,1,True,42,512,crpa_contribution,7009556a4706
3,6,206,180,0.9285714030265808,nan,3.002800226211548,3.002800226211548,0.0,nan,1,True,42,512,crpa_contribution,7009556a4706
3,6,206,171,0.9285714030265808,nan,3.002800226211548,3.002800226211548,0.0,nan,1,True,42,512,crpa_contribution,7009556a4706
3,4,77,18,0.9268292784690857,nan,3.002800226211548,3.002800226211548,0.0,nan,1,True,42,512,crpa_contribution,7009556a4706
3,1,52,40,0.9259259104728699,nan,3.002800226211548,3.002800226211548,0.0,nan,1,True,42,512,crpa_contribution,7009556a4706
3,1,457,420,0.925000011920929,nan,3.002800226211548,3.0027999877929688,-2.384185791015625e-07,nan,1,True,42,512,crpa_contribution,7009556a4706
3,3,77,25,0.9230769276618958,nan,3.002800226211548,3.002800226211548,0.0,nan,1,True,42,512,crpa_contribution,7009556a4706
3,3,78,1,0.9230769276618958,nan,3.002800226211548,3.002800226211548,0.0,nan,1,True,42,512,crpa_contribution,7009556a4706
3,7,25,3,0.9230769276618958,nan,3.002800226211548,3.002800226211548,0.0,nan,1,True,42,512,crpa_contribution,7009556a4706
3,0,98,44,0.9210526347160339,nan,3.002800226211548,3.002800226211548,0.0,nan,1,True,42,512,crpa_contribution,7009556a4706
3,0,88,7,0.9210526347160339,nan,3.002800226211548,3.002800226211548,0.0,nan,1,True,42,512,crpa_contribution,7009556a4706
3,0,120,40,0.9200000166893005,nan,3.002800226211548,3.002800226211548,0.0,nan,1,True,42,512,crpa_contribution,7009556a4706
3,0,115,17,0.9200000166893005,nan,3.002800226211548,3.002800226211548,0.0,nan,1,True,42,512,crpa_contribution,7009556a4706
3,0,120,58,0.9200000166893005,nan,3.002800226211548,3.002800226211548,0.0,nan,1,True,42,512,crpa_contribution,7009556a4706
3,5,102,4,0.9200000166893005,nan,3.002800226211548,3.002800464630127,2.384185791015625e-07,nan,1,True,42,512,crpa_contribution,7009556a4706
3,5,102,19,0.9200000166893005,nan,3.002800226211548,3.0027999877929688,-2.384185791015625e-07,nan,1,True,42,512,crpa_contribution,7009556a4706
3,1,195,174,0.9189189076423645,nan,3.002800226211548,3.002800226211548,0.0,nan,1,True,42,512,crpa_contribution,7009556a4706
3,1,195,172,0.9189189076423645,nan,3.002800226211548,3.002800226211548,0.0,nan,1,True,42,512,crpa_contribution,7009556a4706
3,1,195,180,0.9189189076423645,nan,3.002800226211548,3.002800226211548,0.0,nan,1,True,42,512,crpa_contribution,7009556a4706
3,4,67,33,0.9189189076423645,nan,3.002800226211548,3.002800226211548,0.0,nan,1,True,42,512,crpa_contribution,7009556a4706
3,0,58,15,0.9166666865348816,nan,3.002800226211548,3.002800226211548,0.0,nan,1,True,42,512,crpa_contribution,7009556a4706
3,0,28,2,0.9166666865348816,nan,3.002800226211548,3.002800226211548,0.0,nan,1,True,42,512,crpa_contribution,7009556a4706
3,1,18,4,0.9166666865348816,nan,3.002800226211548,3.002800226211548,0.0,nan,1,True,42,512,crpa_contribution,7009556a4706
3,1,110,42,0.9166666865348816,nan,3.002800226211548,3.002800226211548,0.0,nan,1,True,42,512,crpa_contribution,7009556a4706
3,3,101,37,0.9166666865348816,nan,3.002800226211548,3.002800226211548,0.0,nan,1,True,42,512,crpa_contribution,7009556a4706
3,6,66,50,0.9166666865348816,nan,3.002800226211548,3.002800226211548,0.0,nan,1,True,42,512,crpa_contribution,7009556a4706
3,4,442,431,0.9142857193946838,nan,3.002800226211548,3.0027999877929688,-2.384185791015625e-07,nan,1,True,42,512,crpa_contribution,7009556a4706
3,5,78,11,0.9130434989929199,nan,3.002800226211548,3.002800226211548,0.0,nan,1,True,42,512,crpa_contribution,7009556a4706
3,5,78,41,0.9130434989929199,nan,3.002800226211548,3.002800226211548,0.0,nan,1,True,42,512,crpa_contribution,7009556a4706
3,0,81,35,0.9117646813392639,nan,3.002800226211548,3.002800226211548,0.0,nan,1,True,42,512,crpa_contribution,7009556a4706
3,4,122,44,0.9117646813392639,nan,3.002800226211548,3.002800226211548,0.0,nan,1,True,42,512,crpa_contribution,7009556a4706
3,0,73,11,0.9090909361839294,nan,3.002800226211548,3.002800226211548,0.0,nan,1,True,42,512,crpa_contribution,7009556a4706
3,0,25,3,0.9090909361839294,nan,3.002800226211548,3.002800226211548,0.0,nan,1,True,42,512,crpa_contribution,7009556a4706
3,0,105,8,0.9090909361839294,nan,3.002800226211548,3.002800226211548,0.0,nan,1,True,42,512,crpa_contribution,7009556a4706
3,0,25,1,0.9090909361839294,nan,3.002800226211548,3.002800226211548,0.0,nan,1,True,42,512,crpa_contribution,7009556a4706
3,4,484,457,0.9090909361839294,nan,3.002800226211548,3.002800226211548,0.0,nan,1,True,42,512,crpa_contribution,7009556a4706
3,5,39,1,0.9090909361839294,nan,3.002800226211548,3.002800226211548,0.0,nan,1,True,42,512,crpa_contribution,7009556a4706
3,5,33,4,0.9090909361839294,nan,3.002800226211548,3.002800226211548,0.0,nan,1,True,42,512,crpa_contribution,7009556a4706
3,6,25,5,0.9090909361839294,nan,3.002800226211548,3.002800226211548,0.0,nan,1,True,42,512,crpa_contribution,7009556a4706
3,4,99,5,0.9056603908538818,nan,3.002800226211548,3.002800226211548,0.0,nan,1,True,42,512,crpa_contribution,7009556a4706
3,4,76,69,0.9047619104385376,nan,3.002800226211548,3.002800226211548,0.0,nan,1,True,42,512,crpa_contribution,7009556a4706
3,6,122,16,0.9047619104385376,nan,3.002800226211548,3.002800226211548,0.0,nan,1,True,42,512,crpa_contribution,7009556a4706
3,7,61,28,0.9032257795333862,nan,3.002800226211548,3.002800226211548,0.0,nan,1,True,42,512,crpa_contribution,7009556a4706
3,7,53,32,0.9032257795333862,nan,3.002800226211548,3.002800226211548,0.0,nan,1,True,42,512,crpa_contribution,7009556a4706
3,3,120,6,0.8999999761581421,nan,3.002800226211548,3.002800226211548,0.0,nan,1,True,42,512,crpa_contribution,7009556a4706
3,4,48,4,0.8999999761581421,nan,3.002800226211548,3.002800226211548,0.0,nan,1,True,42,512,crpa_contribution,7009556a4706
3,0,113,101,0.8979591727256775,nan,3.002800226211548,3.002800226211548,0.0,nan,1,True,42,512,crpa_contribution,7009556a4706
3,0,113,14,0.8979591727256775,nan,3.002800226211548,3.002800226211548,0.0,nan,1,True,42,512,crpa_contribution,7009556a4706
3,3,23,1,0.8888888955116272,nan,3.002800226211548,3.002800226211548,0.0,nan,1,True,42,512,crpa_contribution,7009556a4706
3,3,45,42,0.8888888955116272,nan,3.002800226211548,3.002800226211548,0.0,nan,1,True,42,512,crpa_contribution,7009556a4706
3,3,336,335,0.8888888955116272,nan,3.002800226211548,3.002800226211548,0.0,nan,1,True,42,512,crpa_contribution,7009556a4706
3,4,61,21,0.8888888955116272,nan,3.002800226211548,3.002800226211548,0.0,nan,1,True,42,512,crpa_contribution,7009556a4706
3,4,61,5,0.8888888955116272,nan,3.002800226211548,3.002800226211548,0.0,nan,1,True,42,512,crpa_contribution,7009556a4706
3,5,25,4,0.8888888955116272,nan,3.002800226211548,3.002800226211548,0.0,nan,1,True,42,512,crpa_contribution,7009556a4706
3,6,19,2,0.8888888955116272,nan,3.002800226211548,3.002800226211548,0.0,nan,1,True,42,512,crpa_contribution,7009556a4706
3,7,482,440,0.8888888955116272,nan,3.002800226211548,3.002800226211548,0.0,nan,1,True,42,512,crpa_contribution,7009556a4706
3,7,75,10,0.8888888955116272,nan,3.002800226211548,3.002800226211548,0.0,nan,1,True,42,512,crpa_contribution,7009556a4706
3,7,480,470,0.8888888955116272,nan,3.002800226211548,3.0027999877929688,-2.384185791015625e-07,nan,1,True,42,512,crpa_contribution,7009556a4706
3,4,495,387,0.8870967626571655,nan,3.002800226211548,3.0027999877929688,-2.384185791015625e-07,nan,1,True,42,512,crpa_contribution,7009556a4706
3,4,98,21,0.8867924809455872,nan,3.002800226211548,3.002800226211548,0.0,nan,1,True,42,512,crpa_contribution,7009556a4706
3,4,107,36,0.8852459192276001,nan,3.002800226211548,3.002800226211548,0.0,nan,1,True,42,512,crpa_contribution,7009556a4706
3,7,45,4,0.8846153616905212,nan,3.002800226211548,3.002800226211548,0.0,nan,1,True,42,512,crpa_contribution,7009556a4706
3,4,457,417,0.8837209343910217,nan,3.002800226211548,3.002800226211548,0.0,nan,1,True,42,512,crpa_contribution,7009556a4706
3,4,69,13,0.8837209343910217,nan,3.002800226211548,3.002800226211548,0.0,nan,1,True,42,512,crpa_contribution,7009556a4706
3,7,82,50,0.8837209343910217,nan,3.002800226211548,3.002800226211548,0.0,nan,1,True,42,512,crpa_contribution,7009556a4706
3,4,91,35,0.8823529481887817,nan,3.002800226211548,3.002800226211548,0.0,nan,1,True,42,512,crpa_contribution,7009556a4706
3,5,65,2,0.8823529481887817,nan,3.002800226211548,3.0027999877929688,-2.384185791015625e-07,nan,1,True,42,512,crpa_contribution,7009556a4706
3,4,41,6,0.8799999952316284,nan,3.002800226211548,3.002800226211548,0.0,nan,1,True,42,512,crpa_contribution,7009556a4706
3,7,72,8,0.8780487775802612,nan,3.002800226211548,3.002800226211548,0.0,nan,1,True,42,512,crpa_contribution,7009556a4706
3,7,491,432,0.8775510191917419,nan,3.002800226211548,3.002800226211548,0.0,nan,1,True,42,512,crpa_contribution,7009556a4706
3,7,505,490,0.8775510191917419,nan,3.002800226211548,3.002800226211548,0.0,nan,1,True,42,512,crpa_contribution,7009556a4706
3,2,11,8,0.875,nan,3.002800226211548,3.002800226211548,0.0,nan,1,True,42,512,crpa_contribution,7009556a4706
3,3,40,23,0.875,nan,3.002800226211548,3.002800226211548,0.0,nan,1,True,42,512,crpa_contribution,7009556a4706
3,5,49,25,0.875,nan,3.002800226211548,3.002800226211548,0.0,nan,1,True,42,512,crpa_contribution,7009556a4706
3,6,15,2,0.875,nan,3.002800226211548,3.002800226211548,0.0,nan,1,True,42,512,crpa_contribution,7009556a4706
3,6,210,151,0.875,nan,3.002800226211548,3.002800226211548,0.0,nan,1,True,42,512,crpa_contribution,7009556a4706
3,6,105,3,0.8709677457809448,nan,3.002800226211548,3.002800226211548,0.0,nan,1,True,42,512,crpa_contribution,7009556a4706
3,6,98,4,0.8709677457809448,nan,3.002800226211548,3.002800226211548,0.0,nan,1,True,42,512,crpa_contribution,7009556a4706
3,6,95,93,0.8666666746139526,nan,3.002800226211548,3.002800226211548,0.0,nan,1,True,42,512,crpa_contribution,7009556a4706
3,6,75,42,0.8666666746139526,nan,3.002800226211548,3.002800226211548,0.0,nan,1,True,42,512,crpa_contribution,7009556a4706
3,7,84,21,0.8636363744735718,nan,3.002800226211548,3.002800226211548,0.0,nan,1,True,42,512,crpa_contribution,7009556a4706
3,3,356,331,0.8571428656578064,nan,3.002800226211548,3.002800226211548,0.0,nan,1,True,42,512,crpa_contribution,7009556a4706
3,3,33,29,0.8571428656578064,nan,3.002800226211548,3.002800226211548,0.0,nan,1,True,42,512,crpa_contribution,7009556a4706
3,3,33,0,0.8571428656578064,nan,3.002800226211548,3.002800226211548,0.0,nan,1,True,42,512,crpa_contribution,7009556a4706
3,3,355,102,0.8571428656578064,nan,3.002800226211548,3.002800226211548,0.0,nan,1,True,42,512,crpa_contribution,7009556a4706
3,3,334,102,0.8571428656578064,nan,3.002800226211548,3.002800226211548,0.0,nan,1,True,42,512,crpa_contribution,7009556a4706
3,3,355,330,0.8571428656578064,nan,3.002800226211548,3.002800226211548,0.0,nan,1,True,42,512,crpa_contribution,7009556a4706
3,5,21,21,0.8571428656578064,nan,3.002800226211548,3.002800226211548,0.0,nan,1,True,42,512,crpa_contribution,7009556a4706
3,5,24,1,0.8571428656578064,nan,3.002800226211548,3.002800226211548,0.0,nan,1,True,42,512,crpa_contribution,7009556a4706
3,5,21,2,0.8571428656578064,nan,3.002800226211548,3.002800464630127,2.384185791015625e-07,nan,1,True,42,512,crpa_contribution,7009556a4706
3,6,467,400,0.8571428656578064,nan,3.002800226211548,3.002800226211548,0.0,nan,1,True,42,512,crpa_contribution,7009556a4706
3,6,39,6,0.8571428656578064,nan,3.002800226211548,3.002800226211548,0.0,nan,1,True,42,512,crpa_contribution,7009556a4706
3,7,83,74,0.8571428656578064,nan,3.002800226211548,3.002800226211548,0.0,nan,1,True,42,512,crpa_contribution,7009556a4706
3,7,61,58,0.8571428656578064,nan,3.002800226211548,3.002800226211548,0.0,nan,1,True,42,512,crpa_contribution,7009556a4706
3,7,24,6,0.8571428656578064,nan,3.002800226211548,3.0027999877929688,-2.384185791015625e-07,nan,1,True,42,512,crpa_contribution,7009556a4706
3,7,206,185,0.8571428656578064,nan,3.002800226211548,3.002800226211548,0.0,nan,1,True,42,512,crpa_contribution,7009556a4706
3,5,84,63,0.8518518805503845,nan,3.002800226211548,3.002800226211548,0.0,nan,1,True,42,512,crpa_contribution,7009556a4706
3,5,96,14,0.8461538553237915,nan,3.002800226211548,3.002800226211548,0.0,nan,1,True,42,512,crpa_contribution,7009556a4706
3,5,44,1,0.8461538553237915,nan,3.002800226211548,3.002800226211548,0.0,nan,1,True,42,512,crpa_contribution,7009556a4706
3,7,93,5,0.8461538553237915,nan,3.002800226211548,3.002800226211548,0.0,nan,1,True,42,512,crpa_contribution,7009556a4706
3,7,93,33,0.8461538553237915,nan,3.002800226211548,3.002800226211548,0.0,nan,1,True,42,512,crpa_contribution,7009556a4706
3,7,98,93,0.8461538553237915,nan,3.002800226211548,3.002800226211548,0.0,nan,1,True,42,512,crpa_contribution,7009556a4706
3,7,127,47,0.8428571224212646,nan,3.002800226211548,3.002800226211548,0.0,nan,1,True,42,512,crpa_contribution,7009556a4706
3,2,8,3,0.8333333134651184,nan,3.002800226211548,3.002800464630127,2.384185791015625e-07,nan,1,True,42,512,crpa_contribution,7009556a4706
3,7,105,59,0.8305084705352783,nan,3.002800226211548,3.002800226211548,0.0,nan,1,True,42,512,crpa_contribution,7009556a4706
3,7,432,403,0.8275862336158752,nan,3.002800226211548,3.0027999877929688,-2.384185791015625e-07,nan,1,True,42,512,crpa_contribution,7009556a4706
3,2,7,2,0.800000011920929,nan,3.002800226211548,3.002800226211548,0.0,nan,1,True,42,512,crpa_contribution,7009556a4706
3,2,5,3,0.800000011920929,nan,3.002800226211548,3.002800464630127,2.384185791015625e-07,nan,1,True,42,512,crpa_contribution,7009556a4706
3,2,4,4,0.75,nan,3.002800226211548,3.002800226211548,0.0,nan,1,True,42,512,crpa_contribution,7009556a4706
3,2,21,13,0.75,nan,3.002800226211548,3.002800226211548,0.0,nan,1,True,42,512,crpa_contribution,7009556a4706
3,2,123,25,0.725806474685669,nan,3.002800226211548,3.002800226211548,0.0,nan,1,True,42,512,crpa_contribution,7009556a4706
3,2,65,44,0.7037037014961243,nan,3.002800226211548,3.002800226211548,0.0,nan,1,True,42,512,crpa_contribution,7009556a4706
3,2,15,12,0.699999988079071,nan,3.002800226211548,3.0027999877929688,-2.384185791015625e-07,nan,1,True,42,512,crpa_contribution,7009556a4706
3,2,448,406,0.699999988079071,nan,3.002800226211548,3.0027997493743896,-4.76837158203125e-07,nan,1,True,42,512,crpa_contribution,7009556a4706
3,2,77,72,0.6888889074325562,nan,3.002800226211548,3.002800226211548,0.0,nan,1,True,42,512,crpa_contribution,7009556a4706
3,2,176,169,0.6875,nan,3.002800226211548,3.002800226211548,0.0,nan,1,True,42,512,crpa_contribution,7009556a4706
3,2,181,169,0.6875,nan,3.002800226211548,3.002800226211548,0.0,nan,1,True,42,512,crpa_contribution,7009556a4706
3,2,485,102,0.6739130616188049,nan,3.002800226211548,3.0027999877929688,-2.384185791015625e-07,nan,1,True,42,512,crpa_contribution,7009556a4706
3,2,167,134,0.6666666865348816,nan,3.002800226211548,3.002800226211548,0.0,nan,1,True,42,512,crpa_contribution,7009556a4706
3,2,64,51,0.6551724076271057,nan,3.002800226211548,3.002800226211548,0.0,nan,1,True,42,512,crpa_contribution,7009556a4706
3,2,486,394,0.6507936716079712,nan,3.002800226211548,3.0027999877929688,-2.384185791015625e-07,nan,1,True,42,512,crpa_contribution,7009556a4706
3,2,42,0,0.6499999761581421,nan,3.002800226211548,3.0027999877929688,-2.384185791015625e-07,nan,1,True,42,512,crpa_contribution,7009556a4706
3,2,44,29,0.6499999761581421,nan,3.002800226211548,3.0027999877929688,-2.384185791015625e-07,nan,1,True,42,512,crpa_contribution,7009556a4706
3,2,511,393,0.6499999761581421,nan,3.002800226211548,3.0027942657470703,-5.9604644775390625e-06,nan,1,True,42,512,crpa_contribution,7009556a4706
3,2,23,3,0.6470588445663452,nan,3.002800226211548,3.002800226211548,0.0,nan,1,True,42,512,crpa_contribution,7009556a4706
4,0,447,432,1.0,nan,3.002800226211548,3.002800226211548,0.0,nan,1,True,42,512,crpa_contribution,7009556a4706
4,0,413,400,1.0,nan,3.002800226211548,3.002800464630127,2.384185791015625e-07,nan,1,True,42,512,crpa_contribution,7009556a4706
4,0,511,306,1.0,nan,3.002800226211548,3.0027916431427,-8.58306884765625e-06,nan,1,True,42,512,crpa_contribution,7009556a4706
4,0,496,430,1.0,nan,3.002800226211548,3.002800464630127,2.384185791015625e-07,nan,1,True,42,512,crpa_contribution,7009556a4706
4,0,505,391,1.0,nan,3.002800226211548,3.002800226211548,0.0,nan,1,True,42,512,crpa_contribution,7009556a4706
4,0,397,385,1.0,nan,3.002800226211548,3.002800226211548,0.0,nan,1,True,42,512,crpa_contribution,7009556a4706
4,0,487,454,1.0,nan,3.002800226211548,3.002800226211548,0.0,nan,1,True,42,512,crpa_contribution,7009556a4706
4,0,506,482,1.0,nan,3.002800226211548,3.002800226211548,0.0,nan,1,True,42,512,crpa_contribution,7009556a4706
4,0,466,306,1.0,nan,3.002800226211548,3.002800464630127,2.384185791015625e-07,nan,1,True,42,512,crpa_contribution,7009556a4706
4,0,493,400,1.0,nan,3.002800226211548,3.002800226211548,0.0,nan,1,True,42,512,crpa_contribution,7009556a4706
4,0,403,391,1.0,nan,3.002800226211548,3.002800226211548,0.0,nan,1,True,42,512,crpa_contribution,7009556a4706
4,0,467,400,1.0,nan,3.002800226211548,3.002800226211548,0.0,nan,1,True,42,512,crpa_contribution,7009556a4706
4,0,399,385,1.0,nan,3.002800226211548,3.0027999877929688,-2.384185791015625e-07,nan,1,True,42,512,crpa_contribution,7009556a4706
4,0,421,285,1.0,nan,3.002800226211548,3.0027999877929688,-2.384185791015625e-07,nan,1,True,42,512,crpa_contribution,7009556a4706
4,0,487,400,1.0,nan,3.002800226211548,3.002800226211548,0.0,nan,1,True,42,512,crpa_contribution,7009556a4706
4,0,492,430,1.0,nan,3.002800226211548,3.002800226211548,0.0,nan,1,True,42,512,crpa_contribution,7009556a4706
4,0,419,385,1.0,nan,3.002800226211548,3.002800226211548,0.0,nan,1,True,42,512,crpa_contribution,7009556a4706
4,0,398,391,1.0,nan,3.002800226211548,3.002800226211548,0.0,nan,1,True,42,512,crpa_contribution,7009556a4706
4,0,477,454,1.0,nan,3.002800226211548,3.002800226211548,0.0,nan,1,True,42,512,crpa_contribution,7009556a4706
4,0,402,285,1.0,nan,3.002800226211548,3.002800226211548,0.0,nan,1,True,42,512,crpa_contribution,7009556a4706
4,0,3,2,1.0,nan,3.002800226211548,3.002800464630127,2.384185791015625e-07,nan,1,True,42,512,crpa_contribution,7009556a4706
4,0,481,454,1.0,nan,3.002800226211548,3.002800226211548,0.0,nan,1,True,42,512,crpa_contribution,7009556a4706
4,0,449,391,1.0,nan,3.002800226211548,3.002800226211548,0.0,nan,1,True,42,512,crpa_contribution,7009556a4706
4,0,419,306,1.0,nan,3.002800226211548,3.002800226211548,0.0,nan,1,True,42,512,crpa_contribution,7009556a4706
4,2,406,306,1.0,nan,3.002800226211548,3.002800226211548,0.0,nan,1,True,42,512,crpa_contribution,7009556a4706
4,2,492,400,1.0,nan,3.002800226211548,3.0027999877929688,-2.384185791015625e-07,nan,1,True,42,512,crpa_contribution,7009556a4706
4,2,414,306,1.0,nan,3.002800226211548,3.0027999877929688,-2.384185791015625e-07,nan,1,True,42,512,crpa_contribution,7009556a4706
4,2,410,400,1.0,nan,3.002800226211548,3.002800226211548,0.0,nan,1,True,42,512,crpa_contribution,7009556a4706
4,2,477,306,1.0,nan,3.002800226211548,3.002800226211548,0.0,nan,1,True,42,512,crpa_contribution,7009556a4706
4,2,492,391,1.0,nan,3.002800226211548,3.0027999877929688,-2.384185791015625e-07,nan,1,True,42,512,crpa_contribution,7009556a4706
4,2,474,306,1.0,nan,3.002800226211548,3.002800226211548,0.0,nan,1,True,42,512,crpa_contribution,7009556a4706
4,2,491,400,1.0,nan,3.002800226211548,3.002800226211548,0.0,nan,1,True,42,512,crpa_contribution,7009556a4706
4,2,455,454,1.0,nan,3.002800226211548,3.002800226211548,0.0,nan,1,True,42,512,crpa_contribution,7009556a4706
4,2,461,430,1.0,nan,3.002800226211548,3.002800703048706,4.76837158203125e-07,nan,1,True,42,512,crpa_contribution,7009556a4706
4,2,442,384,1.0,nan,3.002800226211548,3.002800226211548,0.0,nan,1,True,42,512,crpa_contribution,7009556a4706
4,2,397,387,1.0,nan,3.002800226211548,3.002800464630127,2.384185791015625e-07,nan,1,True,42,512,crpa_contribution,7009556a4706
4,2,424,387,1.0,nan,3.002800226211548,3.002800703048706,4.76837158203125e-07,nan,1,True,42,512,crpa_contribution,7009556a4706
4,2,459,454,1.0,nan,3.002800226211548,3.002800226211548,0.0,nan,1,True,42,512,crpa_contribution,7009556a4706
4,2,394,387,1.0,nan,3.002800226211548,3.002800703048706,4.76837158203125e-07,nan,1,True,42,512,crpa_contribution,7009556a4706
4,2,468,400,1.0,nan,3.002800226211548,3.002800464630127,2.384185791015625e-07,nan,1,True,42,512,crpa_contribution,7009556a4706
4,2,380,306,1.0,nan,3.002800226211548,3.002800226211548,0.0,nan,1,True,42,512,crpa_contribution,7009556a4706
4,2,401,400,1.0,nan,3.002800226211548,3.002800464630127,2.384185791015625e-07,nan,1,True,42,512,crpa_contribution,7009556a4706
4,2,470,430,1.0,nan,3.002800226211548,3.002800226211548,0.0,nan,1,True,42,512,crpa_contribution,7009556a4706
4,2,499,430,1.0,nan,3.002800226211548,3.002800464630127,2.384185791015625e-07,nan,1,True,42,512,crpa_contribution,7009556a4706
4,2,501,400,1.0,nan,3.002800226211548,3.002800226211548,0.0,nan,1,True,42,512,crpa_contribution,7009556a4706
4,2,482,430,1.0,nan,3.002800226211548,3.0027999877929688,-2.384185791015625e-07,nan,1,True,42,512,crpa_contribution,7009556a4706
4,2,482,476,1.0,nan,3.002800226211548,3.002800226211548,0.0,nan,1,True,42,512,crpa_contribution,7009556a4706
4,2,432,384,1.0,nan,3.002800226211548,3.0027999877929688,-2.384185791015625e-07,nan,1,True,42,512,crpa_contribution,7009556a4706
4,3,501,488,1.0,nan,3.002800226211548,3.002800226211548,0.0,nan,1,True,42,512,crpa_contribution,7009556a4706
4,3,505,387,1.0,nan,3.002800226211548,3.002800226211548,0.0,nan,1,True,42,512,crpa_contribution,7009556a4706
4,3,505,468,1.0,nan,3.002800226211548,3.0027999877929688,-2.384185791015625e-07,nan,1,True,42,512,crpa_contribution,7009556a4706
4,3,505,424,1.0,nan,3.002800226211548,3.002800226211548,0.0,nan,1,True,42,512,crpa_contribution,7009556a4706
4,5,3,2,1.0,nan,3.002800226211548,3.002800464630127,2.384185791015625e-07,nan,1,True,42,512,crpa_contribution,7009556a4706
4,6,443,423,1.0,nan,3.002800226211548,3.002800226211548,0.0,nan,1,True,42,512,crpa_contribution,7009556a4706
4,6,438,430,1.0,nan,3.002800226211548,3.0027999877929688,-2.384185791015625e-07,nan,1,True,42,512,crpa_contribution,7009556a4706
4,6,444,430,1.0,nan,3.002800226211548,3.002800226211548,0.0,nan,1,True,42,512,crpa_contribution,7009556a4706
4,6,453,400,1.0,nan,3.002800226211548,3.002800226211548,0.0,nan,1,True,42,512,crpa_contribution,7009556a4706
4,6,489,391,1.0,nan,3.002800226211548,3.0027999877929688,-2.384185791015625e-07,nan,1,True,42,512,crpa_contribution,7009556a4706
4,6,403,391,1.0,nan,3.002800226211548,3.002800226211548,0.0,nan,1,True,42,512,crpa_contribution,7009556a4706
4,6,462,400,1.0,nan,3.002800226211548,3.002800226211548,0.0,nan,1,True,42,512,crpa_contribution,7009556a4706
4,6,492,482,1.0,nan,3.002800226211548,3.002800226211548,0.0,nan,1,True,42,512,crpa_contribution,7009556a4706
4,6,441,400,1.0,nan,3.002800226211548,3.0027999877929688,-2.384185791015625e-07,nan,1,True,42,512,crpa_contribution,7009556a4706
4,6,482,454,1.0,nan,3.002800226211548,3.002800226211548,0.0,nan,1,True,42,512,crpa_contribution,7009556a4706
4,6,467,430,1.0,nan,3.002800226211548,3.002800226211548,0.0,nan,1,True,42,512,crpa_contribution,7009556a4706
4,6,432,400,1.0,nan,3.002800226211548,3.002800226211548,0.0,nan,1,True,42,512,crpa_contribution,7009556a4706
4,6,471,454,1.0,nan,3.002800226211548,3.002800464630127,2.384185791015625e-07,nan,1,True,42,512,crpa_contribution,7009556a4706
4,6,491,391,1.0,nan,3.002800226211548,3.002800226211548,0.0,nan,1,True,42,512,crpa_contribution,7009556a4706
4,6,501,306,1.0,nan,3.002800226211548,3.002800226211548,0.0,nan,1,True,42,512,crpa_contribution,7009556a4706
4,6,467,454,1.0,nan,3.002800226211548,3.002800226211548,0.0,nan,1,True,42,512,crpa_contribution,7009556a4706
4,6,397,387,1.0,nan,3.002800226211548,3.002800226211548,0.0,nan,1,True,42,512,crpa_contribution,7009556a4706
4,6,494,391,1.0,nan,3.002800226211548,3.002800226211548,0.0,nan,1,True,42,512,crpa_contribution,7009556a4706
4,6,443,399,1.0,nan,3.002800226211548,3.002800226211548,0.0,nan,1,True,42,512,crpa_contribution,7009556a4706
4,6,393,385,1.0,nan,3.002800226211548,3.002800226211548,0.0,nan,1,True,42,512,crpa_contribution,7009556a4706
4,6,417,400,1.0,nan,3.002800226211548,3.002800226211548,0.0,nan,1,True,42,512,crpa_contribution,7009556a4706
4,6,457,430,1.0,nan,3.002800226211548,3.002800464630127,2.384185791015625e-07,nan,1,True,42,512,crpa_contribution,7009556a4706
4,6,492,306,1.0,nan,3.002800226211548,3.002800226211548,0.0,nan,1,True,42,512,crpa_contribution,7009556a4706
4,6,422,399,1.0,nan,3.002800226211548,3.002800226211548,0.0,nan,1,True,42,512,crpa_contribution,7009556a4706
4,7,3,0,1.0,nan,3.002800226211548,3.0027999877929688,-2.384185791015625e-07,nan,1,True,42,512,crpa_contribution,7009556a4706
4,7,393,306,1.0,nan,3.002800226211548,3.002800464630127,2.384185791015625e-07,nan,1,True,42,512,crpa_contribution,7009556a4706
4,7,393,391,1.0,nan,3.002800226211548,3.0027999877929688,-2.384185791015625e-07,nan,1,True,42,512,crpa_contribution,7009556a4706
4,7,393,385,1.0,nan,3.002800226211548,3.0027999877929688,-2.384185791015625e-07,nan,1,True,42,512,crpa_contribution,7009556a4706
4,4,507,390,0.9555555582046509,nan,3.002800226211548,3.0027999877929688,-2.384185791015625e-07,nan,1,True,42,512,crpa_contribution,7009556a4706
4,4,102,9,0.9555555582046509,nan,3.002800226211548,3.002800226211548,0.0,nan,1,True,42,512,crpa_contribution,7009556a4706
4,4,102,28,0.9555555582046509,nan,3.002800226211548,3.0027999877929688,-2.384185791015625e-07,nan,1,True,42,512,crpa_contribution,7009556a4706
4,3,426,399,0.9375,nan,3.002800226211548,3.002800464630127,2.384185791015625e-07,nan,1,True,42,512,crpa_contribution,7009556a4706
4,3,424,399,0.9375,nan,3.002800226211548,3.002800226211548,0.0,nan,1,True,42,512,crpa_contribution,7009556a4706
4,3,443,306,0.9375,nan,3.002800226211548,3.0027999877929688,-2.384185791015625e-07,nan,1,True,42,512,crpa_contribution,7009556a4706
4,3,424,407,0.9375,nan,3.002800226211548,3.0027999877929688,-2.384185791015625e-07,nan,1,True,42,512,crpa_contribution,7009556a4706
4,3,446,422,0.9375,nan,3.002800226211548,3.002800226211548,0.0,nan,1,True,42,512,crpa_contribution,7009556a4706
4,3,426,391,0.9375,nan,3.002800226211548,3.002800226211548,0.0,nan,1,True,42,512,crpa_contribution,7009556a4706
4,3,424,424,0.9375,nan,3.002800226211548,3.002800226211548,0.0,nan,1,True,42,512,crpa_contribution,7009556a4706
4,7,450,423,0.9333333373069763,nan,3.002800226211548,3.002800226211548,0.0,nan,1,True,42,512,crpa_contribution,7009556a4706
4,7,450,391,0.9333333373069763,nan,3.002800226211548,3.002800226211548,0.0,nan,1,True,42,512,crpa_contribution,7009556a4706
4,7,450,384,0.9333333373069763,nan,3.002800226211548,3.002800464630127,2.384185791015625e-07,nan,1,True,42,512,crpa_contribution,7009556a4706
4,7,450,424,0.9333333373069763,nan,3.002800226211548,3.002800226211548,0.0,nan,1,True,42,512,crpa_contribution,7009556a4706
4,4,481,401,0.930232584476471,nan,3.002800226211548,3.002800226211548,0.0,nan,1,True,42,512,crpa_contribution,7009556a4706
4,4,481,409,0.930232584476471,nan,3.002800226211548,3.002800226211548,0.0,nan,1,True,42,512,crpa_contribution,7009556a4706
4,7,459,416,0.9285714030265808,nan,3.002800226211548,3.002800226211548,0.0,nan,1,True,42,512,crpa_contribution,7009556a4706
4,7,505,424,0.9285714030265808,nan,3.002800226211548,3.002800226211548,0.0,nan,1,True,42,512,crpa_contribution,7009556a4706
4,7,505,400,0.9285714030265808,nan,3.002800226211548,3.002800226211548,0.0,nan,1,True,42,512,crpa_contribution,7009556a4706
4,7,467,454,0.9285714030265808,nan,3.002800226211548,3.002800464630127,2.384185791015625e-07,nan,1,True,42,512,crpa_contribution,7009556a4706
4,7,467,391,0.9285714030265808,nan,3.002800226211548,3.002800226211548,0.0,nan,1,True,42,512,crpa_contribution,7009556a4706
4,7,505,429,0.9285714030265808,nan,3.002800226211548,3.002800464630127,2.384185791015625e-07,nan,1,True,42,512,crpa_contribution,7009556a4706
4,7,505,387,0.9285714030265808,nan,3.002800226211548,3.002800226211548,0.0,nan,1,True,42,512,crpa_contribution,7009556a4706
4,7,459,401,0.9285714030265808,nan,3.002800226211548,3.002800226211548,0.0,nan,1,True,42,512,crpa_contribution,7009556a4706
4,7,505,423,0.9285714030265808,nan,3.002800226211548,3.002800226211548,0.0,nan,1,True,42,512,crpa_contribution,7009556a4706
4,7,446,423,0.9230769276618958,nan,3.002800226211548,3.002800226211548,0.0,nan,1,True,42,512,crpa_contribution,7009556a4706
4,7,446,407,0.9230769276618958,nan,3.002800226211548,3.002800226211548,0.0,nan,1,True,42,512,crpa_contribution,7009556a4706
4,4,456,416,0.9166666865348816,nan,3.002800226211548,3.002800464630127,2.384185791015625e-07,nan,1,True,42,512,crpa_contribution,7009556a4706
4,4,467,423,0.9166666865348816,nan,3.002800226211548,3.002800226211548,0.0,nan,1,True,42,512,crpa_contribution,7009556a4706
4,4,456,397,0.9166666865348816,nan,3.002800226211548,3.002800226211548,0.0,nan,1,True,42,512,crpa_contribution,7009556a4706
4,4,500,403,0.914893627166748,nan,3.002800226211548,3.002800226211548,0.0,nan,1,True,42,512,crpa_contribution,7009556a4706
4,4,488,415,0.914893627166748,nan,3.002800226211548,3.002800226211548,0.0,nan,1,True,42,512,crpa_contribution,7009556a4706
4,1,510,399,0.9142857193946838,nan,3.002800226211548,3.002800226211548,0.0,nan,1,True,42,512,crpa_contribution,7009556a4706
4,1,497,407,0.9142857193946838,nan,3.002800226211548,3.002800226211548,0.0,nan,1,True,42,512,crpa_contribution,7009556a4706
4,1,510,413,0.9142857193946838,nan,3.002800226211548,3.002800226211548,0.0,nan,1,True,42,512,crpa_contribution,7009556a4706
4,1,510,422,0.9142857193946838,nan,3.002800226211548,3.002800464630127,2.384185791015625e-07,nan,1,True,42,512,crpa_contribution,7009556a4706
4,4,459,102,0.9142857193946838,nan,3.002800226211548,3.002800226211548,0.0,nan,1,True,42,512,crpa_contribution,7009556a4706
4,4,459,417,0.9142857193946838,nan,3.002800226211548,3.002800226211548,0.0,nan,1,True,42,512,crpa_contribution,7009556a4706
4,4,459,423,0.9142857193946838,nan,3.002800226211548,3.002800226211548,0.0,nan,1,True,42,512,crpa_contribution,7009556a4706
4,4,459,416,0.9142857193946838,nan,3.002800226211548,3.002800226211548,0.0,nan,1,True,42,512,crpa_contribution,7009556a4706
4,4,511,412,0.9130434989929199,nan,3.002800226211548,3.002793312072754,-6.9141387939453125e-06,nan,1,True,42,512,crpa_contribution,7009556a4706
4,1,496,419,0.9117646813392639,nan,3.002800226211548,3.002800226211548,0.0,nan,1,True,42,512,crpa_contribution,7009556a4706
4,4,497,389,0.9111111164093018,nan,3.002800226211548,3.002800226211548,0.0,nan,1,True,42,512,crpa_contribution,7009556a4706
4,1,50,9,0.9047619104385376,nan,3.002800226211548,3.0027999877929688,-2.384185791015625e-07,nan,1,True,42,512,crpa_contribution,7009556a4706
4,3,403,391,0.8999999761581421,nan,3.002800226211548,3.002800464630127,2.384185791015625e-07,nan,1,True,42,512,crpa_contribution,7009556a4706
4,3,407,385,0.8999999761581421,nan,3.002800226211548,3.002800226211548,0.0,nan,1,True,42,512,crpa_contribution,7009556a4706
4,4,506,439,0.8958333134651184,nan,3.002800226211548,3.002800226211548,0.0,nan,1,True,42,512,crpa_contribution,7009556a4706
4,4,506,386,0.8958333134651184,nan,3.002800226211548,3.002800226211548,0.0,nan,1,True,42,512,crpa_contribution,7009556a4706
4,4,506,391,0.8958333134651184,nan,3.002800226211548,3.002800226211548,0.0,nan,1,True,42,512,crpa_contribution,7009556a4706
4,3,480,400,0.8928571343421936,nan,3.002800226211548,3.002800226211548,0.0,nan,1,True,42,512,crpa_contribution,7009556a4706
4,3,507,488,0.8928571343421936,nan,3.002800226211548,3.002800226211548,0.0,nan,1,True,42,512,crpa_contribution,7009556a4706
4,3,482,384,0.8928571343421936,nan,3.002800226211548,3.002800226211548,0.0,nan,1,True,42,512,crpa_contribution,7009556a4706
4,3,504,456,0.8928571343421936,nan,3.002800226211548,3.002800226211548,0.0,nan,1,True,42,512,crpa_contribution,7009556a4706
4,3,504,427,0.8928571343421936,nan,3.002800226211548,3.002800464630127,2.384185791015625e-07,nan,1,True,42,512,crpa_contribution,7009556a4706
4,3,507,423,0.8928571343421936,nan,3.002800226211548,3.002800226211548,0.0,nan,1,True,42,512,crpa_contribution,7009556a4706
4,4,467,413,0.8918918967247009,nan,3.002800226211548,3.002800226211548,0.0,nan,1,True,42,512,crpa_contribution,7009556a4706
4,1,502,387,0.8888888955116272,nan,3.002800226211548,3.0027999877929688,-2.384185791015625e-07,nan,1,True,42,512,crpa_contribution,7009556a4706
4,1,502,468,0.8888888955116272,nan,3.002800226211548,3.002800226211548,0.0,nan,1,True,42,512,crpa_contribution,7009556a4706
4,1,510,434,0.8888888955116272,nan,3.002800226211548,3.002800464630127,2.384185791015625e-07,nan,1,True,42,512,crpa_contribution,7009556a4706
4,3,506,424,0.8888888955116272,nan,3.002800226211548,3.002800226211548,0.0,nan,1,True,42,512,crpa_contribution,7009556a4706
4,3,506,399,0.8888888955116272,nan,3.002800226211548,3.0027999877929688,-2.384185791015625e-07,nan,1,True,42,512,crpa_contribution,7009556a4706
4,4,501,419,0.8888888955116272,nan,3.002800226211548,3.002800226211548,0.0,nan,1,True,42,512,crpa_contribution,7009556a4706
4,4,497,399,0.8863636255264282,nan,3.002800226211548,3.002800226211548,0.0,nan,1,True,42,512,crpa_contribution,7009556a4706
4,4,450,416,0.8857142925262451,nan,3.002800226211548,3.002800464630127,2.384185791015625e-07,nan,1,True,42,512,crpa_contribution,7009556a4706
4,4,50,9,0.8846153616905212,nan,3.002800226211548,3.002800226211548,0.0,nan,1,True,42,512,crpa_contribution,7009556a4706
4,7,102,6,0.8846153616905212,nan,3.002800226211548,3.002800226211548,0.0,nan,1,True,42,512,crpa_contribution,7009556a4706
4,7,102,93,0.8846153616905212,nan,3.002800226211548,3.002800226211548,0.0,nan,1,True,42,512,crpa_contribution,7009556a4706
4,3,449,407,0.8823529481887817,nan,3.002800226211548,3.002800226211548,0.0,nan,1,True,42,512,crpa_contribution,7009556a4706
4,3,449,427,0.8823529481887817,nan,3.002800226211548,3.002800226211548,0.0,nan,1,True,42,512,crpa_contribution,7009556a4706
4,3,449,391,0.8823529481887817,nan,3.002800226211548,3.002800464630127,2.384185791015625e-07,nan,1,True,42,512,crpa_contribution,7009556a4706
4,1,501,422,0.8787878751754761,nan,3.002800226211548,3.002800226211548,0.0,nan,1,True,42,512,crpa_contribution,7009556a4706
4,1,443,400,0.875,nan,3.002800226211548,3.002800226211548,0.0,nan,1,True,42,512,crpa_contribution,7009556a4706
4,1,443,427,0.875,nan,3.002800226211548,3.002800226211548,0.0,nan,1,True,42,512,crpa_contribution,7009556a4706
4,1,446,423,0.875,nan,3.002800226211548,3.002800226211548,0.0,nan,1,True,42,512,crpa_contribution,7009556a4706
4,1,443,424,0.875,nan,3.002800226211548,3.002800226211548,0.0,nan,1,True,42,512,crpa_contribution,7009556a4706
4,7,504,387,0.875,nan,3.002800226211548,3.002800226211548,0.0,nan,1,True,42,512,crpa_contribution,7009556a4706
4,5,419,408,0.8666666746139526,nan,3.002800226211548,3.002800226211548,0.0,nan,1,True,42,512,crpa_contribution,7009556a4706
4,5,419,407,0.8666666746139526,nan,3.002800226211548,3.002800226211548,0.0,nan,1,True,42,512,crpa_contribution,7009556a4706
4,5,416,411,0.8666666746139526,nan,3.002800226211548,3.002800464630127,2.384185791015625e-07,nan,1,True,42,512,crpa_contribution,7009556a4706
4,1,500,102,0.8648648858070374,nan,3.002800226211548,3.002800226211548,0.0,nan,1,True,42,512,crpa_contribution,7009556a4706
4,1,500,489,0.8648648858070374,nan,3.002800226211548,3.002800464630127,2.384185791015625e-07,nan,1,True,42,512,crpa_contribution,7009556a4706
4,1,500,401,0.8648648858070374,nan,3.002800226211548,3.002800226211548,0.0,nan,1,True,42,512,crpa_contribution,7009556a4706
4,5,501,399,0.8636363744735718,nan,3.002800226211548,3.0027999877929688,-2.384185791015625e-07,nan,1,True,42,512,crpa_contribution,7009556a4706
4,5,501,489,0.8636363744735718,nan,3.002800226211548,3.002800464630127,2.384185791015625e-07,nan,1,True,42,512,crpa_contribution,7009556a4706
4,5,501,423,0.8636363744735718,nan,3.002800226211548,3.002800226211548,0.0,nan,1,True,42,512,crpa_contribution,7009556a4706
4,5,501,476,0.8636363744735718,nan,3.002800226211548,3.002800226211548,0.0,nan,1,True,42,512,crpa_contribution,7009556a4706
4,5,501,491,0.8636363744735718,nan,3.002800226211548,3.002800226211548,0.0,nan,1,True,42,512,crpa_contribution,7009556a4706
4,5,468,391,0.8571428656578064,nan,3.002800226211548,3.0027997493743896,-4.76837158203125e-07,nan,1,True,42,512,crpa_contribution,7009556a4706
4,5,466,400,0.8571428656578064,nan,3.002800226211548,3.002800464630127,2.384185791015625e-07,nan,1,True,42,512,crpa_contribution,7009556a4706
4,5,466,420,0.8571428656578064,nan,3.002800226211548,3.002800226211548,0.0,nan,1,True,42,512,crpa_contribution,7009556a4706
4,5,468,384,0.8571428656578064,nan,3.002800226211548,3.002800703048706,4.76837158203125e-07,nan,1,True,42,512,crpa_contribution,7009556a4706
4,7,451,391,0.8571428656578064,nan,3.002800226211548,3.002800226211548,0.0,nan,1,True,42,512,crpa_contribution,7009556a4706
4,7,451,399,0.8571428656578064,nan,3.002800226211548,3.002800226211548,0.0,nan,1,True,42,512,crpa_contribution,7009556a4706
4,1,483,403,0.8529411554336548,nan,3.002800226211548,3.002800226211548,0.0,nan,1,True,42,512,crpa_contribution,7009556a4706
4,1,483,389,0.8529411554336548,nan,3.002800226211548,3.002800226211548,0.0,nan,1,True,42,512,crpa_contribution,7009556a4706
4,1,492,391,0.8529411554336548,nan,3.002800226211548,3.002800226211548,0.0,nan,1,True,42,512,crpa_contribution,7009556a4706
4,1,424,423,0.8500000238418579,nan,3.002800226211548,3.002800226211548,0.0,nan,1,True,42,512,crpa_contribution,7009556a4706
4,1,424,387,0.8500000238418579,nan,3.002800226211548,3.002800464630127,2.384185791015625e-07,nan,1,True,42,512,crpa_contribution,7009556a4706
4,1,425,399,0.8500000238418579,nan,3.002800226211548,3.002800464630127,2.384185791015625e-07,nan,1,True,42,512,crpa_contribution,7009556a4706
4,1,428,413,0.8500000238418579,nan,3.002800226211548,3.002800464630127,2.384185791015625e-07,nan,1,True,42,512,crpa_contribution,7009556a4706
4,5,458,424,0.8500000238418579,nan,3.002800226211548,3.002800464630127,2.384185791015625e-07,nan,1,True,42,512,crpa_contribution,7009556a4706
4,5,458,384,0.8500000238418579,nan,3.002800226211548,3.002800464630127,2.384185791015625e-07,nan,1,True,42,512,crpa_contribution,7009556a4706
4,5,467,454,0.8500000238418579,nan,3.002800226211548,3.002800226211548,0.0,nan,1,True,42,512,crpa_contribution,7009556a4706
4,5,443,400,0.8421052694320679,nan,3.002800226211548,3.002800226211548,0.0,nan,1,True,42,512,crpa_contribution,7009556a4706
4,5,449,306,0.8421052694320679,nan,3.002800226211548,3.002800464630127,2.384185791015625e-07,nan,1,True,42,512,crpa_contribution,7009556a4706
4,5,501,396,0.8260869383811951,nan,3.002800226211548,3.0027999877929688,-2.384185791015625e-07,nan,1,True,42,512,crpa_contribution,7009556a4706
4,5,484,468,0.8260869383811951,nan,3.002800226211548,3.002800226211548,0.0,nan,1,True,42,512,crpa_contribution,7009556a4706
4,5,457,448,0.8095238208770752,nan,3.002800226211548,3.002800226211548,0.0,nan,1,True,42,512,crpa_contribution,7009556a4706
4,5,506,476,0.807692289352417,nan,3.002800226211548,3.002800226211548,0.0,nan,1,True,42,512,crpa_contribution,7009556a4706
4,5,480,399,0.807692289352417,nan,3.002800226211548,3.002800226211548,0.0,nan,1,True,42,512,crpa_contribution,7009556a4706
4,5,496,427,0.800000011920929,nan,3.002800226211548,3.002800226211548,0.0,nan,1,True,42,512,crpa_contribution,7009556a4706
5,0,511,454,1.0,nan,3.002800226211548,3.003004550933838,0.00020432472229003906,nan,1,True,42,512,crpa_contribution,7009556a4706
5,0,511,476,1.0,nan,3.002800226211548,3.002923011779785,0.0001227855682373047,nan,1,True,42,512,crpa_contribution,7009556a4706
5,0,511,482,1.0,nan,3.002800226211548,3.002737522125244,-6.270408630371094e-05,nan,1,True,42,512,crpa_contribution,7009556a4706
5,0,511,509,1.0,nan,3.002800226211548,3.0026333332061768,-0.00016689300537109375,nan,1,True,42,512,crpa_contribution,7009556a4706
5,0,511,306,1.0,nan,3.002800226211548,3.002819061279297,1.8835067749023438e-05,nan,1,True,42,512,crpa_contribution,7009556a4706
5,0,511,400,1.0,nan,3.002800226211548,3.0028719902038574,7.176399230957031e-05,nan,1,True,42,512,crpa_contribution,7009556a4706
5,6,511,400,1.0,nan,3.002800226211548,3.0028464794158936,4.6253204345703125e-05,nan,1,True,42,512,crpa_contribution,7009556a4706
5,6,511,454,1.0,nan,3.002800226211548,3.002875566482544,7.534027099609375e-05,nan,1,True,42,512,crpa_contribution,7009556a4706
5,6,511,306,1.0,nan,3.002800226211548,3.0027804374694824,-1.9788742065429688e-05,nan,1,True,42,512,crpa_contribution,7009556a4706
5,6,511,488,1.0,nan,3.002800226211548,3.0030517578125,0.00025153160095214844,nan,1,True,42,512,crpa_contribution,7009556a4706
5,6,511,509,1.0,nan,3.002800226211548,3.0027663707733154,-3.3855438232421875e-05,nan,1,True,42,512,crpa_contribution,7009556a4706
5,5,511,396,0.8648648858070374,nan,3.002800226211548,3.0028016567230225,1.430511474609375e-06,nan,1,True,42,512,crpa_contribution,7009556a4706
5,5,511,393,0.8648648858070374,nan,3.002800226211548,3.002798080444336,-2.1457672119140625e-06,nan,1,True,42,512,crpa_contribution,7009556a4706
5,5,511,394,0.8648648858070374,nan,3.002800226211548,3.002800703048706,4.76837158203125e-07,nan,1,True,42,512,crpa_contribution,7009556a4706
5,5,511,509,0.8648648858070374,nan,3.002800226211548,3.002838611602783,3.838539123535156e-05,nan,1,True,42,512,crpa_contribution,7009556a4706
5,5,511,412,0.8648648858070374,nan,3.002800226211548,3.002798080444336,-2.1457672119140625e-06,nan,1,True,42,512,crpa_contribution,7009556a4706
5,5,511,463,0.8648648858070374,nan,3.002800226211548,3.0028021335601807,1.9073486328125e-06,nan,1,True,42,512,crpa_contribution,7009556a4706
5,5,511,403,0.8648648858070374,nan,3.002800226211548,3.0028014183044434,1.1920928955078125e-06,nan,1,True,42,512,crpa_contribution,7009556a4706
5,5,511,400,0.8648648858070374,nan,3.002800226211548,3.002809762954712,9.5367431640625e-06,nan,1,True,42,512,crpa_contribution,7009556a4706
5,5,511,417,0.8648648858070374,nan,3.002800226211548,3.0027999877929688,-2.384185791015625e-07,nan,1,True,42,512,crpa_contribution,7009556a4706
5,5,511,430,0.8648648858070374,nan,3.002800226211548,3.0027899742126465,-1.0251998901367188e-05,nan,1,True,42,512,crpa_contribution,7009556a4706
5,5,511,454,0.8648648858070374,nan,3.002800226211548,3.0027873516082764,-1.2874603271484375e-05,nan,1,True,42,512,crpa_contribution,7009556a4706
5,5,511,385,0.8648648858070374,nan,3.002800226211548,3.0028016567230225,1.430511474609375e-06,nan,1,True,42,512,crpa_contribution,7009556a4706
5,5,511,423,0.8648648858070374,nan,3.002800226211548,3.0028021335601807,1.9073486328125e-06,nan,1,True,42,512,crpa_contribution,7009556a4706
5,5,511,387,0.8648648858070374,nan,3.002800226211548,3.0027921199798584,-8.106231689453125e-06,nan,1,True,42,512,crpa_contribution,7009556a4706
5,5,511,391,0.8648648858070374,nan,3.002800226211548,3.002812623977661,1.239776611328125e-05,nan,1,True,42,512,crpa_contribution,7009556a4706
5,5,511,427,0.8648648858070374,nan,3.002800226211548,3.002800464630127,2.384185791015625e-07,nan,1,True,42,512,crpa_contribution,7009556a4706
5,5,511,476,0.8648648858070374,nan,3.002800226211548,3.0028181076049805,1.7881393432617188e-05,nan,1,True,42,512,crpa_contribution,7009556a4706
5,5,511,494,0.8648648858070374,nan,3.002800226211548,3.0028021335601807,1.9073486328125e-06,nan,1,True,42,512,crpa_contribution,7009556a4706
5,5,511,493,0.8648648858070374,nan,3.002800226211548,3.002795457839966,-4.76837158203125e-06,nan,1,True,42,512,crpa_contribution,7009556a4706
5,5,511,384,0.8648648858070374,nan,3.002800226211548,3.002798557281494,-1.6689300537109375e-06,nan,1,True,42,512,crpa_contribution,7009556a4706
5,5,511,504,0.8648648858070374,nan,3.002800226211548,3.0028109550476074,1.0728836059570312e-05,nan,1,True,42,512,crpa_contribution,7009556a4706
5,5,511,488,0.8648648858070374,nan,3.002800226211548,3.002768039703369,-3.218650817871094e-05,nan,1,True,42,512,crpa_contribution,7009556a4706
5,5,511,416,0.8648648858070374,nan,3.002800226211548,3.0028035640716553,3.337860107421875e-06,nan,1,True,42,512,crpa_contribution,7009556a4706
5,5,511,306,0.8648648858070374,nan,3.002800226211548,3.002808094024658,7.867813110351562e-06,nan,1,True,42,512,crpa_contribution,7009556a4706
5,2,511,306,0.800000011920929,nan,3.002800226211548,3.0028040409088135,3.814697265625e-06,nan,1,True,42,512,crpa_contribution,7009556a4706
5,2,511,509,0.800000011920929,nan,3.002800226211548,3.0029571056365967,0.00015687942504882812,nan,1,True,42,512,crpa_contribution,7009556a4706
5,2,511,400,0.800000011920929,nan,3.002800226211548,3.0030224323272705,0.00022220611572265625,nan,1,True,42,512,crpa_contribution,7009556a4706
5,2,511,454,0.800000011920929,nan,3.002800226211548,3.0028791427612305,7.891654968261719e-05,nan,1,True,42,512,crpa_contribution,7009556a4706
5,7,511,400,0.800000011920929,nan,3.002800226211548,3.0027475357055664,-5.269050598144531e-05,nan,1,True,42,512,crpa_contribution,7009556a4706
5,7,511,430,0.800000011920929,nan,3.002800226211548,3.0028610229492188,6.079673767089844e-05,nan,1,True,42,512,crpa_contribution,7009556a4706
5,7,511,454,0.800000011920929,nan,3.002800226211548,3.0027263164520264,-7.390975952148438e-05,nan,1,True,42,512,crpa_contribution,7009556a4706
5,7,511,509,0.800000011920929,nan,3.002800226211548,3.002830982208252,3.075599670410156e-05,nan,1,True,42,512,crpa_contribution,7009556a4706
5,4,511,476,0.699999988079071,nan,3.002800226211548,3.002697229385376,-0.000102996826171875,nan,1,True,42,512,crpa_contribution,7009556a4706
5,4,511,387,0.699999988079071,nan,3.002800226211548,3.002782106399536,-1.811981201171875e-05,nan,1,True,42,512,crpa_contribution,7009556a4706
5,4,511,306,0.699999988079071,nan,3.002800226211548,3.002772092819214,-2.8133392333984375e-05,nan,1,True,42,512,crpa_contribution,7009556a4706
5,4,511,482,0.699999988079071,nan,3.002800226211548,3.002762794494629,-3.743171691894531e-05,nan,1,True,42,512,crpa_contribution,7009556a4706
5,4,511,400,0.699999988079071,nan,3.002800226211548,3.002777099609375,-2.3126602172851562e-05,nan,1,True,42,512,crpa_contribution,7009556a4706
5,4,511,489,0.699999988079071,nan,3.002800226211548,3.002805233001709,5.0067901611328125e-06,nan,1,True,42,512,crpa_contribution,7009556a4706
5,4,511,454,0.699999988079071,nan,3.002800226211548,3.0026354789733887,-0.0001647472381591797,nan,1,True,42,512,crpa_contribution,7009556a4706
5,4,511,509,0.6666666865348816,nan,3.002800226211548,3.0028061866760254,5.9604644775390625e-06,nan,1,True,42,512,crpa_contribution,7009556a4706
5,1,511,431,0.5733333230018616,nan,3.002800226211548,3.0027968883514404,-3.337860107421875e-06,nan,1,True,42,512,crpa_contribution,7009556a4706
5,1,511,471,0.5733333230018616,nan,3.002800226211548,3.002800941467285,7.152557373046875e-07,nan,1,True,42,512,crpa_contribution,7009556a4706
5,1,511,502,0.5733333230018616,nan,3.002800226211548,3.002798080444336,-2.1457672119140625e-06,nan,1,True,42,512,crpa_contribution,7009556a4706
5,1,511,493,0.5733333230018616,nan,3.002800226211548,3.0028014183044434,1.1920928955078125e-06,nan,1,True,42,512,crpa_contribution,7009556a4706
5,1,511,499,0.5733333230018616,nan,3.002800226211548,3.0027995109558105,-7.152557373046875e-07,nan,1,True,42,512,crpa_contribution,7009556a4706
5,1,511,462,0.5733333230018616,nan,3.002800226211548,3.0027999877929688,-2.384185791015625e-07,nan,1,True,42,512,crpa_contribution,7009556a4706
5,1,511,459,0.5733333230018616,nan,3.002800226211548,3.002798557281494,-1.6689300537109375e-06,nan,1,True,42,512,crpa_contribution,7009556a4706
5,1,511,477,0.5733333230018616,nan,3.002800226211548,3.002798080444336,-2.1457672119140625e-06,nan,1,True,42,512,crpa_contribution,7009556a4706
5,1,511,443,0.5733333230018616,nan,3.002800226211548,3.0027966499328613,-3.5762786865234375e-06,nan,1,True,42,512,crpa_contribution,7009556a4706
5,1,511,472,0.5733333230018616,nan,3.002800226211548,3.0027976036071777,-2.6226043701171875e-06,nan,1,True,42,512,crpa_contribution,7009556a4706
5,1,511,433,0.5733333230018616,nan,3.002800226211548,3.0027999877929688,-2.384185791015625e-07,nan,1,True,42,512,crpa_contribution,7009556a4706
5,1,511,474,0.5733333230018616,nan,3.002800226211548,3.0028018951416016,1.6689300537109375e-06,nan,1,True,42,512,crpa_contribution,7009556a4706
5,1,511,442,0.5733333230018616,nan,3.002800226211548,3.0027990341186523,-1.1920928955078125e-06,nan,1,True,42,512,crpa_contribution,7009556a4706
5,1,511,458,0.5733333230018616,nan,3.002800226211548,3.002800941467285,7.152557373046875e-07,nan,1,True,42,512,crpa_contribution,7009556a4706
5,1,511,404,0.5733333230018616,nan,3.002800226211548,3.0027999877929688,-2.384185791015625e-07,nan,1,True,42,512,crpa_contribution,7009556a4706
5,1,511,456,0.5733333230018616,nan,3.002800226211548,3.002800941467285,7.152557373046875e-07,nan,1,True,42,512,crpa_contribution,7009556a4706
5,1,511,444,0.5733333230018616,nan,3.002800226211548,3.0027992725372314,-9.5367431640625e-07,nan,1,True,42,512,crpa_contribution,7009556a4706
5,1,511,406,0.5733333230018616,nan,3.002800226211548,3.0027987957000732,-1.430511474609375e-06,nan,1,True,42,512,crpa_contribution,7009556a4706
5,1,511,486,0.5733333230018616,nan,3.002800226211548,3.0028018951416016,1.6689300537109375e-06,nan,1,True,42,512,crpa_contribution,7009556a4706
5,1,511,475,0.5733333230018616,nan,3.002800226211548,3.002800703048706,4.76837158203125e-07,nan,1,True,42,512,crpa_contribution,7009556a4706
5,1,511,468,0.5733333230018616,nan,3.002800226211548,3.0027999877929688,-2.384185791015625e-07,nan,1,True,42,512,crpa_contribution,7009556a4706
5,1,511,407,0.5733333230018616,nan,3.002800226211548,3.0027987957000732,-1.430511474609375e-06,nan,1,True,42,512,crpa_contribution,7009556a4706
5,1,511,501,0.5733333230018616,nan,3.002800226211548,3.0027995109558105,-7.152557373046875e-07,nan,1,True,42,512,crpa_contribution,7009556a4706
5,1,511,461,0.5733333230018616,nan,3.002800226211548,3.0028011798858643,9.5367431640625e-07,nan,1,True,42,512,crpa_contribution,7009556a4706
5,3,511,482,0.5,nan,3.002800226211548,3.0024852752685547,-0.00031495094299316406,nan,1,True,42,512,crpa_contribution,7009556a4706
5,3,511,387,0.5,nan,3.002800226211548,3.002823829650879,2.3603439331054688e-05,nan,1,True,42,512,crpa_contribution,7009556a4706
5,3,511,509,0.5,nan,3.002800226211548,3.002810478210449,1.0251998901367188e-05,nan,1,True,42,512,crpa_contribution,7009556a4706
5,3,511,454,0.5,nan,3.002800226211548,3.002793788909912,-6.4373016357421875e-06,nan,1,True,42,512,crpa_contribution,7009556a4706
5,3,511,476,0.5,nan,3.002800226211548,3.002810478210449,1.0251998901367188e-05,nan,1,True,42,512,crpa_contribution,7009556a4706
5,3,511,400,0.5,nan,3.002800226211548,3.002739191055298,-6.103515625e-05,nan,1,True,42,512,crpa_contribution,7009556a4706
5,3,511,3,0.1764705926179886,nan,3.002800226211548,3.002871036529541,7.081031799316406e-05,nan,1,True,42,512,crpa_contribution,7009556a4706
5,4,511,3,0.15789473056793213,nan,3.002800226211548,3.0028083324432373,8.106231689453125e-06,nan,1,True,42,512,crpa_contribution,7009556a4706
5,3,511,380,0.0,nan,3.002800226211548,3.002774477005005,-2.574920654296875e-05,nan,1,True,42,512,crpa_contribution,7009556a4706
0,6,261,102,1.0,nan,3.009984254837036,3.0099849700927734,7.152557373046875e-07,nan,1,True,1337,512,crpa_contribution,277abdf9dde3
0,7,374,343,1.0,nan,3.009984254837036,3.0099844932556152,2.384185791015625e-07,nan,1,True,1337,512,crpa_contribution,277abdf9dde3
0,7,347,282,1.0,nan,3.009984254837036,3.009984254837036,0.0,nan,1,True,1337,512,crpa_contribution,277abdf9dde3
0,7,366,330,1.0,nan,3.009984254837036,3.0099847316741943,4.76837158203125e-07,nan,1,True,1337,512,crpa_contribution,277abdf9dde3
0,7,370,289,1.0,nan,3.009984254837036,3.009984016418457,-2.384185791015625e-07,nan,1,True,1337,512,crpa_contribution,277abdf9dde3
0,7,360,284,1.0,nan,3.009984254837036,3.0099844932556152,2.384185791015625e-07,nan,1,True,1337,512,crpa_contribution,277abdf9dde3
0,7,41,36,1.0,nan,3.009984254837036,3.009984016418457,-2.384185791015625e-07,nan,1,True,1337,512,crpa_contribution,277abdf9dde3
0,7,8,4,1.0,nan,3.009984254837036,3.009984016418457,-2.384185791015625e-07,nan,1,True,1337,512,crpa_contribution,277abdf9dde3
0,7,370,343,1.0,nan,3.009984254837036,3.009984254837036,0.0,nan,1,True,1337,512,crpa_contribution,277abdf9dde3
0,6,81,19,0.9666666388511658,nan,3.009984254837036,3.0099844932556152,2.384185791015625e-07,nan,1,True,1337,512,crpa_contribution,277abdf9dde3
0,6,80,17,0.9666666388511658,nan,3.009984254837036,3.009984016418457,-2.384185791015625e-07,nan,1,True,1337,512,crpa_contribution,277abdf9dde3
0,6,71,24,0.9615384340286255,nan,3.009984254837036,3.009984016418457,-2.384185791015625e-07,nan,1,True,1337,512,crpa_contribution,277abdf9dde3
0,6,69,19,0.9615384340286255,nan,3.009984254837036,3.0099844932556152,2.384185791015625e-07,nan,1,True,1337,512,crpa_contribution,277abdf9dde3
0,1,39,17,0.9523809552192688,nan,3.009984254837036,3.009984016418457,-2.384185791015625e-07,nan,1,True,1337,512,crpa_contribution,277abdf9dde3
0,6,210,151,0.9487179517745972,nan,3.009984254837036,3.009984254837036,0.0,nan,1,True,1337,512,crpa_contribution,277abdf9dde3
0,6,211,176,0.9487179517745972,nan,3.009984254837036,3.0099844932556152,2.384185791015625e-07,nan,1,True,1337,512,crpa_contribution,277abdf9dde3
0,6,48,41,0.9473684430122375,nan,3.009984254837036,3.009984016418457,-2.384185791015625e-07,nan,1,True,1337,512,crpa_contribution,277abdf9dde3
0,6,49,18,0.9444444179534912,nan,3.009984254837036,3.009984016418457,-2.384185791015625e-07,nan,1,True,1337,512,crpa_contribution,277abdf9dde3
0,7,74,53,0.9444444179534912,nan,3.009984254837036,3.009984016418457,-2.384185791015625e-07,nan,1,True,1337,512,crpa_contribution,277abdf9dde3
0,6,88,52,0.9428571462631226,nan,3.009984254837036,3.0099844932556152,2.384185791015625e-07,nan,1,True,1337,512,crpa_contribution,277abdf9dde3
0,6,241,233,0.942307710647583,nan,3.009984254837036,3.009984016418457,-2.384185791015625e-07,nan,1,True,1337,512,crpa_contribution,277abdf9dde3
0,6,247,141,0.942307710647583,nan,3.009984254837036,3.009984254837036,0.0,nan,1,True,1337,512,crpa_contribution,277abdf9dde3
0,6,247,223,0.942307710647583,nan,3.009984254837036,3.009983777999878,-4.76837158203125e-07,nan,1,True,1337,512,crpa_contribution,277abdf9dde3
0,6,200,151,0.939393937587738,nan,3.009984254837036,3.009984254837036,0.0,nan,1,True,1337,512,crpa_contribution,277abdf9dde3
0,6,193,159,0.9375,nan,3.009984254837036,3.009984016418457,-2.384185791015625e-07,nan,1,True,1337,512,crpa_contribution,277abdf9dde3
0,6,197,144,0.9375,nan,3.009984254837036,3.0099844932556152,2.384185791015625e-07,nan,1,True,1337,512,crpa_contribution,277abdf9dde3
0,7,58,13,0.9375,nan,3.009984254837036,3.009984016418457,-2.384185791015625e-07,nan,1,True,1337,512,crpa_contribution,277abdf9dde3
0,6,187,131,0.931034505367279,nan,3.009984254837036,3.0099844932556152,2.384185791015625e-07,nan,1,True,1337,512,crpa_contribution,277abdf9dde3
0,6,189,164,0.931034505367279,nan,3.009984254837036,3.009984016418457,-2.384185791015625e-07,nan,1,True,1337,512,crpa_contribution,277abdf9dde3
0,6,187,143,0.931034505367279,nan,3.009984254837036,3.009984254837036,0.0,nan,1,True,1337,512,crpa_contribution,277abdf9dde3
0,7,311,302,0.9285714030265808,nan,3.009984254837036,3.0099844932556152,2.384185791015625e-07,nan,1,True,1337,512,crpa_contribution,277abdf9dde3
0,7,311,284,0.9285714030265808,nan,3.009984254837036,3.0099844932556152,2.384185791015625e-07,nan,1,True,1337,512,crpa_contribution,277abdf9dde3
0,6,186,151,0.9259259104728699,nan,3.009984254837036,3.009984016418457,-2.384185791015625e-07,nan,1,True,1337,512,crpa_contribution,277abdf9dde3
0,6,186,153,0.9259259104728699,nan,3.009984254837036,3.009984254837036,0.0,nan,1,True,1337,512,crpa_contribution,277abdf9dde3
0,6,213,158,0.9230769276618958,nan,3.009984254837036,3.009983777999878,-4.76837158203125e-07,nan,1,True,1337,512,crpa_contribution,277abdf9dde3
0,6,41,17,0.9230769276618958,nan,3.009984254837036,3.009984254837036,0.0,nan,1,True,1337,512,crpa_contribution,277abdf9dde3
0,6,121,38,0.9230769276618958,nan,3.009984254837036,3.009983777999878,-4.76837158203125e-07,nan,1,True,1337,512,crpa_contribution,277abdf9dde3
0,7,40,31,0.9230769276618958,nan,3.009984254837036,3.0099844932556152,2.384185791015625e-07,nan,1,True,1337,512,crpa_contribution,277abdf9dde3
0,7,90,66,0.9200000166893005,nan,3.009984254837036,3.009984254837036,0.0,nan,1,True,1337,512,crpa_contribution,277abdf9dde3
0,7,90,53,0.9200000166893005,nan,3.009984254837036,3.009984016418457,-2.384185791015625e-07,nan,1,True,1337,512,crpa_contribution,277abdf9dde3
0,7,78,42,0.9200000166893005,nan,3.009984254837036,3.009983777999878,-4.76837158203125e-07,nan,1,True,1337,512,crpa_contribution,277abdf9dde3
0,7,210,210,0.9130434989929199,nan,3.009984254837036,3.009984016418457,-2.384185791015625e-07,nan,1,True,1337,512,crpa_contribution,277abdf9dde3
0,7,82,23,0.9130434989929199,nan,3.009984254837036,3.009984016418457,-2.384185791015625e-07,nan,1,True,1337,512,crpa_contribution,277abdf9dde3
0,7,121,58,0.9117646813392639,nan,3.009984254837036,3.009984016418457,-2.384185791015625e-07,nan,1,True,1337,512,crpa_contribution,277abdf9dde3
0,7,293,277,0.9090909361839294,nan,3.009984254837036,3.009984254837036,0.0,nan,1,True,1337,512,crpa_contribution,277abdf9dde3
0,7,84,32,0.9090909361839294,nan,3.009984254837036,3.009984254837036,0.0,nan,1,True,1337,512,crpa_contribution,277abdf9dde3
0,7,223,197,0.9090909361839294,nan,3.009984254837036,3.0099844932556152,2.384185791015625e-07,nan,1,True,1337,512,crpa_contribution,277abdf9dde3
0,7,292,289,0.9090909361839294,nan,3.009984254837036,3.009984016418457,-2.384185791015625e-07,nan,1,True,1337,512,crpa_contribution,277abdf9dde3
0,7,222,198,0.9090909361839294,nan,3.009984254837036,3.009984016418457,-2.384185791015625e-07,nan,1,True,1337,512,crpa_contribution,277abdf9dde3
0,2,39,5,0.8947368264198303,nan,3.009984254837036,3.009984254837036,0.0,nan,1,True,1337,512,crpa_contribution,277abdf9dde3
0,0,75,23,0.8717948794364929,nan,3.009984254837036,3.009984016418457,-2.384185791015625e-07,nan,1,True,1337,512,crpa_contribution,277abdf9dde3
0,0,121,5,0.8644067645072937,nan,3.009984254837036,3.0099844932556152,2.384185791015625e-07,nan,1,True,1337,512,crpa_contribution,277abdf9dde3
0,0,112,5,0.859649121761322,nan,3.009984254837036,3.009984254837036,0.0,nan,1,True,1337,512,crpa_contribution,277abdf9dde3
0,0,112,112,0.859649121761322,nan,3.009984254837036,3.009984016418457,-2.384185791015625e-07,nan,1,True,1337,512,crpa_contribution,277abdf9dde3
0,0,14,11,0.8571428656578064,nan,3.009984254837036,3.0099844932556152,2.384185791015625e-07,nan,1,True,1337,512,crpa_contribution,277abdf9dde3
0,0,107,105,0.8545454740524292,nan,3.009984254837036,3.009984016418457,-2.384185791015625e-07,nan,1,True,1337,512,crpa_contribution,277abdf9dde3
0,0,119,66,0.8524590134620667,nan,3.009984254837036,3.009984016418457,-2.384185791015625e-07,nan,1,True,1337,512,crpa_contribution,277abdf9dde3
0,0,104,21,0.8518518805503845,nan,3.009984254837036,3.009984254837036,0.0,nan,1,True,1337,512,crpa_contribution,277abdf9dde3
0,0,491,462,0.8500000238418579,nan,3.009984254837036,3.0099833011627197,-9.5367431640625e-07,nan,1,True,1337,512,crpa_contribution,277abdf9dde3
0,2,198,102,0.8500000238418579,nan,3.009984254837036,3.009984254837036,0.0,nan,1,True,1337,512,crpa_contribution,277abdf9dde3
0,0,109,35,0.8474576473236084,nan,3.009984254837036,3.009983777999878,-4.76837158203125e-07,nan,1,True,1337,512,crpa_contribution,277abdf9dde3
0,0,101,18,0.8461538553237915,nan,3.009984254837036,3.0099844932556152,2.384185791015625e-07,nan,1,True,1337,512,crpa_contribution,277abdf9dde3
0,1,33,6,0.8461538553237915,nan,3.009984254837036,3.009984016418457,-2.384185791015625e-07,nan,1,True,1337,512,crpa_contribution,277abdf9dde3
0,0,46,25,0.8399999737739563,nan,3.009984254837036,3.0099847316741943,4.76837158203125e-07,nan,1,True,1337,512,crpa_contribution,277abdf9dde3
0,1,437,409,0.8387096524238586,nan,3.009984254837036,3.0099847316741943,4.76837158203125e-07,nan,1,True,1337,512,crpa_contribution,277abdf9dde3
0,0,227,188,0.8333333134651184,nan,3.009984254837036,3.009984254837036,0.0,nan,1,True,1337,512,crpa_contribution,277abdf9dde3
0,1,46,16,0.8333333134651184,nan,3.009984254837036,3.0099847316741943,4.76837158203125e-07,nan,1,True,1337,512,crpa_contribution,277abdf9dde3
0,1,40,23,0.8333333134651184,nan,3.009984254837036,3.0099844932556152,2.384185791015625e-07,nan,1,True,1337,512,crpa_contribution,277abdf9dde3
0,0,241,168,0.8305084705352783,nan,3.009984254837036,3.009984254837036,0.0,nan,1,True,1337,512,crpa_contribution,277abdf9dde3
0,1,68,18,0.8292682766914368,nan,3.009984254837036,3.009983777999878,-4.76837158203125e-07,nan,1,True,1337,512,crpa_contribution,277abdf9dde3
0,0,95,26,0.8269230723381042,nan,3.009984254837036,3.009984016418457,-2.384185791015625e-07,nan,1,True,1337,512,crpa_contribution,277abdf9dde3
0,0,116,100,0.8225806355476379,nan,3.009984254837036,3.009984254837036,0.0,nan,1,True,1337,512,crpa_contribution,277abdf9dde3
0,0,85,25,0.8222222328186035,nan,3.009984254837036,3.0099844932556152,2.384185791015625e-07,nan,1,True,1337,512,crpa_contribution,277abdf9dde3
0,0,464,396,0.8181818127632141,nan,3.009984254837036,3.0099844932556152,2.384185791015625e-07,nan,1,True,1337,512,crpa_contribution,277abdf9dde3
0,0,79,58,0.8181818127632141,nan,3.009984254837036,3.009984016418457,-2.384185791015625e-07,nan,1,True,1337,512,crpa_contribution,277abdf9dde3
0,1,55,35,0.8181818127632141,nan,3.009984254837036,3.009984254837036,0.0,nan,1,True,1337,512,crpa_contribution,277abdf9dde3
0,0,479,430,0.8148148059844971,nan,3.009984254837036,3.0099852085113525,9.5367431640625e-07,nan,1,True,1337,512,crpa_contribution,277abdf9dde3
0,0,478,434,0.8148148059844971,nan,3.009984254837036,3.009984254837036,0.0,nan,1,True,1337,512,crpa_contribution,277abdf9dde3
0,0,80,20,0.8139534592628479,nan,3.009984254837036,3.009983777999878,-4.76837158203125e-07,nan,1,True,1337,512,crpa_contribution,277abdf9dde3
0,0,80,15,0.8139534592628479,nan,3.009984254837036,3.009984016418457,-2.384185791015625e-07,nan,1,True,1337,512,crpa_contribution,277abdf9dde3
0,0,211,163,0.8125,nan,3.009984254837036,3.009983777999878,-4.76837158203125e-07,nan,1,True,1337,512,crpa_contribution,277abdf9dde3
0,1,26,21,0.8125,nan,3.009984254837036,3.0099844932556152,2.384185791015625e-07,nan,1,True,1337,512,crpa_contribution,277abdf9dde3
0,3,89,59,0.8048780560493469,nan,3.009984254837036,3.009984254837036,0.0,nan,1,True,1337,512,crpa_contribution,277abdf9dde3
0,1,251,237,0.8028169274330139,nan,3.009984254837036,3.009984016418457,-2.384185791015625e-07,nan,1,True,1337,512,crpa_contribution,277abdf9dde3
0,1,60,17,0.800000011920929,nan,3.009984254837036,3.009984016418457,-2.384185791015625e-07,nan,1,True,1337,512,crpa_contribution,277abdf9dde3
0,1,56,10,0.7941176295280457,nan,3.009984254837036,3.009984016418457,-2.384185791015625e-07,nan,1,True,1337,512,crpa_contribution,277abdf9dde3
0,1,67,6,0.7941176295280457,nan,3.009984254837036,3.009983777999878,-4.76837158203125e-07,nan,1,True,1337,512,crpa_contribution,277abdf9dde3
0,1,49,12,0.7931034564971924,nan,3.009984254837036,3.009984016418457,-2.384185791015625e-07,nan,1,True,1337,512,crpa_contribution,277abdf9dde3
0,4,154,145,0.7894737124443054,nan,3.009984254837036,3.0099844932556152,2.384185791015625e-07,nan,1,True,1337,512,crpa_contribution,277abdf9dde3
0,4,154,131,0.7894737124443054,nan,3.009984254837036,3.009984016418457,-2.384185791015625e-07,nan,1,True,1337,512,crpa_contribution,277abdf9dde3
0,3,489,386,0.7878788113594055,nan,3.009984254837036,3.0099844932556152,2.384185791015625e-07,nan,1,True,1337,512,crpa_contribution,277abdf9dde3
0,1,483,476,0.7868852615356445,nan,3.009984254837036,3.0099847316741943,4.76837158203125e-07,nan,1,True,1337,512,crpa_contribution,277abdf9dde3
0,1,54,35,0.7857142686843872,nan,3.009984254837036,3.0099844932556152,2.384185791015625e-07,nan,1,True,1337,512,crpa_contribution,277abdf9dde3
0,1,317,306,0.7804877758026123,nan,3.009984254837036,3.009984016418457,-2.384185791015625e-07,nan,1,True,1337,512,crpa_contribution,277abdf9dde3
0,3,79,35,0.7804877758026123,nan,3.009984254837036,3.009984016418457,-2.384185791015625e-07,nan,1,True,1337,512,crpa_contribution,277abdf9dde3
0,2,35,18,0.7777777910232544,nan,3.009984254837036,3.009984254837036,0.0,nan,1,True,1337,512,crpa_contribution,277abdf9dde3
0,2,482,391,0.7692307829856873,nan,3.009984254837036,3.0099847316741943,4.76837158203125e-07,nan,1,True,1337,512,crpa_contribution,277abdf9dde3
0,2,472,436,0.7666666507720947,nan,3.009984254837036,3.009984016418457,-2.384185791015625e-07,nan,1,True,1337,512,crpa_contribution,277abdf9dde3
0,1,436,204,0.7647058963775635,nan,3.009984254837036,3.0099852085113525,9.5367431640625e-07,nan,1,True,1337,512,crpa_contribution,277abdf9dde3
0,1,436,399,0.7647058963775635,nan,3.009984254837036,3.0099854469299316,1.1920928955078125e-06,nan,1,True,1337,512,crpa_contribution,277abdf9dde3
0,1,113,46,0.7647058963775635,nan,3.009984254837036,3.009984254837036,0.0,nan,1,True,1337,512,crpa_contribution,277abdf9dde3
0,2,482,432,0.7586206793785095,nan,3.009984254837036,3.0099844932556152,2.384185791015625e-07,nan,1,True,1337,512,crpa_contribution,277abdf9dde3
0,2,496,387,0.7586206793785095,nan,3.009984254837036,3.0099849700927734,7.152557373046875e-07,nan,1,True,1337,512,crpa_contribution,277abdf9dde3
0,2,496,397,0.7586206793785095,nan,3.009984254837036,3.0099849700927734,7.152557373046875e-07,nan,1,True,1337,512,crpa_contribution,277abdf9dde3
0,3,118,91,0.7586206793785095,nan,3.009984254837036,3.009983777999878,-4.76837158203125e-07,nan,1,True,1337,512,crpa_contribution,277abdf9dde3
0,2,72,62,0.7567567825317383,nan,3.009984254837036,3.009984016418457,-2.384185791015625e-07,nan,1,True,1337,512,crpa_contribution,277abdf9dde3
0,1,485,459,0.7540983557701111,nan,3.009984254837036,3.0099844932556152,2.384185791015625e-07,nan,1,True,1337,512,crpa_contribution,277abdf9dde3
0,2,125,30,0.7536231875419617,nan,3.009984254837036,3.009984016418457,-2.384185791015625e-07,nan,1,True,1337,512,crpa_contribution,277abdf9dde3
0,1,41,16,0.75,nan,3.009984254837036,3.009984016418457,-2.384185791015625e-07,nan,1,True,1337,512,crpa_contribution,277abdf9dde3
0,1,22,6,0.75,nan,3.009984254837036,3.0099844932556152,2.384185791015625e-07,nan,1,True,1337,512,crpa_contribution,277abdf9dde3
0,1,104,23,0.75,nan,3.009984254837036,3.009984254837036,0.0,nan,1,True,1337,512,crpa_contribution,277abdf9dde3
0,1,13,8,0.75,nan,3.009984254837036,3.009984254837036,0.0,nan,1,True,1337,512,crpa_contribution,277abdf9dde3
0,2,104,55,0.75,nan,3.009984254837036,3.009984254837036,0.0,nan,1,True,1337,512,crpa_contribution,277abdf9dde3
0,4,102,80,0.75,nan,3.009984254837036,3.009984254837036,0.0,nan,1,True,1337,512,crpa_contribution,277abdf9dde3
0,5,8,8,0.75,nan,3.009984254837036,3.009984254837036,0.0,nan,1,True,1337,512,crpa_contribution,277abdf9dde3
0,2,460,102,0.7450980544090271,nan,3.009984254837036,3.009984254837036,0.0,nan,1,True,1337,512,crpa_contribution,277abdf9dde3
0,4,90,80,0.7450980544090271,nan,3.009984254837036,3.009984254837036,0.0,nan,1,True,1337,512,crpa_contribution,277abdf9dde3
0,3,77,2,0.7441860437393188,nan,3.009984254837036,3.009984016418457,-2.384185791015625e-07,nan,1,True,1337,512,crpa_contribution,277abdf9dde3
0,2,110,49,0.7419354915618896,nan,3.009984254837036,3.009984016418457,-2.384185791015625e-07,nan,1,True,1337,512,crpa_contribution,277abdf9dde3
0,2,466,416,0.7400000095367432,nan,3.009984254837036,3.009984016418457,-2.384185791015625e-07,nan,1,True,1337,512,crpa_contribution,277abdf9dde3
0,2,459,430,0.7400000095367432,nan,3.009984254837036,3.0099849700927734,7.152557373046875e-07,nan,1,True,1337,512,crpa_contribution,277abdf9dde3
0,2,466,410,0.7400000095367432,nan,3.009984254837036,3.009984016418457,-2.384185791015625e-07,nan,1,True,1337,512,crpa_contribution,277abdf9dde3
0,2,82,26,0.739130437374115,nan,3.009984254837036,3.009984016418457,-2.384185791015625e-07,nan,1,True,1337,512,crpa_contribution,277abdf9dde3
0,2,82,38,0.739130437374115,nan,3.009984254837036,3.009984016418457,-2.384185791015625e-07,nan,1,True,1337,512,crpa_contribution,277abdf9dde3
0,2,495,399,0.734375,nan,3.009984254837036,3.009984254837036,0.0,nan,1,True,1337,512,crpa_contribution,277abdf9dde3
0,3,220,181,0.7307692170143127,nan,3.009984254837036,3.009984016418457,-2.384185791015625e-07,nan,1,True,1337,512,crpa_contribution,277abdf9dde3
0,2,78,19,0.7297297120094299,nan,3.009984254837036,3.009984254837036,0.0,nan,1,True,1337,512,crpa_contribution,277abdf9dde3
0,2,491,398,0.7213114500045776,nan,3.009984254837036,3.0099844932556152,2.384185791015625e-07,nan,1,True,1337,512,crpa_contribution,277abdf9dde3
0,2,491,414,0.7213114500045776,nan,3.009984254837036,3.0099844932556152,2.384185791015625e-07,nan,1,True,1337,512,crpa_contribution,277abdf9dde3
0,3,45,35,0.7200000286102295,nan,3.009984254837036,3.009984016418457,-2.384185791015625e-07,nan,1,True,1337,512,crpa_contribution,277abdf9dde3
0,3,491,413,0.71875,nan,3.009984254837036,3.009983539581299,-7.152557373046875e-07,nan,1,True,1337,512,crpa_contribution,277abdf9dde3
0,2,11,3,0.7142857313156128,nan,3.009984254837036,3.009984254837036,0.0,nan,1,True,1337,512,crpa_contribution,277abdf9dde3
0,2,452,390,0.7142857313156128,nan,3.009984254837036,3.009983539581299,-7.152557373046875e-07,nan,1,True,1337,512,crpa_contribution,277abdf9dde3
0,3,319,316,0.7142857313156128,nan,3.009984254837036,3.009984016418457,-2.384185791015625e-07,nan,1,True,1337,512,crpa_contribution,277abdf9dde3
0,3,483,470,0.7118644118309021,nan,3.009984254837036,3.009984016418457,-2.384185791015625e-07,nan,1,True,1337,512,crpa_contribution,277abdf9dde3
0,3,477,450,0.7118644118309021,nan,3.009984254837036,3.009984254837036,0.0,nan,1,True,1337,512,crpa_contribution,277abdf9dde3
0,3,345,328,0.7083333134651184,nan,3.009984254837036,3.0099844932556152,2.384185791015625e-07,nan,1,True,1337,512,crpa_contribution,277abdf9dde3
0,3,44,34,0.7083333134651184,nan,3.009984254837036,3.0099844932556152,2.384185791015625e-07,nan,1,True,1337,512,crpa_contribution,277abdf9dde3
0,4,91,19,0.7058823704719543,nan,3.009984254837036,3.009984016418457,-2.384185791015625e-07,nan,1,True,1337,512,crpa_contribution,277abdf9dde3
0,4,33,13,0.7058823704719543,nan,3.009984254837036,3.009984016418457,-2.384185791015625e-07,nan,1,True,1337,512,crpa_contribution,277abdf9dde3
0,3,436,425,0.7037037014961243,nan,3.009984254837036,3.0099854469299316,1.1920928955078125e-06,nan,1,True,1337,512,crpa_contribution,277abdf9dde3
0,4,50,34,0.699999988079071,nan,3.009984254837036,3.009984254837036,0.0,nan,1,True,1337,512,crpa_contribution,277abdf9dde3
0,4,14,14,0.699999988079071,nan,3.009984254837036,3.009984016418457,-2.384185791015625e-07,nan,1,True,1337,512,crpa_contribution,277abdf9dde3
0,4,85,11,0.692307710647583,nan,3.009984254837036,3.009984254837036,0.0,nan,1,True,1337,512,crpa_contribution,277abdf9dde3
0,4,297,280,0.692307710647583,nan,3.009984254837036,3.009984016418457,-2.384185791015625e-07,nan,1,True,1337,512,crpa_contribution,277abdf9dde3
0,4,285,258,0.692307710647583,nan,3.009984254837036,3.0099844932556152,2.384185791015625e-07,nan,1,True,1337,512,crpa_contribution,277abdf9dde3
0,4,45,23,0.6896551847457886,nan,3.009984254837036,3.009984016418457,-2.384185791015625e-07,nan,1,True,1337,512,crpa_contribution,277abdf9dde3
0,5,102,46,0.6808510422706604,nan,3.009984254837036,3.0099854469299316,1.1920928955078125e-06,nan,1,True,1337,512,crpa_contribution,277abdf9dde3
0,3,435,396,0.6774193644523621,nan,3.009984254837036,3.0099847316741943,4.76837158203125e-07,nan,1,True,1337,512,crpa_contribution,277abdf9dde3
0,3,479,385,0.6764705777168274,nan,3.009984254837036,3.009984016418457,-2.384185791015625e-07,nan,1,True,1337,512,crpa_contribution,277abdf9dde3
0,3,496,448,0.6764705777168274,nan,3.009984254837036,3.009983777999878,-4.76837158203125e-07,nan,1,True,1337,512,crpa_contribution,277abdf9dde3
0,4,371,356,0.6756756901741028,nan,3.009984254837036,3.009984254837036,0.0,nan,1,True,1337,512,crpa_contribution,277abdf9dde3
0,3,208,184,0.6734693646430969,nan,3.009984254837036,3.009984016418457,-2.384185791015625e-07,nan,1,True,1337,512,crpa_contribution,277abdf9dde3
0,5,207,189,0.6734693646430969,nan,3.009984254837036,3.009984254837036,0.0,nan,1,True,1337,512,crpa_contribution,277abdf9dde3
0,3,498,436,0.6714285612106323,nan,3.009984254837036,3.009984254837036,0.0,nan,1,True,1337,512,crpa_contribution,277abdf9dde3
0,3,8,4,0.6666666865348816,nan,3.009984254837036,3.009984016418457,-2.384185791015625e-07,nan,1,True,1337,512,crpa_contribution,277abdf9dde3
0,3,51,36,0.6666666865348816,nan,3.009984254837036,3.009984016418457,-2.384185791015625e-07,nan,1,True,1337,512,crpa_contribution,277abdf9dde3
0,4,206,184,0.6666666865348816,nan,3.009984254837036,3.009984254837036,0.0,nan,1,True,1337,512,crpa_contribution,277abdf9dde3
0,4,210,134,0.6666666865348816,nan,3.009984254837036,3.009984016418457,-2.384185791015625e-07,nan,1,True,1337,512,crpa_contribution,277abdf9dde3
0,4,206,162,0.6666666865348816,nan,3.009984254837036,3.009984016418457,-2.384185791015625e-07,nan,1,True,1337,512,crpa_contribution,277abdf9dde3
0,4,108,10,0.6666666865348816,nan,3.009984254837036,3.009984254837036,0.0,nan,1,True,1337,512,crpa_contribution,277abdf9dde3
0,4,112,14,0.6666666865348816,nan,3.009984254837036,3.009984016418457,-2.384185791015625e-07,nan,1,True,1337,512,crpa_contribution,277abdf9dde3
0,4,217,182,0.6610169410705566,nan,3.009984254837036,3.009984016418457,-2.384185791015625e-07,nan,1,True,1337,512,crpa_contribution,277abdf9dde3
0,4,360,271,0.6610169410705566,nan,3.009984254837036,3.009984254837036,0.0,nan,1,True,1337,512,crpa_contribution,277abdf9dde3
0,5,479,397,0.6610169410705566,nan,3.009984254837036,3.009983777999878,-4.76837158203125e-07,nan,1,True,1337,512,crpa_contribution,277abdf9dde3
0,4,230,140,0.6571428775787354,nan,3.009984254837036,3.009984016418457,-2.384185791015625e-07,nan,1,True,1337,512,crpa_contribution,277abdf9dde3
0,4,486,413,0.6567164063453674,nan,3.009984254837036,3.009984254837036,0.0,nan,1,True,1337,512,crpa_contribution,277abdf9dde3
0,3,426,406,0.65625,nan,3.009984254837036,3.0099844932556152,2.384185791015625e-07,nan,1,True,1337,512,crpa_contribution,277abdf9dde3
0,4,111,17,0.65625,nan,3.009984254837036,3.009984254837036,0.0,nan,1,True,1337,512,crpa_contribution,277abdf9dde3
0,4,111,2,0.65625,nan,3.009984254837036,3.009984254837036,0.0,nan,1,True,1337,512,crpa_contribution,277abdf9dde3
0,5,49,16,0.65625,nan,3.009984254837036,3.009983777999878,-4.76837158203125e-07,nan,1,True,1337,512,crpa_contribution,277abdf9dde3
0,5,49,28,0.65625,nan,3.009984254837036,3.009984254837036,0.0,nan,1,True,1337,512,crpa_contribution,277abdf9dde3
0,5,53,47,0.6538461446762085,nan,3.009984254837036,3.009983777999878,-4.76837158203125e-07,nan,1,True,1337,512,crpa_contribution,277abdf9dde3
0,5,53,12,0.6538461446762085,nan,3.009984254837036,3.009984254837036,0.0,nan,1,True,1337,512,crpa_contribution,277abdf9dde3
0,3,247,191,0.653333306312561,nan,3.009984254837036,3.009984016418457,-2.384185791015625e-07,nan,1,True,1337,512,crpa_contribution,277abdf9dde3
0,5,113,10,0.6515151262283325,nan,3.009984254837036,3.0099844932556152,2.384185791015625e-07,nan,1,True,1337,512,crpa_contribution,277abdf9dde3
0,3,108,11,0.6461538672447205,nan,3.009984254837036,3.009984254837036,0.0,nan,1,True,1337,512,crpa_contribution,277abdf9dde3
0,5,476,419,0.6461538672447205,nan,3.009984254837036,3.0099844932556152,2.384185791015625e-07,nan,1,True,1337,512,crpa_contribution,277abdf9dde3
0,5,476,391,0.6461538672447205,nan,3.009984254837036,3.009984016418457,-2.384185791015625e-07,nan,1,True,1337,512,crpa_contribution,277abdf9dde3
0,5,455,406,0.6363636255264282,nan,3.009984254837036,3.0099847316741943,4.76837158203125e-07,nan,1,True,1337,512,crpa_contribution,277abdf9dde3
0,5,107,33,0.6338028311729431,nan,3.009984254837036,3.009984016418457,-2.384185791015625e-07,nan,1,True,1337,512,crpa_contribution,277abdf9dde3
0,5,483,409,0.6333333253860474,nan,3.009984254837036,3.009984254837036,0.0,nan,1,True,1337,512,crpa_contribution,277abdf9dde3
0,5,487,459,0.6301369667053223,nan,3.009984254837036,3.009984254837036,0.0,nan,1,True,1337,512,crpa_contribution,277abdf9dde3
0,5,487,391,0.6301369667053223,nan,3.009984254837036,3.009984254837036,0.0,nan,1,True,1337,512,crpa_contribution,277abdf9dde3
0,5,76,75,0.6279069781303406,nan,3.009984254837036,3.009984016418457,-2.384185791015625e-07,nan,1,True,1337,512,crpa_contribution,277abdf9dde3
0,5,89,13,0.6279069781303406,nan,3.009984254837036,3.009984254837036,0.0,nan,1,True,1337,512,crpa_contribution,277abdf9dde3
0,5,380,345,0.625,nan,3.009984254837036,3.0099844932556152,2.384185791015625e-07,nan,1,True,1337,512,crpa_contribution,277abdf9dde3
0,5,20,7,0.6153846383094788,nan,3.009984254837036,3.009984254837036,0.0,nan,1,True,1337,512,crpa_contribution,277abdf9dde3
0,5,72,16,0.6111111044883728,nan,3.009984254837036,3.0099844932556152,2.384185791015625e-07,nan,1,True,1337,512,crpa_contribution,277abdf9dde3
0,5,466,411,0.6086956262588501,nan,3.009984254837036,3.0099844932556152,2.384185791015625e-07,nan,1,True,1337,512,crpa_contribution,277abdf9dde3
0,5,74,16,0.6052631735801697,nan,3.009984254837036,3.009984016418457,-2.384185791015625e-07,nan,1,True,1337,512,crpa_contribution,277abdf9dde3
0,5,74,35,0.6052631735801697,nan,3.009984254837036,3.009984016418457,-2.384185791015625e-07,nan,1,True,1337,512,crpa_contribution,277abdf9dde3
1,0,505,454,1.0,nan,3.009984254837036,3.0099849700927734,7.152557373046875e-07,nan,1,True,1337,512,crpa_contribution,277abdf9dde3
1,0,284,277,1.0,nan,3.009984254837036,3.009983777999878,-4.76837158203125e-07,nan,1,True,1337,512,crpa_contribution,277abdf9dde3
1,0,487,485,1.0,nan,3.009984254837036,3.0099844932556152,2.384185791015625e-07,nan,1,True,1337,512,crpa_contribution,277abdf9dde3
1,0,43,36,1.0,nan,3.009984254837036,3.009984016418457,-2.384185791015625e-07,nan,1,True,1337,512,crpa_contribution,277abdf9dde3
1,0,67,23,1.0,nan,3.009984254837036,3.009984254837036,0.0,nan,1,True,1337,512,crpa_contribution,277abdf9dde3
1,0,6,1,1.0,nan,3.009984254837036,3.009984254837036,0.0,nan,1,True,1337,512,crpa_contribution,277abdf9dde3
1,0,435,395,1.0,nan,3.009984254837036,3.009982109069824,-2.1457672119140625e-06,nan,1,True,1337,512,crpa_contribution,277abdf9dde3
1,0,317,313,1.0,nan,3.009984254837036,3.009983777999878,-4.76837158203125e-07,nan,1,True,1337,512,crpa_contribution,277abdf9dde3
1,0,412,400,1.0,nan,3.009984254837036,3.0099844932556152,2.384185791015625e-07,nan,1,True,1337,512,crpa_contribution,277abdf9dde3
1,0,189,146,1.0,nan,3.009984254837036,3.009984254837036,0.0,nan,1,True,1337,512,crpa_contribution,277abdf9dde3
1,0,291,288,1.0,nan,3.009984254837036,3.009984016418457,-2.384185791015625e-07,nan,1,True,1337,512,crpa_contribution,277abdf9dde3
1,0,510,400,1.0,nan,3.009984254837036,3.009984016418457,-2.384185791015625e-07,nan,1,True,1337,512,crpa_contribution,277abdf9dde3
1,0,49,32,1.0,nan,3.009984254837036,3.009984254837036,0.0,nan,1,True,1337,512,crpa_contribution,277abdf9dde3
1,0,490,402,1.0,nan,3.009984254837036,3.0099847316741943,4.76837158203125e-07,nan,1,True,1337,512,crpa_contribution,277abdf9dde3
1,0,88,36,1.0,nan,3.009984254837036,3.009984016418457,-2.384185791015625e-07,nan,1,True,1337,512,crpa_contribution,277abdf9dde3
1,0,19,7,1.0,nan,3.009984254837036,3.009984016418457,-2.384185791015625e-07,nan,1,True,1337,512,crpa_contribution,277abdf9dde3
1,0,296,271,1.0,nan,3.009984254837036,3.0099844932556152,2.384185791015625e-07,nan,1,True,1337,512,crpa_contribution,277abdf9dde3
1,0,68,26,1.0,nan,3.009984254837036,3.009984016418457,-2.384185791015625e-07,nan,1,True,1337,512,crpa_contribution,277abdf9dde3
1,0,52,36,1.0,nan,3.009984254837036,3.009984254837036,0.0,nan,1,True,1337,512,crpa_contribution,277abdf9dde3
1,0,60,32,1.0,nan,3.009984254837036,3.009984016418457,-2.384185791015625e-07,nan,1,True,1337,512,crpa_contribution,277abdf9dde3
1,0,21,8,1.0,nan,3.009984254837036,3.009984254837036,0.0,nan,1,True,1337,512,crpa_contribution,277abdf9dde3
1,0,240,170,1.0,nan,3.009984254837036,3.009984016418457,-2.384185791015625e-07,nan,1,True,1337,512,crpa_contribution,277abdf9dde3
1,0,67,26,1.0,nan,3.009984254837036,3.009984254837036,0.0,nan,1,True,1337,512,crpa_contribution,277abdf9dde3
1,0,90,36,1.0,nan,3.009984254837036,3.009984016418457,-2.384185791015625e-07,nan,1,True,1337,512,crpa_contribution,277abdf9dde3
1,1,9,3,1.0,nan,3.009984254837036,3.009984016418457,-2.384185791015625e-07,nan,1,True,1337,512,crpa_contribution,277abdf9dde3
1,1,434,415,1.0,nan,3.009984254837036,3.009984254837036,0.0,nan,1,True,1337,512,crpa_contribution,277abdf9dde3
1,1,18,0,1.0,nan,3.009984254837036,3.009984254837036,0.0,nan,1,True,1337,512,crpa_contribution,277abdf9dde3
1,1,21,9,1.0,nan,3.009984254837036,3.009984254837036,0.0,nan,1,True,1337,512,crpa_contribution,277abdf9dde3
1,1,14,2,1.0,nan,3.009984254837036,3.009983777999878,-4.76837158203125e-07,nan,1,True,1337,512,crpa_contribution,277abdf9dde3
1,2,456,428,1.0,nan,3.009984254837036,3.0099854469299316,1.1920928955078125e-06,nan,1,True,1337,512,crpa_contribution,277abdf9dde3
1,2,485,428,1.0,nan,3.009984254837036,3.0099844932556152,2.384185791015625e-07,nan,1,True,1337,512,crpa_contribution,277abdf9dde3
1,2,19,4,1.0,nan,3.009984254837036,3.009984254837036,0.0,nan,1,True,1337,512,crpa_contribution,277abdf9dde3
1,2,486,454,1.0,nan,3.009984254837036,3.009984016418457,-2.384185791015625e-07,nan,1,True,1337,512,crpa_contribution,277abdf9dde3
1,2,8,2,1.0,nan,3.009984254837036,3.009984254837036,0.0,nan,1,True,1337,512,crpa_contribution,277abdf9dde3
1,2,460,402,1.0,nan,3.009984254837036,3.009983777999878,-4.76837158203125e-07,nan,1,True,1337,512,crpa_contribution,277abdf9dde3
1,2,477,402,1.0,nan,3.009984254837036,3.0099825859069824,-1.6689300537109375e-06,nan,1,True,1337,512,crpa_contribution,277abdf9dde3
1,2,479,454,1.0,nan,3.009984254837036,3.009984254837036,0.0,nan,1,True,1337,512,crpa_contribution,277abdf9dde3
1,2,2,1,1.0,nan,3.009984254837036,3.009984254837036,0.0,nan,1,True,1337,512,crpa_contribution,277abdf9dde3
1,2,439,402,1.0,nan,3.009984254837036,3.009983539581299,-7.152557373046875e-07,nan,1,True,1337,512,crpa_contribution,277abdf9dde3
1,2,1,1,1.0,nan,3.009984254837036,3.009984016418457,-2.384185791015625e-07,nan,1,True,1337,512,crpa_contribution,277abdf9dde3
1,2,502,402,1.0,nan,3.009984254837036,3.0099830627441406,-1.1920928955078125e-06,nan,1,True,1337,512,crpa_contribution,277abdf9dde3
1,2,7,4,1.0,nan,3.009984254837036,3.009984254837036,0.0,nan,1,True,1337,512,crpa_contribution,277abdf9dde3
1,2,16,12,1.0,nan,3.009984254837036,3.009984016418457,-2.384185791015625e-07,nan,1,True,1337,512,crpa_contribution,277abdf9dde3
1,2,407,386,1.0,nan,3.009984254837036,3.0099844932556152,2.384185791015625e-07,nan,1,True,1337,512,crpa_contribution,277abdf9dde3
1,2,481,454,1.0,nan,3.009984254837036,3.0099844932556152,2.384185791015625e-07,nan,1,True,1337,512,crpa_contribution,277abdf9dde3
1,2,9,8,1.0,nan,3.009984254837036,3.009984016418457,-2.384185791015625e-07,nan,1,True,1337,512,crpa_contribution,277abdf9dde3
1,2,20,2,1.0,nan,3.009984254837036,3.009984016418457,-2.384185791015625e-07,nan,1,True,1337,512,crpa_contribution,277abdf9dde3
1,2,457,455,1.0,nan,3.009984254837036,3.0099847316741943,4.76837158203125e-07,nan,1,True,1337,512,crpa_contribution,277abdf9dde3
1,2,477,428,1.0,nan,3.009984254837036,3.0099844932556152,2.384185791015625e-07,nan,1,True,1337,512,crpa_contribution,277abdf9dde3
1,3,163,128,1.0,nan,3.009984254837036,3.009983777999878,-4.76837158203125e-07,nan,1,True,1337,512,crpa_contribution,277abdf9dde3
1,3,101,32,1.0,nan,3.009984254837036,3.009984016418457,-2.384185791015625e-07,nan,1,True,1337,512,crpa_contribution,277abdf9dde3
1,3,78,32,1.0,nan,3.009984254837036,3.009984254837036,0.0,nan,1,True,1337,512,crpa_contribution,277abdf9dde3
1,3,37,33,1.0,nan,3.009984254837036,3.009984254837036,0.0,nan,1,True,1337,512,crpa_contribution,277abdf9dde3
1,3,233,183,1.0,nan,3.009984254837036,3.009984254837036,0.0,nan,1,True,1337,512,crpa_contribution,277abdf9dde3
1,3,321,284,1.0,nan,3.009984254837036,3.009984016418457,-2.384185791015625e-07,nan,1,True,1337,512,crpa_contribution,277abdf9dde3
1,3,15,4,1.0,nan,3.009984254837036,3.009984254837036,0.0,nan,1,True,1337,512,crpa_contribution,277abdf9dde3
1,3,459,448,1.0,nan,3.009984254837036,3.009984016418457,-2.384185791015625e-07,nan,1,True,1337,512,crpa_contribution,277abdf9dde3
1,3,193,166,1.0,nan,3.009984254837036,3.009984254837036,0.0,nan,1,True,1337,512,crpa_contribution,277abdf9dde3
1,3,110,66,1.0,nan,3.009984254837036,3.009984254837036,0.0,nan,1,True,1337,512,crpa_contribution,277abdf9dde3
1,3,43,23,1.0,nan,3.009984254837036,3.009984016418457,-2.384185791015625e-07,nan,1,True,1337,512,crpa_contribution,277abdf9dde3
1,3,52,2,1.0,nan,3.009984254837036,3.009984016418457,-2.384185791015625e-07,nan,1,True,1337,512,crpa_contribution,277abdf9dde3
1,3,122,26,1.0,nan,3.009984254837036,3.009984016418457,-2.384185791015625e-07,nan,1,True,1337,512,crpa_contribution,277abdf9dde3
1,3,82,66,1.0,nan,3.009984254837036,3.009984016418457,-2.384185791015625e-07,nan,1,True,1337,512,crpa_contribution,277abdf9dde3
1,3,228,224,1.0,nan,3.009984254837036,3.009984254837036,0.0,nan,1,True,1337,512,crpa_contribution,277abdf9dde3
1,3,285,279,1.0,nan,3.009984254837036,3.009984016418457,-2.384185791015625e-07,nan,1,True,1337,512,crpa_contribution,277abdf9dde3
1,3,288,280,1.0,nan,3.009984254837036,3.009984016418457,-2.384185791015625e-07,nan,1,True,1337,512,crpa_contribution,277abdf9dde3
1,3,27,2,1.0,nan,3.009984254837036,3.009984016418457,-2.384185791015625e-07,nan,1,True,1337,512,crpa_contribution,277abdf9dde3
1,3,323,288,1.0,nan,3.009984254837036,3.009984254837036,0.0,nan,1,True,1337,512,crpa_contribution,277abdf9dde3
1,3,437,432,1.0,nan,3.009984254837036,3.009984254837036,0.0,nan,1,True,1337,512,crpa_contribution,277abdf9dde3
1,3,107,32,1.0,nan,3.009984254837036,3.009984254837036,0.0,nan,1,True,1337,512,crpa_contribution,277abdf9dde3
1,3,112,26,1.0,nan,3.009984254837036,3.009984016418457,-2.384185791015625e-07,nan,1,True,1337,512,crpa_contribution,277abdf9dde3
1,3,193,133,1.0,nan,3.009984254837036,3.009984016418457,-2.384185791015625e-07,nan,1,True,1337,512,crpa_contribution,277abdf9dde3
1,3,122,66,1.0,nan,3.009984254837036,3.009984016418457,-2.384185791015625e-07,nan,1,True,1337,512,crpa_contribution,277abdf9dde3
1,4,12,2,1.0,nan,3.009984254837036,3.009984016418457,-2.384185791015625e-07,nan,1,True,1337,512,crpa_contribution,277abdf9dde3
1,4,453,428,1.0,nan,3.009984254837036,3.009984254837036,0.0,nan,1,True,1337,512,crpa_contribution,277abdf9dde3
1,4,457,408,1.0,nan,3.009984254837036,3.0099875926971436,3.337860107421875e-06,nan,1,True,1337,512,crpa_contribution,277abdf9dde3
1,4,420,385,1.0,nan,3.009984254837036,3.0099852085113525,9.5367431640625e-07,nan,1,True,1337,512,crpa_contribution,277abdf9dde3
1,4,17,5,1.0,nan,3.009984254837036,3.009984016418457,-2.384185791015625e-07,nan,1,True,1337,512,crpa_contribution,277abdf9dde3
1,4,20,3,1.0,nan,3.009984254837036,3.009984016418457,-2.384185791015625e-07,nan,1,True,1337,512,crpa_contribution,277abdf9dde3
1,4,24,0,1.0,nan,3.009984254837036,3.0099844932556152,2.384185791015625e-07,nan,1,True,1337,512,crpa_contribution,277abdf9dde3
1,4,18,6,1.0,nan,3.009984254837036,3.009984016418457,-2.384185791015625e-07,nan,1,True,1337,512,crpa_contribution,277abdf9dde3
1,4,414,402,1.0,nan,3.009984254837036,3.0099830627441406,-1.1920928955078125e-06,nan,1,True,1337,512,crpa_contribution,277abdf9dde3
1,4,23,20,1.0,nan,3.009984254837036,3.009984254837036,0.0,nan,1,True,1337,512,crpa_contribution,277abdf9dde3
1,4,439,392,1.0,nan,3.009984254837036,3.009984254837036,0.0,nan,1,True,1337,512,crpa_contribution,277abdf9dde3
1,4,22,9,1.0,nan,3.009984254837036,3.009984016418457,-2.384185791015625e-07,nan,1,True,1337,512,crpa_contribution,277abdf9dde3
1,5,440,402,1.0,nan,3.009984254837036,3.0099844932556152,2.384185791015625e-07,nan,1,True,1337,512,crpa_contribution,277abdf9dde3
1,5,479,463,1.0,nan,3.009984254837036,3.009984016418457,-2.384185791015625e-07,nan,1,True,1337,512,crpa_contribution,277abdf9dde3
1,5,20,4,1.0,nan,3.009984254837036,3.009984016418457,-2.384185791015625e-07,nan,1,True,1337,512,crpa_contribution,277abdf9dde3
1,5,21,4,1.0,nan,3.009984254837036,3.0099844932556152,2.384185791015625e-07,nan,1,True,1337,512,crpa_contribution,277abdf9dde3
1,5,374,347,1.0,nan,3.009984254837036,3.009984016418457,-2.384185791015625e-07,nan,1,True,1337,512,crpa_contribution,277abdf9dde3
1,5,24,1,1.0,nan,3.009984254837036,3.009984016418457,-2.384185791015625e-07,nan,1,True,1337,512,crpa_contribution,277abdf9dde3
1,5,49,1,1.0,nan,3.009984254837036,3.009984016418457,-2.384185791015625e-07,nan,1,True,1337,512,crpa_contribution,277abdf9dde3
1,5,486,395,1.0,nan,3.009984254837036,3.009983539581299,-7.152557373046875e-07,nan,1,True,1337,512,crpa_contribution,277abdf9dde3
1,5,23,4,1.0,nan,3.009984254837036,3.009984016418457,-2.384185791015625e-07,nan,1,True,1337,512,crpa_contribution,277abdf9dde3
1,5,374,345,1.0,nan,3.009984254837036,3.009984254837036,0.0,nan,1,True,1337,512,crpa_contribution,277abdf9dde3
1,5,10,1,1.0,nan,3.009984254837036,3.009984016418457,-2.384185791015625e-07,nan,1,True,1337,512,crpa_contribution,277abdf9dde3
1,5,391,366,1.0,nan,3.009984254837036,3.009990930557251,6.67572021484375e-06,nan,1,True,1337,512,crpa_contribution,277abdf9dde3
1,5,19,4,1.0,nan,3.009984254837036,3.009984254837036,0.0,nan,1,True,1337,512,crpa_contribution,277abdf9dde3
1,5,439,395,1.0,nan,3.009984254837036,3.009984254837036,0.0,nan,1,True,1337,512,crpa_contribution,277abdf9dde3
1,5,37,37,1.0,nan,3.009984254837036,3.009984254837036,0.0,nan,1,True,1337,512,crpa_contribution,277abdf9dde3
1,5,479,306,1.0,nan,3.009984254837036,3.009983539581299,-7.152557373046875e-07,nan,1,True,1337,512,crpa_contribution,277abdf9dde3
1,5,490,485,1.0,nan,3.009984254837036,3.0099847316741943,4.76837158203125e-07,nan,1,True,1337,512,crpa_contribution,277abdf9dde3
1,5,398,366,1.0,nan,3.009984254837036,3.0099878311157227,3.5762786865234375e-06,nan,1,True,1337,512,crpa_contribution,277abdf9dde3
1,5,47,33,1.0,nan,3.009984254837036,3.009984016418457,-2.384185791015625e-07,nan,1,True,1337,512,crpa_contribution,277abdf9dde3
1,5,290,288,1.0,nan,3.009984254837036,3.009983777999878,-4.76837158203125e-07,nan,1,True,1337,512,crpa_contribution,277abdf9dde3
1,5,20,7,1.0,nan,3.009984254837036,3.009984254837036,0.0,nan,1,True,1337,512,crpa_contribution,277abdf9dde3
1,5,475,402,1.0,nan,3.009984254837036,3.0099854469299316,1.1920928955078125e-06,nan,1,True,1337,512,crpa_contribution,277abdf9dde3
1,5,374,366,1.0,nan,3.009984254837036,3.009984016418457,-2.384185791015625e-07,nan,1,True,1337,512,crpa_contribution,277abdf9dde3
1,5,496,402,1.0,nan,3.009984254837036,3.0099849700927734,7.152557373046875e-07,nan,1,True,1337,512,crpa_contribution,277abdf9dde3
1,6,6,5,1.0,nan,3.009984254837036,3.009984016418457,-2.384185791015625e-07,nan,1,True,1337,512,crpa_contribution,277abdf9dde3
1,6,9,2,1.0,nan,3.009984254837036,3.009984016418457,-2.384185791015625e-07,nan,1,True,1337,512,crpa_contribution,277abdf9dde3
1,7,75,36,1.0,nan,3.009984254837036,3.0099844932556152,2.384185791015625e-07,nan,1,True,1337,512,crpa_contribution,277abdf9dde3
1,7,55,13,1.0,nan,3.009984254837036,3.009984254837036,0.0,nan,1,True,1337,512,crpa_contribution,277abdf9dde3
1,7,69,33,1.0,nan,3.009984254837036,3.009984254837036,0.0,nan,1,True,1337,512,crpa_contribution,277abdf9dde3
1,7,10,7,1.0,nan,3.009984254837036,3.009984016418457,-2.384185791015625e-07,nan,1,True,1337,512,crpa_contribution,277abdf9dde3
1,7,42,30,1.0,nan,3.009984254837036,3.009984016418457,-2.384185791015625e-07,nan,1,True,1337,512,crpa_contribution,277abdf9dde3
1,7,71,32,1.0,nan,3.009984254837036,3.009984016418457,-2.384185791015625e-07,nan,1,True,1337,512,crpa_contribution,277abdf9dde3
1,7,3,2,1.0,nan,3.009984254837036,3.009984254837036,0.0,nan,1,True,1337,512,crpa_contribution,277abdf9dde3
1,7,5,4,1.0,nan,3.009984254837036,3.009984254837036,0.0,nan,1,True,1337,512,crpa_contribution,277abdf9dde3
1,7,80,12,1.0,nan,3.009984254837036,3.009984254837036,0.0,nan,1,True,1337,512,crpa_contribution,277abdf9dde3
1,7,5,1,1.0,nan,3.009984254837036,3.009984016418457,-2.384185791015625e-07,nan,1,True,1337,512,crpa_contribution,277abdf9dde3
1,7,39,13,1.0,nan,3.009984254837036,3.009984016418457,-2.384185791015625e-07,nan,1,True,1337,512,crpa_contribution,277abdf9dde3
1,7,9,1,1.0,nan,3.009984254837036,3.009984016418457,-2.384185791015625e-07,nan,1,True,1337,512,crpa_contribution,277abdf9dde3
1,7,126,1,0.9795918464660645,nan,3.009984254837036,3.009984016418457,-2.384185791015625e-07,nan,1,True,1337,512,crpa_contribution,277abdf9dde3
1,2,109,91,0.9777777791023254,nan,3.009984254837036,3.009984016418457,-2.384185791015625e-07,nan,1,True,1337,512,crpa_contribution,277abdf9dde3
1,7,112,54,0.9772727489471436,nan,3.009984254837036,3.009984254837036,0.0,nan,1,True,1337,512,crpa_contribution,277abdf9dde3
1,7,114,29,0.9772727489471436,nan,3.009984254837036,3.009984016418457,-2.384185791015625e-07,nan,1,True,1337,512,crpa_contribution,277abdf9dde3
1,1,72,6,0.9729729890823364,nan,3.009984254837036,3.009984016418457,-2.384185791015625e-07,nan,1,True,1337,512,crpa_contribution,277abdf9dde3
1,1,72,47,0.9729729890823364,nan,3.009984254837036,3.009984016418457,-2.384185791015625e-07,nan,1,True,1337,512,crpa_contribution,277abdf9dde3
1,7,92,4,0.970588207244873,nan,3.009984254837036,3.009984254837036,0.0,nan,1,True,1337,512,crpa_contribution,277abdf9dde3
1,2,63,12,0.96875,nan,3.009984254837036,3.009984016418457,-2.384185791015625e-07,nan,1,True,1337,512,crpa_contribution,277abdf9dde3
1,2,63,19,0.96875,nan,3.009984254837036,3.009984254837036,0.0,nan,1,True,1337,512,crpa_contribution,277abdf9dde3
1,2,65,27,0.96875,nan,3.009984254837036,3.009984016418457,-2.384185791015625e-07,nan,1,True,1337,512,crpa_contribution,277abdf9dde3
1,1,120,117,0.9672130942344666,nan,3.009984254837036,3.009984016418457,-2.384185791015625e-07,nan,1,True,1337,512,crpa_contribution,277abdf9dde3
1,7,82,30,0.9655172228813171,nan,3.009984254837036,3.009984016418457,-2.384185791015625e-07,nan,1,True,1337,512,crpa_contribution,277abdf9dde3
1,7,82,37,0.9655172228813171,nan,3.009984254837036,3.009984254837036,0.0,nan,1,True,1337,512,crpa_contribution,277abdf9dde3
1,7,78,66,0.9655172228813171,nan,3.009984254837036,3.009984016418457,-2.384185791015625e-07,nan,1,True,1337,512,crpa_contribution,277abdf9dde3
1,1,52,16,0.9629629850387573,nan,3.009984254837036,3.009984254837036,0.0,nan,1,True,1337,512,crpa_contribution,277abdf9dde3
1,7,60,32,0.9599999785423279,nan,3.009984254837036,3.009983777999878,-4.76837158203125e-07,nan,1,True,1337,512,crpa_contribution,277abdf9dde3
1,1,46,16,0.9583333134651184,nan,3.009984254837036,3.009984254837036,0.0,nan,1,True,1337,512,crpa_contribution,277abdf9dde3
1,7,314,287,0.95652174949646,nan,3.009984254837036,3.009984254837036,0.0,nan,1,True,1337,512,crpa_contribution,277abdf9dde3
1,7,50,7,0.95652174949646,nan,3.009984254837036,3.009983777999878,-4.76837158203125e-07,nan,1,True,1337,512,crpa_contribution,277abdf9dde3
1,7,48,37,0.95652174949646,nan,3.009984254837036,3.009984016418457,-2.384185791015625e-07,nan,1,True,1337,512,crpa_contribution,277abdf9dde3
1,7,169,136,0.95652174949646,nan,3.009984254837036,3.009984254837036,0.0,nan,1,True,1337,512,crpa_contribution,277abdf9dde3
1,1,123,77,0.953125,nan,3.009984254837036,3.009984254837036,0.0,nan,1,True,1337,512,crpa_contribution,277abdf9dde3
1,1,123,49,0.953125,nan,3.009984254837036,3.009984254837036,0.0,nan,1,True,1337,512,crpa_contribution,277abdf9dde3
1,1,40,9,0.9523809552192688,nan,3.009984254837036,3.009984016418457,-2.384185791015625e-07,nan,1,True,1337,512,crpa_contribution,277abdf9dde3
1,1,113,41,0.949999988079071,nan,3.009984254837036,3.009984016418457,-2.384185791015625e-07,nan,1,True,1337,512,crpa_contribution,277abdf9dde3
1,1,74,10,0.949999988079071,nan,3.009984254837036,3.009984254837036,0.0,nan,1,True,1337,512,crpa_contribution,277abdf9dde3
1,1,39,38,0.949999988079071,nan,3.009984254837036,3.009984016418457,-2.384185791015625e-07,nan,1,True,1337,512,crpa_contribution,277abdf9dde3
1,1,113,62,0.949999988079071,nan,3.009984254837036,3.009984254837036,0.0,nan,1,True,1337,512,crpa_contribution,277abdf9dde3
1,1,76,36,0.949999988079071,nan,3.009984254837036,3.0099844932556152,2.384185791015625e-07,nan,1,True,1337,512,crpa_contribution,277abdf9dde3
1,1,116,94,0.949999988079071,nan,3.009984254837036,3.009984016418457,-2.384185791015625e-07,nan,1,True,1337,512,crpa_contribution,277abdf9dde3
1,1,36,3,0.9473684430122375,nan,3.009984254837036,3.009984016418457,-2.384185791015625e-07,nan,1,True,1337,512,crpa_contribution,277abdf9dde3
1,1,33,2,0.9411764740943909,nan,3.009984254837036,3.009984016418457,-2.384185791015625e-07,nan,1,True,1337,512,crpa_contribution,277abdf9dde3
1,1,61,16,0.9375,nan,3.009984254837036,3.009984016418457,-2.384185791015625e-07,nan,1,True,1337,512,crpa_contribution,277abdf9dde3
1,1,57,5,0.9354838728904724,nan,3.009984254837036,3.009984254837036,0.0,nan,1,True,1337,512,crpa_contribution,277abdf9dde3
1,1,115,35,0.9333333373069763,nan,3.009984254837036,3.009984016418457,-2.384185791015625e-07,nan,1,True,1337,512,crpa_contribution,277abdf9dde3
1,4,57,47,0.9230769276618958,nan,3.009984254837036,3.009983777999878,-4.76837158203125e-07,nan,1,True,1337,512,crpa_contribution,277abdf9dde3
1,6,23,2,0.9230769276618958,nan,3.009984254837036,3.009984016418457,-2.384185791015625e-07,nan,1,True,1337,512,crpa_contribution,277abdf9dde3
1,4,51,5,0.9166666865348816,nan,3.009984254837036,3.009983777999878,-4.76837158203125e-07,nan,1,True,1337,512,crpa_contribution,277abdf9dde3
1,4,49,47,0.9166666865348816,nan,3.009984254837036,3.009984016418457,-2.384185791015625e-07,nan,1,True,1337,512,crpa_contribution,277abdf9dde3
1,4,28,9,0.9166666865348816,nan,3.009984254837036,3.009984254837036,0.0,nan,1,True,1337,512,crpa_contribution,277abdf9dde3
1,6,22,21,0.9166666865348816,nan,3.009984254837036,3.009983777999878,-4.76837158203125e-07,nan,1,True,1337,512,crpa_contribution,277abdf9dde3
1,6,22,3,0.9166666865348816,nan,3.009984254837036,3.009984016418457,-2.384185791015625e-07,nan,1,True,1337,512,crpa_contribution,277abdf9dde3
1,4,41,0,0.8888888955116272,nan,3.009984254837036,3.009984016418457,-2.384185791015625e-07,nan,1,True,1337,512,crpa_contribution,277abdf9dde3
1,4,75,68,0.8888888955116272,nan,3.009984254837036,3.009984016418457,-2.384185791015625e-07,nan,1,True,1337,512,crpa_contribution,277abdf9dde3
1,4,110,103,0.8867924809455872,nan,3.009984254837036,3.009984016418457,-2.384185791015625e-07,nan,1,True,1337,512,crpa_contribution,277abdf9dde3
1,6,45,38,0.8846153616905212,nan,3.009984254837036,3.009984254837036,0.0,nan,1,True,1337,512,crpa_contribution,277abdf9dde3
1,4,13,4,0.875,nan,3.009984254837036,3.009984254837036,0.0,nan,1,True,1337,512,crpa_contribution,277abdf9dde3
1,4,305,294,0.875,nan,3.009984254837036,3.0099844932556152,2.384185791015625e-07,nan,1,True,1337,512,crpa_contribution,277abdf9dde3
1,4,495,408,0.875,nan,3.009984254837036,3.0099847316741943,4.76837158203125e-07,nan,1,True,1337,512,crpa_contribution,277abdf9dde3
1,4,305,300,0.875,nan,3.009984254837036,3.009984254837036,0.0,nan,1,True,1337,512,crpa_contribution,277abdf9dde3
1,4,92,73,0.8666666746139526,nan,3.009984254837036,3.009984254837036,0.0,nan,1,True,1337,512,crpa_contribution,277abdf9dde3
1,6,104,28,0.8620689511299133,nan,3.009984254837036,3.009984254837036,0.0,nan,1,True,1337,512,crpa_contribution,277abdf9dde3
1,6,11,9,0.8571428656578064,nan,3.009984254837036,3.009984016418457,-2.384185791015625e-07,nan,1,True,1337,512,crpa_contribution,277abdf9dde3
1,6,12,11,0.8571428656578064,nan,3.009984254837036,3.009984016418457,-2.384185791015625e-07,nan,1,True,1337,512,crpa_contribution,277abdf9dde3
1,6,245,189,0.8550724387168884,nan,3.009984254837036,3.009984254837036,0.0,nan,1,True,1337,512,crpa_contribution,277abdf9dde3
1,6,56,49,0.8484848737716675,nan,3.009984254837036,3.009984016418457,-2.384185791015625e-07,nan,1,True,1337,512,crpa_contribution,277abdf9dde3
1,6,56,9,0.8484848737716675,nan,3.009984254837036,3.009984254837036,0.0,nan,1,True,1337,512,crpa_contribution,277abdf9dde3
1,6,243,141,0.8405796885490417,nan,3.009984254837036,3.0099844932556152,2.384185791015625e-07,nan,1,True,1337,512,crpa_contribution,277abdf9dde3
1,6,246,225,0.8405796885490417,nan,3.009984254837036,3.009984254837036,0.0,nan,1,True,1337,512,crpa_contribution,277abdf9dde3
1,6,32,31,0.8333333134651184,nan,3.009984254837036,3.009983777999878,-4.76837158203125e-07,nan,1,True,1337,512,crpa_contribution,277abdf9dde3
1,6,109,67,0.8253968358039856,nan,3.009984254837036,3.0099844932556152,2.384185791015625e-07,nan,1,True,1337,512,crpa_contribution,277abdf9dde3
1,6,107,63,0.8253968358039856,nan,3.009984254837036,3.009984016418457,-2.384185791015625e-07,nan,1,True,1337,512,crpa_contribution,277abdf9dde3
1,6,47,11,0.8214285969734192,nan,3.009984254837036,3.009984254837036,0.0,nan,1,True,1337,512,crpa_contribution,277abdf9dde3
1,6,208,148,0.8199999928474426,nan,3.009984254837036,3.009984016418457,-2.384185791015625e-07,nan,1,True,1337,512,crpa_contribution,277abdf9dde3
1,6,207,102,0.8199999928474426,nan,3.009984254837036,3.009983777999878,-4.76837158203125e-07,nan,1,True,1337,512,crpa_contribution,277abdf9dde3
1,6,208,186,0.8199999928474426,nan,3.009984254837036,3.009984254837036,0.0,nan,1,True,1337,512,crpa_contribution,277abdf9dde3
1,6,57,35,0.8181818127632141,nan,3.009984254837036,3.0099844932556152,2.384185791015625e-07,nan,1,True,1337,512,crpa_contribution,277abdf9dde3
1,6,225,184,0.8135592937469482,nan,3.009984254837036,3.009984254837036,0.0,nan,1,True,1337,512,crpa_contribution,277abdf9dde3
1,6,43,28,0.807692289352417,nan,3.009984254837036,3.009984254837036,0.0,nan,1,True,1337,512,crpa_contribution,277abdf9dde3
2,2,418,395,1.0,nan,3.009984254837036,3.009984016418457,-2.384185791015625e-07,nan,1,True,1337,512,crpa_contribution,277abdf9dde3
2,2,12,2,1.0,nan,3.009984254837036,3.009984016418457,-2.384185791015625e-07,nan,1,True,1337,512,crpa_contribution,277abdf9dde3
2,2,460,454,1.0,nan,3.009984254837036,3.009984016418457,-2.384185791015625e-07,nan,1,True,1337,512,crpa_contribution,277abdf9dde3
2,2,6,0,1.0,nan,3.009984254837036,3.009984254837036,0.0,nan,1,True,1337,512,crpa_contribution,277abdf9dde3
2,2,475,395,1.0,nan,3.009984254837036,3.009984016418457,-2.384185791015625e-07,nan,1,True,1337,512,crpa_contribution,277abdf9dde3
2,2,453,392,1.0,nan,3.009984254837036,3.009984016418457,-2.384185791015625e-07,nan,1,True,1337,512,crpa_contribution,277abdf9dde3
2,2,476,387,1.0,nan,3.009984254837036,3.009984254837036,0.0,nan,1,True,1337,512,crpa_contribution,277abdf9dde3
2,2,456,387,1.0,nan,3.009984254837036,3.009984016418457,-2.384185791015625e-07,nan,1,True,1337,512,crpa_contribution,277abdf9dde3
2,2,6,5,1.0,nan,3.009984254837036,3.009984016418457,-2.384185791015625e-07,nan,1,True,1337,512,crpa_contribution,277abdf9dde3
2,2,412,387,1.0,nan,3.009984254837036,3.009983539581299,-7.152557373046875e-07,nan,1,True,1337,512,crpa_contribution,277abdf9dde3
2,2,500,387,1.0,nan,3.009984254837036,3.009984016418457,-2.384185791015625e-07,nan,1,True,1337,512,crpa_contribution,277abdf9dde3
2,2,404,395,1.0,nan,3.009984254837036,3.009984016418457,-2.384185791015625e-07,nan,1,True,1337,512,crpa_contribution,277abdf9dde3
2,2,480,387,1.0,nan,3.009984254837036,3.009983777999878,-4.76837158203125e-07,nan,1,True,1337,512,crpa_contribution,277abdf9dde3
2,3,5,1,1.0,nan,3.009984254837036,3.009984016418457,-2.384185791015625e-07,nan,1,True,1337,512,crpa_contribution,277abdf9dde3
2,3,5,2,1.0,nan,3.009984254837036,3.009984016418457,-2.384185791015625e-07,nan,1,True,1337,512,crpa_contribution,277abdf9dde3
2,3,18,7,1.0,nan,3.009984254837036,3.009984254837036,0.0,nan,1,True,1337,512,crpa_contribution,277abdf9dde3
2,4,12,9,1.0,nan,3.009984254837036,3.009984254837036,0.0,nan,1,True,1337,512,crpa_contribution,277abdf9dde3
2,4,14,10,1.0,nan,3.009984254837036,3.009984254837036,0.0,nan,1,True,1337,512,crpa_contribution,277abdf9dde3
2,5,12,5,1.0,nan,3.009984254837036,3.009984016418457,-2.384185791015625e-07,nan,1,True,1337,512,crpa_contribution,277abdf9dde3
2,6,213,173,1.0,nan,3.009984254837036,3.009984254837036,0.0,nan,1,True,1337,512,crpa_contribution,277abdf9dde3
2,6,211,173,1.0,nan,3.009984254837036,3.009984254837036,0.0,nan,1,True,1337,512,crpa_contribution,277abdf9dde3
2,6,63,9,1.0,nan,3.009984254837036,3.0099844932556152,2.384185791015625e-07,nan,1,True,1337,512,crpa_contribution,277abdf9dde3
2,6,115,37,1.0,nan,3.009984254837036,3.009984016418457,-2.384185791015625e-07,nan,1,True,1337,512,crpa_contribution,277abdf9dde3
2,6,390,386,1.0,nan,3.009984254837036,3.009984254837036,0.0,nan,1,True,1337,512,crpa_contribution,277abdf9dde3
2,7,13,3,1.0,nan,3.009984254837036,3.0099844932556152,2.384185791015625e-07,nan,1,True,1337,512,crpa_contribution,277abdf9dde3
2,7,13,11,1.0,nan,3.009984254837036,3.009984016418457,-2.384185791015625e-07,nan,1,True,1337,512,crpa_contribution,277abdf9dde3
2,4,88,59,0.9795918464660645,nan,3.009984254837036,3.009984254837036,0.0,nan,1,True,1337,512,crpa_contribution,277abdf9dde3
2,4,88,88,0.9795918464660645,nan,3.009984254837036,3.009984016418457,-2.384185791015625e-07,nan,1,True,1337,512,crpa_contribution,277abdf9dde3
2,4,88,43,0.9795918464660645,nan,3.009984254837036,3.009984016418457,-2.384185791015625e-07,nan,1,True,1337,512,crpa_contribution,277abdf9dde3
2,6,109,17,0.9791666865348816,nan,3.009984254837036,3.009984254837036,0.0,nan,1,True,1337,512,crpa_contribution,277abdf9dde3
2,6,107,101,0.978723406791687,nan,3.009984254837036,3.009984254837036,0.0,nan,1,True,1337,512,crpa_contribution,277abdf9dde3
2,6,104,22,0.9777777791023254,nan,3.009984254837036,3.009984254837036,0.0,nan,1,True,1337,512,crpa_contribution,277abdf9dde3
2,6,85,36,0.9729729890823364,nan,3.009984254837036,3.009984254837036,0.0,nan,1,True,1337,512,crpa_contribution,277abdf9dde3
2,6,88,10,0.9729729890823364,nan,3.009984254837036,3.009984254837036,0.0,nan,1,True,1337,512,crpa_contribution,277abdf9dde3
2,6,77,52,0.9722222089767456,nan,3.009984254837036,3.009984254837036,0.0,nan,1,True,1337,512,crpa_contribution,277abdf9dde3
2,6,80,37,0.9722222089767456,nan,3.009984254837036,3.009984016418457,-2.384185791015625e-07,nan,1,True,1337,512,crpa_contribution,277abdf9dde3
2,6,82,11,0.970588207244873,nan,3.009984254837036,3.009984254837036,0.0,nan,1,True,1337,512,crpa_contribution,277abdf9dde3
2,7,56,40,0.96875,nan,3.009984254837036,3.009984254837036,0.0,nan,1,True,1337,512,crpa_contribution,277abdf9dde3
2,6,72,7,0.9677419066429138,nan,3.009984254837036,3.009984016418457,-2.384185791015625e-07,nan,1,True,1337,512,crpa_contribution,277abdf9dde3
2,4,51,39,0.9655172228813171,nan,3.009984254837036,3.009984254837036,0.0,nan,1,True,1337,512,crpa_contribution,277abdf9dde3
2,6,121,95,0.9629629850387573,nan,3.009984254837036,3.009984254837036,0.0,nan,1,True,1337,512,crpa_contribution,277abdf9dde3
2,6,236,142,0.9622641801834106,nan,3.009984254837036,3.0099844932556152,2.384185791015625e-07,nan,1,True,1337,512,crpa_contribution,277abdf9dde3
2,7,44,6,0.9615384340286255,nan,3.009984254837036,3.009984016418457,-2.384185791015625e-07,nan,1,True,1337,512,crpa_contribution,277abdf9dde3
2,4,43,26,0.9583333134651184,nan,3.009984254837036,3.009984016418457,-2.384185791015625e-07,nan,1,True,1337,512,crpa_contribution,277abdf9dde3
2,4,43,28,0.9583333134651184,nan,3.009984254837036,3.009984254837036,0.0,nan,1,True,1337,512,crpa_contribution,277abdf9dde3
2,6,50,7,0.9583333134651184,nan,3.009984254837036,3.009984254837036,0.0,nan,1,True,1337,512,crpa_contribution,277abdf9dde3
2,6,51,12,0.9583333134651184,nan,3.009984254837036,3.009984254837036,0.0,nan,1,True,1337,512,crpa_contribution,277abdf9dde3
2,6,114,52,0.9583333134651184,nan,3.009984254837036,3.009984016418457,-2.384185791015625e-07,nan,1,True,1337,512,crpa_contribution,277abdf9dde3
2,6,49,17,0.9583333134651184,nan,3.009984254837036,3.009984016418457,-2.384185791015625e-07,nan,1,True,1337,512,crpa_contribution,277abdf9dde3
2,6,45,33,0.95652174949646,nan,3.009984254837036,3.009984016418457,-2.384185791015625e-07,nan,1,True,1337,512,crpa_contribution,277abdf9dde3
2,6,45,32,0.95652174949646,nan,3.009984254837036,3.009984254837036,0.0,nan,1,True,1337,512,crpa_contribution,277abdf9dde3
2,6,219,143,0.9555555582046509,nan,3.009984254837036,3.009984254837036,0.0,nan,1,True,1337,512,crpa_contribution,277abdf9dde3
2,6,102,10,0.9545454382896423,nan,3.009984254837036,3.009984016418457,-2.384185791015625e-07,nan,1,True,1337,512,crpa_contribution,277abdf9dde3
2,7,31,10,0.9444444179534912,nan,3.009984254837036,3.0099844932556152,2.384185791015625e-07,nan,1,True,1337,512,crpa_contribution,277abdf9dde3
2,7,31,27,0.9444444179534912,nan,3.009984254837036,3.009984254837036,0.0,nan,1,True,1337,512,crpa_contribution,277abdf9dde3
2,0,29,13,0.9411764740943909,nan,3.009984254837036,3.009984254837036,0.0,nan,1,True,1337,512,crpa_contribution,277abdf9dde3
2,4,30,16,0.9411764740943909,nan,3.009984254837036,3.009984254837036,0.0,nan,1,True,1337,512,crpa_contribution,277abdf9dde3
2,4,30,11,0.9411764740943909,nan,3.009984254837036,3.009984254837036,0.0,nan,1,True,1337,512,crpa_contribution,277abdf9dde3
2,3,27,10,0.9375,nan,3.009984254837036,3.009984254837036,0.0,nan,1,True,1337,512,crpa_contribution,277abdf9dde3
2,3,24,16,0.9333333373069763,nan,3.009984254837036,3.009984254837036,0.0,nan,1,True,1337,512,crpa_contribution,277abdf9dde3
2,0,123,67,0.9285714030265808,nan,3.009984254837036,3.009984254837036,0.0,nan,1,True,1337,512,crpa_contribution,277abdf9dde3
2,3,23,1,0.9285714030265808,nan,3.009984254837036,3.0099844932556152,2.384185791015625e-07,nan,1,True,1337,512,crpa_contribution,277abdf9dde3
2,4,25,5,0.9285714030265808,nan,3.009984254837036,3.009984016418457,-2.384185791015625e-07,nan,1,True,1337,512,crpa_contribution,277abdf9dde3
2,4,46,10,0.9259259104728699,nan,3.009984254837036,3.009984016418457,-2.384185791015625e-07,nan,1,True,1337,512,crpa_contribution,277abdf9dde3
2,5,44,25,0.9259259104728699,nan,3.009984254837036,3.009984016418457,-2.384185791015625e-07,nan,1,True,1337,512,crpa_contribution,277abdf9dde3
2,5,44,28,0.9259259104728699,nan,3.009984254837036,3.009984254837036,0.0,nan,1,True,1337,512,crpa_contribution,277abdf9dde3
2,3,20,4,0.9230769276618958,nan,3.009984254837036,3.009984016418457,-2.384185791015625e-07,nan,1,True,1337,512,crpa_contribution,277abdf9dde3
2,4,109,109,0.920634925365448,nan,3.009984254837036,3.009983777999878,-4.76837158203125e-07,nan,1,True,1337,512,crpa_contribution,277abdf9dde3
2,4,107,3,0.9193548560142517,nan,3.009984254837036,3.0099844932556152,2.384185791015625e-07,nan,1,True,1337,512,crpa_contribution,277abdf9dde3
2,4,505,472,0.9178082346916199,nan,3.009984254837036,3.009984016418457,-2.384185791015625e-07,nan,1,True,1337,512,crpa_contribution,277abdf9dde3
2,4,508,456,0.9178082346916199,nan,3.009984254837036,3.009984016418457,-2.384185791015625e-07,nan,1,True,1337,512,crpa_contribution,277abdf9dde3
2,4,508,494,0.9178082346916199,nan,3.009984254837036,3.009984016418457,-2.384185791015625e-07,nan,1,True,1337,512,crpa_contribution,277abdf9dde3
2,2,24,16,0.9166666865348816,nan,3.009984254837036,3.009984016418457,-2.384185791015625e-07,nan,1,True,1337,512,crpa_contribution,277abdf9dde3
2,3,19,1,0.9166666865348816,nan,3.009984254837036,3.009984016418457,-2.384185791015625e-07,nan,1,True,1337,512,crpa_contribution,277abdf9dde3
2,4,62,31,0.9166666865348816,nan,3.009984254837036,3.009984254837036,0.0,nan,1,True,1337,512,crpa_contribution,277abdf9dde3
2,4,62,55,0.9166666865348816,nan,3.009984254837036,3.0099844932556152,2.384185791015625e-07,nan,1,True,1337,512,crpa_contribution,277abdf9dde3
2,4,231,206,0.9166666865348816,nan,3.009984254837036,3.009984254837036,0.0,nan,1,True,1337,512,crpa_contribution,277abdf9dde3
2,4,102,49,0.9152542352676392,nan,3.009984254837036,3.009984254837036,0.0,nan,1,True,1337,512,crpa_contribution,277abdf9dde3
2,4,224,189,0.9122806787490845,nan,3.009984254837036,3.009984254837036,0.0,nan,1,True,1337,512,crpa_contribution,277abdf9dde3
2,4,225,153,0.9122806787490845,nan,3.009984254837036,3.0099844932556152,2.384185791015625e-07,nan,1,True,1337,512,crpa_contribution,277abdf9dde3
2,4,224,145,0.9122806787490845,nan,3.009984254837036,3.0099844932556152,2.384185791015625e-07,nan,1,True,1337,512,crpa_contribution,277abdf9dde3
2,0,17,10,0.9090909361839294,nan,3.009984254837036,3.009984254837036,0.0,nan,1,True,1337,512,crpa_contribution,277abdf9dde3
2,0,17,11,0.9090909361839294,nan,3.009984254837036,3.009984016418457,-2.384185791015625e-07,nan,1,True,1337,512,crpa_contribution,277abdf9dde3
2,2,22,16,0.9090909361839294,nan,3.009984254837036,3.009984016418457,-2.384185791015625e-07,nan,1,True,1337,512,crpa_contribution,277abdf9dde3
2,1,14,0,0.8999999761581421,nan,3.009984254837036,3.009984254837036,0.0,nan,1,True,1337,512,crpa_contribution,277abdf9dde3
2,1,16,6,0.8999999761581421,nan,3.009984254837036,3.009984254837036,0.0,nan,1,True,1337,512,crpa_contribution,277abdf9dde3
2,2,510,428,0.8999999761581421,nan,3.009984254837036,3.009984016418457,-2.384185791015625e-07,nan,1,True,1337,512,crpa_contribution,277abdf9dde3
2,2,21,9,0.8999999761581421,nan,3.009984254837036,3.009984016418457,-2.384185791015625e-07,nan,1,True,1337,512,crpa_contribution,277abdf9dde3
2,2,473,417,0.8999999761581421,nan,3.009984254837036,3.009984016418457,-2.384185791015625e-07,nan,1,True,1337,512,crpa_contribution,277abdf9dde3
2,2,473,402,0.8999999761581421,nan,3.009984254837036,3.009984254837036,0.0,nan,1,True,1337,512,crpa_contribution,277abdf9dde3
2,3,52,8,0.8999999761581421,nan,3.009984254837036,3.009984016418457,-2.384185791015625e-07,nan,1,True,1337,512,crpa_contribution,277abdf9dde3
2,3,49,8,0.8999999761581421,nan,3.009984254837036,3.009984254837036,0.0,nan,1,True,1337,512,crpa_contribution,277abdf9dde3
2,3,52,3,0.8999999761581421,nan,3.009984254837036,3.009984254837036,0.0,nan,1,True,1337,512,crpa_contribution,277abdf9dde3
2,7,16,6,0.8999999761581421,nan,3.009984254837036,3.009984016418457,-2.384185791015625e-07,nan,1,True,1337,512,crpa_contribution,277abdf9dde3
2,7,15,9,0.8999999761581421,nan,3.009984254837036,3.009984016418457,-2.384185791015625e-07,nan,1,True,1337,512,crpa_contribution,277abdf9dde3
2,7,493,410,0.8985507488250732,nan,3.009984254837036,3.0099844932556152,2.384185791015625e-07,nan,1,True,1337,512,crpa_contribution,277abdf9dde3
2,0,46,39,0.8888888955116272,nan,3.009984254837036,3.009984254837036,0.0,nan,1,True,1337,512,crpa_contribution,277abdf9dde3
2,0,45,34,0.8888888955116272,nan,3.009984254837036,3.0099844932556152,2.384185791015625e-07,nan,1,True,1337,512,crpa_contribution,277abdf9dde3
2,1,13,9,0.8888888955116272,nan,3.009984254837036,3.009984016418457,-2.384185791015625e-07,nan,1,True,1337,512,crpa_contribution,277abdf9dde3
2,1,12,4,0.8888888955116272,nan,3.009984254837036,3.009984254837036,0.0,nan,1,True,1337,512,crpa_contribution,277abdf9dde3
2,1,13,4,0.8888888955116272,nan,3.009984254837036,3.009984016418457,-2.384185791015625e-07,nan,1,True,1337,512,crpa_contribution,277abdf9dde3
2,1,12,5,0.8888888955116272,nan,3.009984254837036,3.009984254837036,0.0,nan,1,True,1337,512,crpa_contribution,277abdf9dde3
2,2,485,455,0.8888888955116272,nan,3.009984254837036,3.009984016418457,-2.384185791015625e-07,nan,1,True,1337,512,crpa_contribution,277abdf9dde3
2,2,18,3,0.8888888955116272,nan,3.009984254837036,3.009984254837036,0.0,nan,1,True,1337,512,crpa_contribution,277abdf9dde3
2,7,423,306,0.8888888955116272,nan,3.009984254837036,3.009984016418457,-2.384185791015625e-07,nan,1,True,1337,512,crpa_contribution,277abdf9dde3
2,7,423,411,0.8888888955116272,nan,3.009984254837036,3.009983777999878,-4.76837158203125e-07,nan,1,True,1337,512,crpa_contribution,277abdf9dde3
2,7,423,409,0.8888888955116272,nan,3.009984254837036,3.009984254837036,0.0,nan,1,True,1337,512,crpa_contribution,277abdf9dde3
2,7,116,104,0.8857142925262451,nan,3.009984254837036,3.009984254837036,0.0,nan,1,True,1337,512,crpa_contribution,277abdf9dde3
2,7,116,43,0.8857142925262451,nan,3.009984254837036,3.009984254837036,0.0,nan,1,True,1337,512,crpa_contribution,277abdf9dde3
2,0,59,21,0.8823529481887817,nan,3.009984254837036,3.009984254837036,0.0,nan,1,True,1337,512,crpa_contribution,277abdf9dde3
2,0,63,37,0.8823529481887817,nan,3.009984254837036,3.009984254837036,0.0,nan,1,True,1337,512,crpa_contribution,277abdf9dde3
2,0,63,54,0.8823529481887817,nan,3.009984254837036,3.009984016418457,-2.384185791015625e-07,nan,1,True,1337,512,crpa_contribution,277abdf9dde3
2,7,59,3,0.8823529481887817,nan,3.009984254837036,3.009984254837036,0.0,nan,1,True,1337,512,crpa_contribution,277abdf9dde3
2,3,40,11,0.8799999952316284,nan,3.009984254837036,3.009984016418457,-2.384185791015625e-07,nan,1,True,1337,512,crpa_contribution,277abdf9dde3
2,1,10,2,0.875,nan,3.009984254837036,3.009984016418457,-2.384185791015625e-07,nan,1,True,1337,512,crpa_contribution,277abdf9dde3
2,1,10,0,0.875,nan,3.009984254837036,3.009984254837036,0.0,nan,1,True,1337,512,crpa_contribution,277abdf9dde3
2,2,450,387,0.875,nan,3.009984254837036,3.0099844932556152,2.384185791015625e-07,nan,1,True,1337,512,crpa_contribution,277abdf9dde3
2,5,11,4,0.875,nan,3.009984254837036,3.009984016418457,-2.384185791015625e-07,nan,1,True,1337,512,crpa_contribution,277abdf9dde3
2,7,11,10,0.875,nan,3.009984254837036,3.009984016418457,-2.384185791015625e-07,nan,1,True,1337,512,crpa_contribution,277abdf9dde3
2,0,202,167,0.8723404407501221,nan,3.009984254837036,3.009984016418457,-2.384185791015625e-07,nan,1,True,1337,512,crpa_contribution,277abdf9dde3
2,0,323,259,0.8717948794364929,nan,3.009984254837036,3.009984016418457,-2.384185791015625e-07,nan,1,True,1337,512,crpa_contribution,277abdf9dde3
2,0,50,40,0.8709677457809448,nan,3.009984254837036,3.009984254837036,0.0,nan,1,True,1337,512,crpa_contribution,277abdf9dde3
2,0,50,33,0.8709677457809448,nan,3.009984254837036,3.009984254837036,0.0,nan,1,True,1337,512,crpa_contribution,277abdf9dde3
2,2,323,318,0.8709677457809448,nan,3.009984254837036,3.009984016418457,-2.384185791015625e-07,nan,1,True,1337,512,crpa_contribution,277abdf9dde3
2,0,90,42,0.8703703880310059,nan,3.009984254837036,3.009984016418457,-2.384185791015625e-07,nan,1,True,1337,512,crpa_contribution,277abdf9dde3
2,2,44,3,0.8695651888847351,nan,3.009984254837036,3.009984254837036,0.0,nan,1,True,1337,512,crpa_contribution,277abdf9dde3
2,7,186,149,0.8684210777282715,nan,3.009984254837036,3.009984016418457,-2.384185791015625e-07,nan,1,True,1337,512,crpa_contribution,277abdf9dde3
2,7,237,102,0.8676470518112183,nan,3.009984254837036,3.0099844932556152,2.384185791015625e-07,nan,1,True,1337,512,crpa_contribution,277abdf9dde3
2,0,25,14,0.8666666746139526,nan,3.009984254837036,3.009984254837036,0.0,nan,1,True,1337,512,crpa_contribution,277abdf9dde3
2,7,63,43,0.8648648858070374,nan,3.009984254837036,3.009984254837036,0.0,nan,1,True,1337,512,crpa_contribution,277abdf9dde3
2,7,63,41,0.8648648858070374,nan,3.009984254837036,3.009984016418457,-2.384185791015625e-07,nan,1,True,1337,512,crpa_contribution,277abdf9dde3
2,7,63,61,0.8648648858070374,nan,3.009984254837036,3.009984254837036,0.0,nan,1,True,1337,512,crpa_contribution,277abdf9dde3
2,0,246,173,0.8630136847496033,nan,3.009984254837036,3.009984016418457,-2.384185791015625e-07,nan,1,True,1337,512,crpa_contribution,277abdf9dde3
2,0,88,70,0.8627451062202454,nan,3.009984254837036,3.0099844932556152,2.384185791015625e-07,nan,1,True,1337,512,crpa_contribution,277abdf9dde3
2,7,48,39,0.8620689511299133,nan,3.009984254837036,3.009984254837036,0.0,nan,1,True,1337,512,crpa_contribution,277abdf9dde3
2,1,486,475,0.8615384697914124,nan,3.009984254837036,3.009984016418457,-2.384185791015625e-07,nan,1,True,1337,512,crpa_contribution,277abdf9dde3
2,0,117,21,0.8591549396514893,nan,3.009984254837036,3.009984016418457,-2.384185791015625e-07,nan,1,True,1337,512,crpa_contribution,277abdf9dde3
2,0,10,3,0.8571428656578064,nan,3.009984254837036,3.009984254837036,0.0,nan,1,True,1337,512,crpa_contribution,277abdf9dde3
2,7,254,207,0.8571428656578064,nan,3.009984254837036,3.009984016418457,-2.384185791015625e-07,nan,1,True,1337,512,crpa_contribution,277abdf9dde3
2,0,107,99,0.8548387289047241,nan,3.009984254837036,3.0099844932556152,2.384185791015625e-07,nan,1,True,1337,512,crpa_contribution,277abdf9dde3
2,0,107,57,0.8548387289047241,nan,3.009984254837036,3.009984016418457,-2.384185791015625e-07,nan,1,True,1337,512,crpa_contribution,277abdf9dde3
2,3,94,74,0.8545454740524292,nan,3.009984254837036,3.009984016418457,-2.384185791015625e-07,nan,1,True,1337,512,crpa_contribution,277abdf9dde3
2,7,193,136,0.8536585569381714,nan,3.009984254837036,3.009984016418457,-2.384185791015625e-07,nan,1,True,1337,512,crpa_contribution,277abdf9dde3
2,0,44,38,0.8518518805503845,nan,3.009984254837036,3.009984254837036,0.0,nan,1,True,1337,512,crpa_contribution,277abdf9dde3
2,0,249,238,0.8513513803482056,nan,3.009984254837036,3.009984254837036,0.0,nan,1,True,1337,512,crpa_contribution,277abdf9dde3
2,0,80,72,0.8510638475418091,nan,3.009984254837036,3.009984016418457,-2.384185791015625e-07,nan,1,True,1337,512,crpa_contribution,277abdf9dde3
2,3,71,1,0.8500000238418579,nan,3.009984254837036,3.009984016418457,-2.384185791015625e-07,nan,1,True,1337,512,crpa_contribution,277abdf9dde3
2,3,208,177,0.849056601524353,nan,3.009984254837036,3.009984254837036,0.0,nan,1,True,1337,512,crpa_contribution,277abdf9dde3
2,3,201,147,0.8478260636329651,nan,3.009984254837036,3.009984254837036,0.0,nan,1,True,1337,512,crpa_contribution,277abdf9dde3
2,3,103,36,0.8474576473236084,nan,3.009984254837036,3.0099844932556152,2.384185791015625e-07,nan,1,True,1337,512,crpa_contribution,277abdf9dde3
2,3,186,134,0.8461538553237915,nan,3.009984254837036,3.0099844932556152,2.384185791015625e-07,nan,1,True,1337,512,crpa_contribution,277abdf9dde3
2,3,117,66,0.8450704216957092,nan,3.009984254837036,3.009984016418457,-2.384185791015625e-07,nan,1,True,1337,512,crpa_contribution,277abdf9dde3
2,3,31,29,0.8421052694320679,nan,3.009984254837036,3.009984016418457,-2.384185791015625e-07,nan,1,True,1337,512,crpa_contribution,277abdf9dde3
2,3,41,11,0.8399999737739563,nan,3.009984254837036,3.009984254837036,0.0,nan,1,True,1337,512,crpa_contribution,277abdf9dde3
2,3,110,2,0.8382353186607361,nan,3.009984254837036,3.009984016418457,-2.384185791015625e-07,nan,1,True,1337,512,crpa_contribution,277abdf9dde3
2,1,8,3,0.8333333134651184,nan,3.009984254837036,3.009984254837036,0.0,nan,1,True,1337,512,crpa_contribution,277abdf9dde3
2,1,7,0,0.8333333134651184,nan,3.009984254837036,3.009984016418457,-2.384185791015625e-07,nan,1,True,1337,512,crpa_contribution,277abdf9dde3
2,3,493,411,0.8333333134651184,nan,3.009984254837036,3.009984254837036,0.0,nan,1,True,1337,512,crpa_contribution,277abdf9dde3
2,3,161,141,0.8333333134651184,nan,3.009984254837036,3.009984254837036,0.0,nan,1,True,1337,512,crpa_contribution,277abdf9dde3
2,1,452,422,0.8222222328186035,nan,3.009984254837036,3.009984016418457,-2.384185791015625e-07,nan,1,True,1337,512,crpa_contribution,277abdf9dde3
2,5,27,3,0.8125,nan,3.009984254837036,3.009984254837036,0.0,nan,1,True,1337,512,crpa_contribution,277abdf9dde3
2,1,410,389,0.8095238208770752,nan,3.009984254837036,3.0099844932556152,2.384185791015625e-07,nan,1,True,1337,512,crpa_contribution,277abdf9dde3
2,1,480,397,0.8095238208770752,nan,3.009984254837036,3.009984254837036,0.0,nan,1,True,1337,512,crpa_contribution,277abdf9dde3
2,1,480,424,0.8095238208770752,nan,3.009984254837036,3.0099844932556152,2.384185791015625e-07,nan,1,True,1337,512,crpa_contribution,277abdf9dde3
2,1,336,304,0.8039215803146362,nan,3.009984254837036,3.009984016418457,-2.384185791015625e-07,nan,1,True,1337,512,crpa_contribution,277abdf9dde3
2,1,55,45,0.800000011920929,nan,3.009984254837036,3.009984016418457,-2.384185791015625e-07,nan,1,True,1337,512,crpa_contribution,277abdf9dde3
2,5,26,22,0.800000011920929,nan,3.009984254837036,3.009984254837036,0.0,nan,1,True,1337,512,crpa_contribution,277abdf9dde3
2,5,16,0,0.800000011920929,nan,3.009984254837036,3.009984016418457,-2.384185791015625e-07,nan,1,True,1337,512,crpa_contribution,277abdf9dde3
2,1,119,90,0.7972972989082336,nan,3.009984254837036,3.009984254837036,0.0,nan,1,True,1337,512,crpa_contribution,277abdf9dde3
2,1,117,64,0.7972972989082336,nan,3.009984254837036,3.009984254837036,0.0,nan,1,True,1337,512,crpa_contribution,277abdf9dde3
2,5,62,38,0.7804877758026123,nan,3.009984254837036,3.0099844932556152,2.384185791015625e-07,nan,1,True,1337,512,crpa_contribution,277abdf9dde3
2,5,65,56,0.7804877758026123,nan,3.009984254837036,3.009984254837036,0.0,nan,1,True,1337,512,crpa_contribution,277abdf9dde3
2,1,427,399,0.774193525314331,nan,3.009984254837036,3.009983777999878,-4.76837158203125e-07,nan,1,True,1337,512,crpa_contribution,277abdf9dde3
2,1,427,418,0.774193525314331,nan,3.009984254837036,3.0099844932556152,2.384185791015625e-07,nan,1,True,1337,512,crpa_contribution,277abdf9dde3
2,1,462,388,0.7719298005104065,nan,3.009984254837036,3.009984016418457,-2.384185791015625e-07,nan,1,True,1337,512,crpa_contribution,277abdf9dde3
2,1,462,440,0.7719298005104065,nan,3.009984254837036,3.0099844932556152,2.384185791015625e-07,nan,1,True,1337,512,crpa_contribution,277abdf9dde3
2,1,112,111,0.7702702879905701,nan,3.009984254837036,3.0099844932556152,2.384185791015625e-07,nan,1,True,1337,512,crpa_contribution,277abdf9dde3
2,5,339,310,0.7692307829856873,nan,3.009984254837036,3.009984254837036,0.0,nan,1,True,1337,512,crpa_contribution,277abdf9dde3
2,5,352,258,0.7636363506317139,nan,3.009984254837036,3.009984254837036,0.0,nan,1,True,1337,512,crpa_contribution,277abdf9dde3
2,5,324,301,0.760869562625885,nan,3.009984254837036,3.009984016418457,-2.384185791015625e-07,nan,1,True,1337,512,crpa_contribution,277abdf9dde3
2,5,326,267,0.760869562625885,nan,3.009984254837036,3.009984016418457,-2.384185791015625e-07,nan,1,True,1337,512,crpa_contribution,277abdf9dde3
2,5,326,290,0.760869562625885,nan,3.009984254837036,3.0099844932556152,2.384185791015625e-07,nan,1,True,1337,512,crpa_contribution,277abdf9dde3
2,5,418,394,0.7599999904632568,nan,3.009984254837036,3.0099844932556152,2.384185791015625e-07,nan,1,True,1337,512,crpa_contribution,277abdf9dde3
2,5,323,271,0.7560975551605225,nan,3.009984254837036,3.009984016418457,-2.384185791015625e-07,nan,1,True,1337,512,crpa_contribution,277abdf9dde3
2,5,323,279,0.7560975551605225,nan,3.009984254837036,3.009984254837036,0.0,nan,1,True,1337,512,crpa_contribution,277abdf9dde3
2,5,376,274,0.75,nan,3.009984254837036,3.009984254837036,0.0,nan,1,True,1337,512,crpa_contribution,277abdf9dde3
2,5,3,3,0.75,nan,3.009984254837036,3.009984016418457,-2.384185791015625e-07,nan,1,True,1337,512,crpa_contribution,277abdf9dde3
2,5,439,418,0.75,nan,3.009984254837036,3.0099844932556152,2.384185791015625e-07,nan,1,True,1337,512,crpa_contribution,277abdf9dde3
2,5,376,204,0.75,nan,3.009984254837036,3.009984254837036,0.0,nan,1,True,1337,512,crpa_contribution,277abdf9dde3
2,5,404,403,0.75,nan,3.009984254837036,3.009983777999878,-4.76837158203125e-07,nan,1,True,1337,512,crpa_contribution,277abdf9dde3
2,5,437,386,0.75,nan,3.009984254837036,3.009984254837036,0.0,nan,1,True,1337,512,crpa_contribution,277abdf9dde3
2,5,119,49,0.75,nan,3.009984254837036,3.009984254837036,0.0,nan,1,True,1337,512,crpa_contribution,277abdf9dde3
3,0,16,2,1.0,nan,3.009984254837036,3.0099844932556152,2.384185791015625e-07,nan,1,True,1337,512,crpa_contribution,277abdf9dde3
3,0,6,2,1.0,nan,3.009984254837036,3.009984254837036,0.0,nan,1,True,1337,512,crpa_contribution,277abdf9dde3
3,0,14,0,1.0,nan,3.009984254837036,3.0099844932556152,2.384185791015625e-07,nan,1,True,1337,512,crpa_contribution,277abdf9dde3
3,0,18,6,1.0,nan,3.009984254837036,3.009984254837036,0.0,nan,1,True,1337,512,crpa_contribution,277abdf9dde3
3,0,12,3,1.0,nan,3.009984254837036,3.009984016418457,-2.384185791015625e-07,nan,1,True,1337,512,crpa_contribution,277abdf9dde3
3,0,26,16,1.0,nan,3.009984254837036,3.009984254837036,0.0,nan,1,True,1337,512,crpa_contribution,277abdf9dde3
3,1,12,5,1.0,nan,3.009984254837036,3.0099844932556152,2.384185791015625e-07,nan,1,True,1337,512,crpa_contribution,277abdf9dde3
3,1,26,10,1.0,nan,3.009984254837036,3.009984254837036,0.0,nan,1,True,1337,512,crpa_contribution,277abdf9dde3
3,1,13,5,1.0,nan,3.009984254837036,3.009984254837036,0.0,nan,1,True,1337,512,crpa_contribution,277abdf9dde3
3,1,12,4,1.0,nan,3.009984254837036,3.009984016418457,-2.384185791015625e-07,nan,1,True,1337,512,crpa_contribution,277abdf9dde3
3,1,9,2,1.0,nan,3.009984254837036,3.009984254837036,0.0,nan,1,True,1337,512,crpa_contribution,277abdf9dde3
3,1,13,0,1.0,nan,3.009984254837036,3.0099844932556152,2.384185791015625e-07,nan,1,True,1337,512,crpa_contribution,277abdf9dde3
3,1,14,3,1.0,nan,3.009984254837036,3.0099844932556152,2.384185791015625e-07,nan,1,True,1337,512,crpa_contribution,277abdf9dde3
3,1,26,5,1.0,nan,3.009984254837036,3.0099844932556152,2.384185791015625e-07,nan,1,True,1337,512,crpa_contribution,277abdf9dde3
3,3,24,20,1.0,nan,3.009984254837036,3.009984254837036,0.0,nan,1,True,1337,512,crpa_contribution,277abdf9dde3
3,3,8,6,1.0,nan,3.009984254837036,3.009984254837036,0.0,nan,1,True,1337,512,crpa_contribution,277abdf9dde3
3,4,5,5,1.0,nan,3.009984254837036,3.009984016418457,-2.384185791015625e-07,nan,1,True,1337,512,crpa_contribution,277abdf9dde3
3,4,26,0,1.0,nan,3.009984254837036,3.009984254837036,0.0,nan,1,True,1337,512,crpa_contribution,277abdf9dde3
3,4,19,0,1.0,nan,3.009984254837036,3.009984254837036,0.0,nan,1,True,1337,512,crpa_contribution,277abdf9dde3
3,4,27,0,1.0,nan,3.009984254837036,3.009984254837036,0.0,nan,1,True,1337,512,crpa_contribution,277abdf9dde3
3,4,3,3,1.0,nan,3.009984254837036,3.009984016418457,-2.384185791015625e-07,nan,1,True,1337,512,crpa_contribution,277abdf9dde3
3,4,19,6,1.0,nan,3.009984254837036,3.009984254837036,0.0,nan,1,True,1337,512,crpa_contribution,277abdf9dde3
3,4,26,16,1.0,nan,3.009984254837036,3.009984254837036,0.0,nan,1,True,1337,512,crpa_contribution,277abdf9dde3
3,4,27,11,1.0,nan,3.009984254837036,3.009984254837036,0.0,nan,1,True,1337,512,crpa_contribution,277abdf9dde3
3,4,16,0,1.0,nan,3.009984254837036,3.009984254837036,0.0,nan,1,True,1337,512,crpa_contribution,277abdf9dde3
3,5,30,5,1.0,nan,3.009984254837036,3.009984254837036,0.0,nan,1,True,1337,512,crpa_contribution,277abdf9dde3
3,5,28,27,1.0,nan,3.009984254837036,3.009984254837036,0.0,nan,1,True,1337,512,crpa_contribution,277abdf9dde3
3,5,27,16,1.0,nan,3.009984254837036,3.009984254837036,0.0,nan,1,True,1337,512,crpa_contribution,277abdf9dde3
3,5,29,11,1.0,nan,3.009984254837036,3.009984254837036,0.0,nan,1,True,1337,512,crpa_contribution,277abdf9dde3
3,5,19,5,1.0,nan,3.009984254837036,3.0099844932556152,2.384185791015625e-07,nan,1,True,1337,512,crpa_contribution,277abdf9dde3
3,5,25,11,1.0,nan,3.009984254837036,3.009984254837036,0.0,nan,1,True,1337,512,crpa_contribution,277abdf9dde3
3,5,44,41,1.0,nan,3.009984254837036,3.009984254837036,0.0,nan,1,True,1337,512,crpa_contribution,277abdf9dde3
3,5,4,3,1.0,nan,3.009984254837036,3.0099844932556152,2.384185791015625e-07,nan,1,True,1337,512,crpa_contribution,277abdf9dde3
3,5,15,11,1.0,nan,3.009984254837036,3.009984254837036,0.0,nan,1,True,1337,512,crpa_contribution,277abdf9dde3
3,5,18,9,1.0,nan,3.009984254837036,3.009984254837036,0.0,nan,1,True,1337,512,crpa_contribution,277abdf9dde3
3,5,30,10,1.0,nan,3.009984254837036,3.009984016418457,-2.384185791015625e-07,nan,1,True,1337,512,crpa_contribution,277abdf9dde3
3,6,11,11,1.0,nan,3.009984254837036,3.009984254837036,0.0,nan,1,True,1337,512,crpa_contribution,277abdf9dde3
3,6,12,11,1.0,nan,3.009984254837036,3.009984254837036,0.0,nan,1,True,1337,512,crpa_contribution,277abdf9dde3
3,6,10,3,1.0,nan,3.009984254837036,3.0099844932556152,2.384185791015625e-07,nan,1,True,1337,512,crpa_contribution,277abdf9dde3
3,6,8,2,1.0,nan,3.009984254837036,3.009984254837036,0.0,nan,1,True,1337,512,crpa_contribution,277abdf9dde3
3,6,10,9,1.0,nan,3.009984254837036,3.009984254837036,0.0,nan,1,True,1337,512,crpa_contribution,277abdf9dde3
3,7,16,0,1.0,nan,3.009984254837036,3.009984254837036,0.0,nan,1,True,1337,512,crpa_contribution,277abdf9dde3
3,7,9,5,1.0,nan,3.009984254837036,3.009984254837036,0.0,nan,1,True,1337,512,crpa_contribution,277abdf9dde3
3,7,14,1,1.0,nan,3.009984254837036,3.009984254837036,0.0,nan,1,True,1337,512,crpa_contribution,277abdf9dde3
3,7,13,9,1.0,nan,3.009984254837036,3.009984254837036,0.0,nan,1,True,1337,512,crpa_contribution,277abdf9dde3
3,7,27,1,1.0,nan,3.009984254837036,3.009984254837036,0.0,nan,1,True,1337,512,crpa_contribution,277abdf9dde3
3,7,17,16,1.0,nan,3.009984254837036,3.009984254837036,0.0,nan,1,True,1337,512,crpa_contribution,277abdf9dde3
3,7,17,3,1.0,nan,3.009984254837036,3.0099844932556152,2.384185791015625e-07,nan,1,True,1337,512,crpa_contribution,277abdf9dde3
3,7,16,2,1.0,nan,3.009984254837036,3.009984254837036,0.0,nan,1,True,1337,512,crpa_contribution,277abdf9dde3
3,5,84,2,0.9756097793579102,nan,3.009984254837036,3.009984016418457,-2.384185791015625e-07,nan,1,True,1337,512,crpa_contribution,277abdf9dde3
3,5,85,4,0.9756097793579102,nan,3.009984254837036,3.009984254837036,0.0,nan,1,True,1337,512,crpa_contribution,277abdf9dde3
3,5,315,299,0.9666666388511658,nan,3.009984254837036,3.009984016418457,-2.384185791015625e-07,nan,1,True,1337,512,crpa_contribution,277abdf9dde3
3,4,374,373,0.9642857313156128,nan,3.009984254837036,3.009984254837036,0.0,nan,1,True,1337,512,crpa_contribution,277abdf9dde3
3,5,55,4,0.9629629850387573,nan,3.009984254837036,3.0099844932556152,2.384185791015625e-07,nan,1,True,1337,512,crpa_contribution,277abdf9dde3
3,3,45,36,0.9583333134651184,nan,3.009984254837036,3.009984254837036,0.0,nan,1,True,1337,512,crpa_contribution,277abdf9dde3
3,4,49,5,0.9545454382896423,nan,3.009984254837036,3.009984254837036,0.0,nan,1,True,1337,512,crpa_contribution,277abdf9dde3
3,4,87,49,0.9512194991111755,nan,3.009984254837036,3.009984254837036,0.0,nan,1,True,1337,512,crpa_contribution,277abdf9dde3
3,4,87,74,0.9512194991111755,nan,3.009984254837036,3.009984254837036,0.0,nan,1,True,1337,512,crpa_contribution,277abdf9dde3
3,5,74,29,0.9459459185600281,nan,3.009984254837036,3.009984254837036,0.0,nan,1,True,1337,512,crpa_contribution,277abdf9dde3
3,4,38,2,0.9444444179534912,nan,3.009984254837036,3.009984254837036,0.0,nan,1,True,1337,512,crpa_contribution,277abdf9dde3
3,5,109,49,0.9444444179534912,nan,3.009984254837036,3.0099844932556152,2.384185791015625e-07,nan,1,True,1337,512,crpa_contribution,277abdf9dde3
3,5,109,31,0.9444444179534912,nan,3.009984254837036,3.0099844932556152,2.384185791015625e-07,nan,1,True,1337,512,crpa_contribution,277abdf9dde3
3,1,28,8,0.9411764740943909,nan,3.009984254837036,3.009984254837036,0.0,nan,1,True,1337,512,crpa_contribution,277abdf9dde3
3,5,323,279,0.9411764740943909,nan,3.009984254837036,3.0099844932556152,2.384185791015625e-07,nan,1,True,1337,512,crpa_contribution,277abdf9dde3
3,5,66,32,0.9375,nan,3.009984254837036,3.009984016418457,-2.384185791015625e-07,nan,1,True,1337,512,crpa_contribution,277abdf9dde3
3,5,96,31,0.9375,nan,3.009984254837036,3.009984254837036,0.0,nan,1,True,1337,512,crpa_contribution,277abdf9dde3
3,5,96,90,0.9375,nan,3.009984254837036,3.009984254837036,0.0,nan,1,True,1337,512,crpa_contribution,277abdf9dde3
3,5,66,41,0.9375,nan,3.009984254837036,3.009984254837036,0.0,nan,1,True,1337,512,crpa_contribution,277abdf9dde3
3,5,66,0,0.9375,nan,3.009984254837036,3.009984254837036,0.0,nan,1,True,1337,512,crpa_contribution,277abdf9dde3
3,6,25,18,0.9333333373069763,nan,3.009984254837036,3.0099844932556152,2.384185791015625e-07,nan,1,True,1337,512,crpa_contribution,277abdf9dde3
3,4,122,16,0.9322034120559692,nan,3.009984254837036,3.009984254837036,0.0,nan,1,True,1337,512,crpa_contribution,277abdf9dde3
3,4,122,34,0.9322034120559692,nan,3.009984254837036,3.009984254837036,0.0,nan,1,True,1337,512,crpa_contribution,277abdf9dde3
3,4,314,304,0.931034505367279,nan,3.009984254837036,3.009984254837036,0.0,nan,1,True,1337,512,crpa_contribution,277abdf9dde3
3,4,119,66,0.931034505367279,nan,3.009984254837036,3.009984254837036,0.0,nan,1,True,1337,512,crpa_contribution,277abdf9dde3
3,1,22,2,0.9285714030265808,nan,3.009984254837036,3.009984254837036,0.0,nan,1,True,1337,512,crpa_contribution,277abdf9dde3
3,3,25,0,0.9285714030265808,nan,3.009984254837036,3.009984254837036,0.0,nan,1,True,1337,512,crpa_contribution,277abdf9dde3
3,4,110,105,0.9272727370262146,nan,3.009984254837036,3.009984254837036,0.0,nan,1,True,1337,512,crpa_contribution,277abdf9dde3
3,4,451,415,0.9259259104728699,nan,3.009984254837036,3.009984016418457,-2.384185791015625e-07,nan,1,True,1337,512,crpa_contribution,277abdf9dde3
3,4,309,280,0.9259259104728699,nan,3.009984254837036,3.009984254837036,0.0,nan,1,True,1337,512,crpa_contribution,277abdf9dde3
3,4,309,282,0.9259259104728699,nan,3.009984254837036,3.009984254837036,0.0,nan,1,True,1337,512,crpa_contribution,277abdf9dde3
3,3,20,6,0.9230769276618958,nan,3.009984254837036,3.0099844932556152,2.384185791015625e-07,nan,1,True,1337,512,crpa_contribution,277abdf9dde3
3,4,30,1,0.9230769276618958,nan,3.009984254837036,3.009984254837036,0.0,nan,1,True,1337,512,crpa_contribution,277abdf9dde3
3,6,22,6,0.9230769276618958,nan,3.009984254837036,3.009984254837036,0.0,nan,1,True,1337,512,crpa_contribution,277abdf9dde3
3,6,21,3,0.9230769276618958,nan,3.009984254837036,3.0099844932556152,2.384185791015625e-07,nan,1,True,1337,512,crpa_contribution,277abdf9dde3
3,7,23,2,0.9230769276618958,nan,3.009984254837036,3.009984016418457,-2.384185791015625e-07,nan,1,True,1337,512,crpa_contribution,277abdf9dde3
3,7,23,9,0.9230769276618958,nan,3.009984254837036,3.009984254837036,0.0,nan,1,True,1337,512,crpa_contribution,277abdf9dde3
3,4,77,67,0.9210526347160339,nan,3.009984254837036,3.009984254837036,0.0,nan,1,True,1337,512,crpa_contribution,277abdf9dde3
3,1,21,4,0.9166666865348816,nan,3.009984254837036,3.0099844932556152,2.384185791015625e-07,nan,1,True,1337,512,crpa_contribution,277abdf9dde3
3,6,20,17,0.9166666865348816,nan,3.009984254837036,3.0099844932556152,2.384185791015625e-07,nan,1,True,1337,512,crpa_contribution,277abdf9dde3
3,6,20,10,0.9166666865348816,nan,3.009984254837036,3.0099844932556152,2.384185791015625e-07,nan,1,True,1337,512,crpa_contribution,277abdf9dde3
3,3,64,51,0.9142857193946838,nan,3.009984254837036,3.009984254837036,0.0,nan,1,True,1337,512,crpa_contribution,277abdf9dde3
3,3,62,0,0.9142857193946838,nan,3.009984254837036,3.0099844932556152,2.384185791015625e-07,nan,1,True,1337,512,crpa_contribution,277abdf9dde3
3,0,44,10,0.9130434989929199,nan,3.009984254837036,3.009984254837036,0.0,nan,1,True,1337,512,crpa_contribution,277abdf9dde3
3,1,38,16,0.9130434989929199,nan,3.009984254837036,3.009984254837036,0.0,nan,1,True,1337,512,crpa_contribution,277abdf9dde3
3,0,19,6,0.9090909361839294,nan,3.009984254837036,3.0099844932556152,2.384185791015625e-07,nan,1,True,1337,512,crpa_contribution,277abdf9dde3
3,1,19,8,0.9090909361839294,nan,3.009984254837036,3.0099844932556152,2.384185791015625e-07,nan,1,True,1337,512,crpa_contribution,277abdf9dde3
3,7,40,31,0.9090909361839294,nan,3.009984254837036,3.009984254837036,0.0,nan,1,True,1337,512,crpa_contribution,277abdf9dde3
3,3,15,9,0.8999999761581421,nan,3.009984254837036,3.0099844932556152,2.384185791015625e-07,nan,1,True,1337,512,crpa_contribution,277abdf9dde3
3,3,16,4,0.8999999761581421,nan,3.009984254837036,3.0099844932556152,2.384185791015625e-07,nan,1,True,1337,512,crpa_contribution,277abdf9dde3
3,3,52,40,0.8999999761581421,nan,3.009984254837036,3.009984016418457,-2.384185791015625e-07,nan,1,True,1337,512,crpa_contribution,277abdf9dde3
3,7,411,397,0.8947368264198303,nan,3.009984254837036,3.009984016418457,-2.384185791015625e-07,nan,1,True,1337,512,crpa_contribution,277abdf9dde3
3,1,487,449,0.892307698726654,nan,3.009984254837036,3.009984254837036,0.0,nan,1,True,1337,512,crpa_contribution,277abdf9dde3
3,3,81,59,0.8888888955116272,nan,3.009984254837036,3.009984254837036,0.0,nan,1,True,1337,512,crpa_contribution,277abdf9dde3
3,0,86,57,0.8863636255264282,nan,3.009984254837036,3.009984254837036,0.0,nan,1,True,1337,512,crpa_contribution,277abdf9dde3
3,0,84,49,0.8863636255264282,nan,3.009984254837036,3.009984254837036,0.0,nan,1,True,1337,512,crpa_contribution,277abdf9dde3
3,0,84,66,0.8863636255264282,nan,3.009984254837036,3.009984254837036,0.0,nan,1,True,1337,512,crpa_contribution,277abdf9dde3
3,1,74,10,0.8863636255264282,nan,3.009984254837036,3.009984254837036,0.0,nan,1,True,1337,512,crpa_contribution,277abdf9dde3
3,3,335,331,0.8863636255264282,nan,3.009984254837036,3.009984016418457,-2.384185791015625e-07,nan,1,True,1337,512,crpa_contribution,277abdf9dde3
3,0,67,9,0.8823529481887817,nan,3.009984254837036,3.0099844932556152,2.384185791015625e-07,nan,1,True,1337,512,crpa_contribution,277abdf9dde3
3,0,65,26,0.8823529481887817,nan,3.009984254837036,3.009984254837036,0.0,nan,1,True,1337,512,crpa_contribution,277abdf9dde3
3,1,117,1,0.8823529481887817,nan,3.009984254837036,3.009984254837036,0.0,nan,1,True,1337,512,crpa_contribution,277abdf9dde3
3,3,29,28,0.8823529481887817,nan,3.009984254837036,3.009984254837036,0.0,nan,1,True,1337,512,crpa_contribution,277abdf9dde3
3,1,224,203,0.8813559412956238,nan,3.009984254837036,3.009984254837036,0.0,nan,1,True,1337,512,crpa_contribution,277abdf9dde3
3,1,225,149,0.8813559412956238,nan,3.009984254837036,3.0099844932556152,2.384185791015625e-07,nan,1,True,1337,512,crpa_contribution,277abdf9dde3
3,6,72,42,0.8809523582458496,nan,3.009984254837036,3.009984254837036,0.0,nan,1,True,1337,512,crpa_contribution,277abdf9dde3
3,7,245,230,0.8805969953536987,nan,3.009984254837036,3.009984254837036,0.0,nan,1,True,1337,512,crpa_contribution,277abdf9dde3
3,7,242,233,0.8805969953536987,nan,3.009984254837036,3.0099844932556152,2.384185791015625e-07,nan,1,True,1337,512,crpa_contribution,277abdf9dde3
3,1,116,22,0.8787878751754761,nan,3.009984254837036,3.0099844932556152,2.384185791015625e-07,nan,1,True,1337,512,crpa_contribution,277abdf9dde3
3,3,117,36,0.8787878751754761,nan,3.009984254837036,3.009984254837036,0.0,nan,1,True,1337,512,crpa_contribution,277abdf9dde3
3,7,116,86,0.8787878751754761,nan,3.009984254837036,3.0099844932556152,2.384185791015625e-07,nan,1,True,1337,512,crpa_contribution,277abdf9dde3
3,7,116,31,0.8787878751754761,nan,3.009984254837036,3.009984254837036,0.0,nan,1,True,1337,512,crpa_contribution,277abdf9dde3
3,7,116,71,0.8787878751754761,nan,3.009984254837036,3.0099844932556152,2.384185791015625e-07,nan,1,True,1337,512,crpa_contribution,277abdf9dde3
3,7,116,74,0.8787878751754761,nan,3.009984254837036,3.009984254837036,0.0,nan,1,True,1337,512,crpa_contribution,277abdf9dde3
3,3,88,75,0.8775510191917419,nan,3.009984254837036,3.009984254837036,0.0,nan,1,True,1337,512,crpa_contribution,277abdf9dde3
3,6,86,36,0.8775510191917419,nan,3.009984254837036,3.0099844932556152,2.384185791015625e-07,nan,1,True,1337,512,crpa_contribution,277abdf9dde3
3,0,314,308,0.875,nan,3.009984254837036,3.0099844932556152,2.384185791015625e-07,nan,1,True,1337,512,crpa_contribution,277abdf9dde3
3,1,41,29,0.875,nan,3.009984254837036,3.0099844932556152,2.384185791015625e-07,nan,1,True,1337,512,crpa_contribution,277abdf9dde3
3,1,41,6,0.875,nan,3.009984254837036,3.0099844932556152,2.384185791015625e-07,nan,1,True,1337,512,crpa_contribution,277abdf9dde3
3,3,42,4,0.875,nan,3.009984254837036,3.009984254837036,0.0,nan,1,True,1337,512,crpa_contribution,277abdf9dde3
3,3,263,261,0.875,nan,3.009984254837036,3.009984254837036,0.0,nan,1,True,1337,512,crpa_contribution,277abdf9dde3
3,3,40,6,0.875,nan,3.009984254837036,3.009984254837036,0.0,nan,1,True,1337,512,crpa_contribution,277abdf9dde3
3,3,249,232,0.875,nan,3.009984254837036,3.0099844932556152,2.384185791015625e-07,nan,1,True,1337,512,crpa_contribution,277abdf9dde3
3,3,109,81,0.875,nan,3.009984254837036,3.0099844932556152,2.384185791015625e-07,nan,1,True,1337,512,crpa_contribution,277abdf9dde3
3,3,263,256,0.875,nan,3.009984254837036,3.009984016418457,-2.384185791015625e-07,nan,1,True,1337,512,crpa_contribution,277abdf9dde3
3,7,58,27,0.875,nan,3.009984254837036,3.009984254837036,0.0,nan,1,True,1337,512,crpa_contribution,277abdf9dde3
3,7,39,27,0.875,nan,3.009984254837036,3.009984254837036,0.0,nan,1,True,1337,512,crpa_contribution,277abdf9dde3
3,7,112,4,0.875,nan,3.009984254837036,3.009984254837036,0.0,nan,1,True,1337,512,crpa_contribution,277abdf9dde3
3,7,452,403,0.875,nan,3.009984254837036,3.0099844932556152,2.384185791015625e-07,nan,1,True,1337,512,crpa_contribution,277abdf9dde3
3,7,39,8,0.875,nan,3.009984254837036,3.009984254837036,0.0,nan,1,True,1337,512,crpa_contribution,277abdf9dde3
3,7,12,1,0.875,nan,3.009984254837036,3.009984254837036,0.0,nan,1,True,1337,512,crpa_contribution,277abdf9dde3
3,0,62,4,0.8709677457809448,nan,3.009984254837036,3.009984254837036,0.0,nan,1,True,1337,512,crpa_contribution,277abdf9dde3
3,1,48,10,0.8709677457809448,nan,3.009984254837036,3.009984254837036,0.0,nan,1,True,1337,512,crpa_contribution,277abdf9dde3
3,1,48,20,0.8709677457809448,nan,3.009984254837036,3.009984016418457,-2.384185791015625e-07,nan,1,True,1337,512,crpa_contribution,277abdf9dde3
3,1,54,29,0.8709677457809448,nan,3.009984254837036,3.009984254837036,0.0,nan,1,True,1337,512,crpa_contribution,277abdf9dde3
3,6,37,0,0.8695651888847351,nan,3.009984254837036,3.009984016418457,-2.384185791015625e-07,nan,1,True,1337,512,crpa_contribution,277abdf9dde3
3,6,49,39,0.8666666746139526,nan,3.009984254837036,3.009984254837036,0.0,nan,1,True,1337,512,crpa_contribution,277abdf9dde3
3,0,46,10,0.8636363744735718,nan,3.009984254837036,3.009983777999878,-4.76837158203125e-07,nan,1,True,1337,512,crpa_contribution,277abdf9dde3
3,0,118,90,0.8615384697914124,nan,3.009984254837036,3.009984254837036,0.0,nan,1,True,1337,512,crpa_contribution,277abdf9dde3
3,0,118,41,0.8615384697914124,nan,3.009984254837036,3.009984254837036,0.0,nan,1,True,1337,512,crpa_contribution,277abdf9dde3
3,3,376,360,0.8600000143051147,nan,3.009984254837036,3.009984254837036,0.0,nan,1,True,1337,512,crpa_contribution,277abdf9dde3
3,3,373,372,0.8600000143051147,nan,3.009984254837036,3.009984254837036,0.0,nan,1,True,1337,512,crpa_contribution,277abdf9dde3
3,0,10,2,0.8571428656578064,nan,3.009984254837036,3.009984254837036,0.0,nan,1,True,1337,512,crpa_contribution,277abdf9dde3
3,0,10,6,0.8571428656578064,nan,3.009984254837036,3.009984254837036,0.0,nan,1,True,1337,512,crpa_contribution,277abdf9dde3
3,0,39,11,0.8571428656578064,nan,3.009984254837036,3.009984254837036,0.0,nan,1,True,1337,512,crpa_contribution,277abdf9dde3
3,0,39,34,0.8571428656578064,nan,3.009984254837036,3.009984254837036,0.0,nan,1,True,1337,512,crpa_contribution,277abdf9dde3
3,0,66,11,0.8571428656578064,nan,3.009984254837036,3.0099844932556152,2.384185791015625e-07,nan,1,True,1337,512,crpa_contribution,277abdf9dde3
3,3,10,6,0.8571428656578064,nan,3.009984254837036,3.009984016418457,-2.384185791015625e-07,nan,1,True,1337,512,crpa_contribution,277abdf9dde3
3,6,46,21,0.8571428656578064,nan,3.009984254837036,3.009984254837036,0.0,nan,1,True,1337,512,crpa_contribution,277abdf9dde3
3,6,81,44,0.8541666865348816,nan,3.009984254837036,3.009984254837036,0.0,nan,1,True,1337,512,crpa_contribution,277abdf9dde3
3,6,251,173,0.8513513803482056,nan,3.009984254837036,3.009984254837036,0.0,nan,1,True,1337,512,crpa_contribution,277abdf9dde3
3,6,80,76,0.8510638475418091,nan,3.009984254837036,3.009984254837036,0.0,nan,1,True,1337,512,crpa_contribution,277abdf9dde3
3,0,123,5,0.8507462739944458,nan,3.009984254837036,3.009984254837036,0.0,nan,1,True,1337,512,crpa_contribution,277abdf9dde3
3,6,244,221,0.8472222089767456,nan,3.009984254837036,3.0099844932556152,2.384185791015625e-07,nan,1,True,1337,512,crpa_contribution,277abdf9dde3
3,6,374,352,0.8448275923728943,nan,3.009984254837036,3.009984254837036,0.0,nan,1,True,1337,512,crpa_contribution,277abdf9dde3
3,6,254,143,0.8421052694320679,nan,3.009984254837036,3.0099844932556152,2.384185791015625e-07,nan,1,True,1337,512,crpa_contribution,277abdf9dde3
3,6,117,64,0.8405796885490417,nan,3.009984254837036,3.009984254837036,0.0,nan,1,True,1337,512,crpa_contribution,277abdf9dde3
3,6,104,42,0.8387096524238586,nan,3.009984254837036,3.009984254837036,0.0,nan,1,True,1337,512,crpa_contribution,277abdf9dde3
3,6,104,5,0.8387096524238586,nan,3.009984254837036,3.0099844932556152,2.384185791015625e-07,nan,1,True,1337,512,crpa_contribution,277abdf9dde3
3,2,18,14,0.7777777910232544,nan,3.009984254837036,3.009984254837036,0.0,nan,1,True,1337,512,crpa_contribution,277abdf9dde3
3,2,117,63,0.7551020383834839,nan,3.009984254837036,3.009984254837036,0.0,nan,1,True,1337,512,crpa_contribution,277abdf9dde3
3,2,245,170,0.7457627058029175,nan,3.009984254837036,3.009984254837036,0.0,nan,1,True,1337,512,crpa_contribution,277abdf9dde3
3,2,245,209,0.7457627058029175,nan,3.009984254837036,3.009984254837036,0.0,nan,1,True,1337,512,crpa_contribution,277abdf9dde3
3,2,88,35,0.739130437374115,nan,3.009984254837036,3.009984254837036,0.0,nan,1,True,1337,512,crpa_contribution,277abdf9dde3
3,2,88,59,0.739130437374115,nan,3.009984254837036,3.009984254837036,0.0,nan,1,True,1337,512,crpa_contribution,277abdf9dde3
3,2,98,64,0.738095223903656,nan,3.009984254837036,3.0099844932556152,2.384185791015625e-07,nan,1,True,1337,512,crpa_contribution,277abdf9dde3
3,2,125,121,0.7317073345184326,nan,3.009984254837036,3.009984254837036,0.0,nan,1,True,1337,512,crpa_contribution,277abdf9dde3
3,2,21,9,0.7272727489471436,nan,3.009984254837036,3.0099844932556152,2.384185791015625e-07,nan,1,True,1337,512,crpa_contribution,277abdf9dde3
3,2,200,193,0.71875,nan,3.009984254837036,3.0099844932556152,2.384185791015625e-07,nan,1,True,1337,512,crpa_contribution,277abdf9dde3
3,2,74,19,0.7096773982048035,nan,3.009984254837036,3.009984254837036,0.0,nan,1,True,1337,512,crpa_contribution,277abdf9dde3
3,2,313,280,0.7083333134651184,nan,3.009984254837036,3.009984254837036,0.0,nan,1,True,1337,512,crpa_contribution,277abdf9dde3
3,2,78,41,0.7037037014961243,nan,3.009984254837036,3.009984254837036,0.0,nan,1,True,1337,512,crpa_contribution,277abdf9dde3
3,2,62,25,0.699999988079071,nan,3.009984254837036,3.009984254837036,0.0,nan,1,True,1337,512,crpa_contribution,277abdf9dde3
3,2,62,48,0.699999988079071,nan,3.009984254837036,3.009984254837036,0.0,nan,1,True,1337,512,crpa_contribution,277abdf9dde3
3,2,64,60,0.699999988079071,nan,3.009984254837036,3.0099844932556152,2.384185791015625e-07,nan,1,True,1337,512,crpa_contribution,277abdf9dde3
3,2,223,213,0.6904761791229248,nan,3.009984254837036,3.009984254837036,0.0,nan,1,True,1337,512,crpa_contribution,277abdf9dde3
3,2,58,30,0.6875,nan,3.009984254837036,3.009984254837036,0.0,nan,1,True,1337,512,crpa_contribution,277abdf9dde3
3,2,251,239,0.686274528503418,nan,3.009984254837036,3.009984254837036,0.0,nan,1,True,1337,512,crpa_contribution,277abdf9dde3
3,2,187,185,0.6818181872367859,nan,3.009984254837036,3.009984254837036,0.0,nan,1,True,1337,512,crpa_contribution,277abdf9dde3
3,2,229,211,0.6785714030265808,nan,3.009984254837036,3.009984254837036,0.0,nan,1,True,1337,512,crpa_contribution,277abdf9dde3
3,2,229,228,0.6785714030265808,nan,3.009984254837036,3.009984254837036,0.0,nan,1,True,1337,512,crpa_contribution,277abdf9dde3
3,2,231,206,0.6764705777168274,nan,3.009984254837036,3.009984254837036,0.0,nan,1,True,1337,512,crpa_contribution,277abdf9dde3
3,2,298,278,0.6666666865348816,nan,3.009984254837036,3.009984254837036,0.0,nan,1,True,1337,512,crpa_contribution,277abdf9dde3
4,2,469,405,1.0,nan,3.009984254837036,3.009984254837036,0.0,nan,1,True,1337,512,crpa_contribution,277abdf9dde3
4,2,405,396,1.0,nan,3.009984254837036,3.009984016418457,-2.384185791015625e-07,nan,1,True,1337,512,crpa_contribution,277abdf9dde3
4,2,389,385,1.0,nan,3.009984254837036,3.009984254837036,0.0,nan,1,True,1337,512,crpa_contribution,277abdf9dde3
4,2,469,386,1.0,nan,3.009984254837036,3.009984016418457,-2.384185791015625e-07,nan,1,True,1337,512,crpa_contribution,277abdf9dde3
4,2,407,385,1.0,nan,3.009984254837036,3.0099844932556152,2.384185791015625e-07,nan,1,True,1337,512,crpa_contribution,277abdf9dde3
4,2,407,396,1.0,nan,3.009984254837036,3.009984016418457,-2.384185791015625e-07,nan,1,True,1337,512,crpa_contribution,277abdf9dde3
4,2,469,463,1.0,nan,3.009984254837036,3.0099844932556152,2.384185791015625e-07,nan,1,True,1337,512,crpa_contribution,277abdf9dde3
4,2,390,387,1.0,nan,3.009984254837036,3.0099844932556152,2.384185791015625e-07,nan,1,True,1337,512,crpa_contribution,277abdf9dde3
4,2,469,441,1.0,nan,3.009984254837036,3.009984254837036,0.0,nan,1,True,1337,512,crpa_contribution,277abdf9dde3
4,2,390,386,1.0,nan,3.009984254837036,3.009984016418457,-2.384185791015625e-07,nan,1,True,1337,512,crpa_contribution,277abdf9dde3
4,7,503,390,0.9354838728904724,nan,3.009984254837036,3.0099844932556152,2.384185791015625e-07,nan,1,True,1337,512,crpa_contribution,277abdf9dde3
4,7,500,473,0.9354838728904724,nan,3.009984254837036,3.009984254837036,0.0,nan,1,True,1337,512,crpa_contribution,277abdf9dde3
4,7,503,468,0.9354838728904724,nan,3.009984254837036,3.009984016418457,-2.384185791015625e-07,nan,1,True,1337,512,crpa_contribution,277abdf9dde3
4,7,503,482,0.9354838728904724,nan,3.009984254837036,3.009984254837036,0.0,nan,1,True,1337,512,crpa_contribution,277abdf9dde3
4,2,412,405,0.9090909361839294,nan,3.009984254837036,3.0099844932556152,2.384185791015625e-07,nan,1,True,1337,512,crpa_contribution,277abdf9dde3
4,2,417,404,0.9090909361839294,nan,3.009984254837036,3.009984254837036,0.0,nan,1,True,1337,512,crpa_contribution,277abdf9dde3
4,7,102,63,0.9032257795333862,nan,3.009984254837036,3.0099844932556152,2.384185791015625e-07,nan,1,True,1337,512,crpa_contribution,277abdf9dde3
4,0,445,440,0.9024389982223511,nan,3.009984254837036,3.009984254837036,0.0,nan,1,True,1337,512,crpa_contribution,277abdf9dde3
4,0,446,400,0.9024389982223511,nan,3.009984254837036,3.009984016418457,-2.384185791015625e-07,nan,1,True,1337,512,crpa_contribution,277abdf9dde3
4,1,450,440,0.8999999761581421,nan,3.009984254837036,3.009984016418457,-2.384185791015625e-07,nan,1,True,1337,512,crpa_contribution,277abdf9dde3
4,1,450,419,0.8999999761581421,nan,3.009984254837036,3.009984016418457,-2.384185791015625e-07,nan,1,True,1337,512,crpa_contribution,277abdf9dde3
4,7,505,482,0.8999999761581421,nan,3.009984254837036,3.009984254837036,0.0,nan,1,True,1337,512,crpa_contribution,277abdf9dde3
4,7,505,454,0.8999999761581421,nan,3.009984254837036,3.0099847316741943,4.76837158203125e-07,nan,1,True,1337,512,crpa_contribution,277abdf9dde3
4,7,493,461,0.8965517282485962,nan,3.009984254837036,3.009984016418457,-2.384185791015625e-07,nan,1,True,1337,512,crpa_contribution,277abdf9dde3
4,7,493,405,0.8965517282485962,nan,3.009984254837036,3.009984254837036,0.0,nan,1,True,1337,512,crpa_contribution,277abdf9dde3
4,7,491,488,0.8965517282485962,nan,3.009984254837036,3.009984254837036,0.0,nan,1,True,1337,512,crpa_contribution,277abdf9dde3
4,7,491,421,0.8965517282485962,nan,3.009984254837036,3.009984016418457,-2.384185791015625e-07,nan,1,True,1337,512,crpa_contribution,277abdf9dde3
4,7,494,461,0.8965517282485962,nan,3.009984254837036,3.009984016418457,-2.384185791015625e-07,nan,1,True,1337,512,crpa_contribution,277abdf9dde3
4,7,489,467,0.8928571343421936,nan,3.009984254837036,3.009984254837036,0.0,nan,1,True,1337,512,crpa_contribution,277abdf9dde3
4,7,497,467,0.8928571343421936,nan,3.009984254837036,3.0099844932556152,2.384185791015625e-07,nan,1,True,1337,512,crpa_contribution,277abdf9dde3
4,7,489,484,0.8928571343421936,nan,3.009984254837036,3.009984016418457,-2.384185791015625e-07,nan,1,True,1337,512,crpa_contribution,277abdf9dde3
4,7,481,415,0.8888888955116272,nan,3.009984254837036,3.009984016418457,-2.384185791015625e-07,nan,1,True,1337,512,crpa_contribution,277abdf9dde3
4,7,481,413,0.8888888955116272,nan,3.009984254837036,3.009984254837036,0.0,nan,1,True,1337,512,crpa_contribution,277abdf9dde3
4,4,102,54,0.8833333253860474,nan,3.009984254837036,3.009984254837036,0.0,nan,1,True,1337,512,crpa_contribution,277abdf9dde3
4,7,511,461,0.8823529481887817,nan,3.009984254837036,3.0099899768829346,5.7220458984375e-06,nan,1,True,1337,512,crpa_contribution,277abdf9dde3
4,7,504,498,0.8787878751754761,nan,3.009984254837036,3.009984016418457,-2.384185791015625e-07,nan,1,True,1337,512,crpa_contribution,277abdf9dde3
4,7,502,390,0.875,nan,3.009984254837036,3.0099844932556152,2.384185791015625e-07,nan,1,True,1337,512,crpa_contribution,277abdf9dde3
4,7,459,405,0.875,nan,3.009984254837036,3.009984254837036,0.0,nan,1,True,1337,512,crpa_contribution,277abdf9dde3
4,7,502,491,0.875,nan,3.009984254837036,3.009984016418457,-2.384185791015625e-07,nan,1,True,1337,512,crpa_contribution,277abdf9dde3
4,7,459,448,0.875,nan,3.009984254837036,3.009984254837036,0.0,nan,1,True,1337,512,crpa_contribution,277abdf9dde3
4,2,468,405,0.8666666746139526,nan,3.009984254837036,3.009984254837036,0.0,nan,1,True,1337,512,crpa_contribution,277abdf9dde3
4,7,499,473,0.8666666746139526,nan,3.009984254837036,3.009984254837036,0.0,nan,1,True,1337,512,crpa_contribution,277abdf9dde3
4,1,495,463,0.8571428656578064,nan,3.009984254837036,3.009984254837036,0.0,nan,1,True,1337,512,crpa_contribution,277abdf9dde3
4,2,102,87,0.8571428656578064,nan,3.009984254837036,3.009984254837036,0.0,nan,1,True,1337,512,crpa_contribution,277abdf9dde3
4,2,425,415,0.8571428656578064,nan,3.009984254837036,3.009984254837036,0.0,nan,1,True,1337,512,crpa_contribution,277abdf9dde3
4,2,423,415,0.8571428656578064,nan,3.009984254837036,3.009984254837036,0.0,nan,1,True,1337,512,crpa_contribution,277abdf9dde3
4,2,423,421,0.8571428656578064,nan,3.009984254837036,3.009984254837036,0.0,nan,1,True,1337,512,crpa_contribution,277abdf9dde3
4,2,423,404,0.8571428656578064,nan,3.009984254837036,3.009984254837036,0.0,nan,1,True,1337,512,crpa_contribution,277abdf9dde3
4,2,459,432,0.8500000238418579,nan,3.009984254837036,3.009984016418457,-2.384185791015625e-07,nan,1,True,1337,512,crpa_contribution,277abdf9dde3
4,2,463,434,0.8500000238418579,nan,3.009984254837036,3.009984254837036,0.0,nan,1,True,1337,512,crpa_contribution,277abdf9dde3
4,3,487,425,0.8493150472640991,nan,3.009984254837036,3.009984254837036,0.0,nan,1,True,1337,512,crpa_contribution,277abdf9dde3
4,1,420,417,0.8461538553237915,nan,3.009984254837036,3.009984254837036,0.0,nan,1,True,1337,512,crpa_contribution,277abdf9dde3
4,1,423,390,0.8461538553237915,nan,3.009984254837036,3.009984254837036,0.0,nan,1,True,1337,512,crpa_contribution,277abdf9dde3
4,1,420,385,0.8461538553237915,nan,3.009984254837036,3.009984254837036,0.0,nan,1,True,1337,512,crpa_contribution,277abdf9dde3
4,2,505,386,0.8461538553237915,nan,3.009984254837036,3.0099844932556152,2.384185791015625e-07,nan,1,True,1337,512,crpa_contribution,277abdf9dde3
4,2,505,438,0.8461538553237915,nan,3.009984254837036,3.009984254837036,0.0,nan,1,True,1337,512,crpa_contribution,277abdf9dde3
4,2,508,463,0.8461538553237915,nan,3.009984254837036,3.0099844932556152,2.384185791015625e-07,nan,1,True,1337,512,crpa_contribution,277abdf9dde3
4,2,505,406,0.8461538553237915,nan,3.009984254837036,3.0099844932556152,2.384185791015625e-07,nan,1,True,1337,512,crpa_contribution,277abdf9dde3
4,0,102,19,0.84375,nan,3.009984254837036,3.009984016418457,-2.384185791015625e-07,nan,1,True,1337,512,crpa_contribution,277abdf9dde3
4,0,102,45,0.84375,nan,3.009984254837036,3.009984016418457,-2.384185791015625e-07,nan,1,True,1337,512,crpa_contribution,277abdf9dde3
4,4,479,387,0.8307692408561707,nan,3.009984254837036,3.009984016418457,-2.384185791015625e-07,nan,1,True,1337,512,crpa_contribution,277abdf9dde3
4,4,479,393,0.8307692408561707,nan,3.009984254837036,3.009984254837036,0.0,nan,1,True,1337,512,crpa_contribution,277abdf9dde3
4,4,479,446,0.8307692408561707,nan,3.009984254837036,3.009984016418457,-2.384185791015625e-07,nan,1,True,1337,512,crpa_contribution,277abdf9dde3
4,1,481,476,0.8305084705352783,nan,3.009984254837036,3.009984016418457,-2.384185791015625e-07,nan,1,True,1337,512,crpa_contribution,277abdf9dde3
4,1,481,393,0.8305084705352783,nan,3.009984254837036,3.009984254837036,0.0,nan,1,True,1337,512,crpa_contribution,277abdf9dde3
4,1,440,439,0.8285714387893677,nan,3.009984254837036,3.009984254837036,0.0,nan,1,True,1337,512,crpa_contribution,277abdf9dde3
4,4,475,471,0.8253968358039856,nan,3.009984254837036,3.009984016418457,-2.384185791015625e-07,nan,1,True,1337,512,crpa_contribution,277abdf9dde3
4,4,475,469,0.8253968358039856,nan,3.009984254837036,3.009984254837036,0.0,nan,1,True,1337,512,crpa_contribution,277abdf9dde3
4,4,475,468,0.8253968358039856,nan,3.009984254837036,3.009984254837036,0.0,nan,1,True,1337,512,crpa_contribution,277abdf9dde3
4,0,472,413,0.8245614171028137,nan,3.009984254837036,3.009984016418457,-2.384185791015625e-07,nan,1,True,1337,512,crpa_contribution,277abdf9dde3
4,3,479,411,0.8235294222831726,nan,3.009984254837036,3.009984016418457,-2.384185791015625e-07,nan,1,True,1337,512,crpa_contribution,277abdf9dde3
4,3,481,448,0.8235294222831726,nan,3.009984254837036,3.009984016418457,-2.384185791015625e-07,nan,1,True,1337,512,crpa_contribution,277abdf9dde3
4,3,445,444,0.8222222328186035,nan,3.009984254837036,3.0099844932556152,2.384185791015625e-07,nan,1,True,1337,512,crpa_contribution,277abdf9dde3
4,3,446,388,0.8222222328186035,nan,3.009984254837036,3.009984254837036,0.0,nan,1,True,1337,512,crpa_contribution,277abdf9dde3
4,3,446,437,0.8222222328186035,nan,3.009984254837036,3.009984254837036,0.0,nan,1,True,1337,512,crpa_contribution,277abdf9dde3
4,3,446,429,0.8222222328186035,nan,3.009984254837036,3.009984254837036,0.0,nan,1,True,1337,512,crpa_contribution,277abdf9dde3
4,3,446,404,0.8222222328186035,nan,3.009984254837036,3.009984254837036,0.0,nan,1,True,1337,512,crpa_contribution,277abdf9dde3
4,3,445,394,0.8222222328186035,nan,3.009984254837036,3.009984254837036,0.0,nan,1,True,1337,512,crpa_contribution,277abdf9dde3
4,3,446,427,0.8222222328186035,nan,3.009984254837036,3.009984254837036,0.0,nan,1,True,1337,512,crpa_contribution,277abdf9dde3
4,1,425,417,0.8214285969734192,nan,3.009984254837036,3.0099844932556152,2.384185791015625e-07,nan,1,True,1337,512,crpa_contribution,277abdf9dde3
4,1,427,393,0.8214285969734192,nan,3.009984254837036,3.009984016418457,-2.384185791015625e-07,nan,1,True,1337,512,crpa_contribution,277abdf9dde3
4,1,446,402,0.8205128312110901,nan,3.009984254837036,3.0099844932556152,2.384185791015625e-07,nan,1,True,1337,512,crpa_contribution,277abdf9dde3
4,1,446,443,0.8205128312110901,nan,3.009984254837036,3.009984016418457,-2.384185791015625e-07,nan,1,True,1337,512,crpa_contribution,277abdf9dde3
4,0,478,390,0.8196721076965332,nan,3.009984254837036,3.009984254837036,0.0,nan,1,True,1337,512,crpa_contribution,277abdf9dde3
4,0,483,450,0.8196721076965332,nan,3.009984254837036,3.009983777999878,-4.76837158203125e-07,nan,1,True,1337,512,crpa_contribution,277abdf9dde3
4,0,483,413,0.8196721076965332,nan,3.009984254837036,3.009984016418457,-2.384185791015625e-07,nan,1,True,1337,512,crpa_contribution,277abdf9dde3
4,0,478,452,0.8196721076965332,nan,3.009984254837036,3.0099844932556152,2.384185791015625e-07,nan,1,True,1337,512,crpa_contribution,277abdf9dde3
4,0,478,469,0.8196721076965332,nan,3.009984254837036,3.0099844932556152,2.384185791015625e-07,nan,1,True,1337,512,crpa_contribution,277abdf9dde3
4,0,483,469,0.8196721076965332,nan,3.009984254837036,3.009984016418457,-2.384185791015625e-07,nan,1,True,1337,512,crpa_contribution,277abdf9dde3
4,1,507,401,0.8194444179534912,nan,3.009984254837036,3.009984254837036,0.0,nan,1,True,1337,512,crpa_contribution,277abdf9dde3
4,1,507,441,0.8194444179534912,nan,3.009984254837036,3.0099844932556152,2.384185791015625e-07,nan,1,True,1337,512,crpa_contribution,277abdf9dde3
4,1,507,462,0.8194444179534912,nan,3.009984254837036,3.0099844932556152,2.384185791015625e-07,nan,1,True,1337,512,crpa_contribution,277abdf9dde3
4,1,507,436,0.8194444179534912,nan,3.009984254837036,3.0099844932556152,2.384185791015625e-07,nan,1,True,1337,512,crpa_contribution,277abdf9dde3
4,1,436,410,0.8181818127632141,nan,3.009984254837036,3.009984254837036,0.0,nan,1,True,1337,512,crpa_contribution,277abdf9dde3
4,1,435,392,0.8181818127632141,nan,3.009984254837036,3.009984016418457,-2.384185791015625e-07,nan,1,True,1337,512,crpa_contribution,277abdf9dde3
4,1,435,405,0.8181818127632141,nan,3.009984254837036,3.009984016418457,-2.384185791015625e-07,nan,1,True,1337,512,crpa_contribution,277abdf9dde3
4,1,435,402,0.8181818127632141,nan,3.009984254837036,3.009984254837036,0.0,nan,1,True,1337,512,crpa_contribution,277abdf9dde3
4,1,435,401,0.8181818127632141,nan,3.009984254837036,3.009984254837036,0.0,nan,1,True,1337,512,crpa_contribution,277abdf9dde3
4,3,443,430,0.8181818127632141,nan,3.009984254837036,3.0099844932556152,2.384185791015625e-07,nan,1,True,1337,512,crpa_contribution,277abdf9dde3
4,4,480,396,0.8153846263885498,nan,3.009984254837036,3.009984254837036,0.0,nan,1,True,1337,512,crpa_contribution,277abdf9dde3
4,1,429,398,0.8148148059844971,nan,3.009984254837036,3.009984016418457,-2.384185791015625e-07,nan,1,True,1337,512,crpa_contribution,277abdf9dde3
4,1,480,457,0.8135592937469482,nan,3.009984254837036,3.009984016418457,-2.384185791015625e-07,nan,1,True,1337,512,crpa_contribution,277abdf9dde3
4,0,494,451,0.8133333325386047,nan,3.009984254837036,3.0099844932556152,2.384185791015625e-07,nan,1,True,1337,512,crpa_contribution,277abdf9dde3
4,0,500,436,0.8133333325386047,nan,3.009984254837036,3.009984016418457,-2.384185791015625e-07,nan,1,True,1337,512,crpa_contribution,277abdf9dde3
4,3,423,414,0.8064516186714172,nan,3.009984254837036,3.009984016418457,-2.384185791015625e-07,nan,1,True,1337,512,crpa_contribution,277abdf9dde3
4,3,424,420,0.8064516186714172,nan,3.009984254837036,3.009984254837036,0.0,nan,1,True,1337,512,crpa_contribution,277abdf9dde3
4,3,423,404,0.8064516186714172,nan,3.009984254837036,3.009984254837036,0.0,nan,1,True,1337,512,crpa_contribution,277abdf9dde3
4,3,423,386,0.8064516186714172,nan,3.009984254837036,3.009984254837036,0.0,nan,1,True,1337,512,crpa_contribution,277abdf9dde3
4,3,424,384,0.8064516186714172,nan,3.009984254837036,3.009984016418457,-2.384185791015625e-07,nan,1,True,1337,512,crpa_contribution,277abdf9dde3
4,3,480,432,0.8059701323509216,nan,3.009984254837036,3.009984254837036,0.0,nan,1,True,1337,512,crpa_contribution,277abdf9dde3
4,3,480,398,0.8059701323509216,nan,3.009984254837036,3.009984254837036,0.0,nan,1,True,1337,512,crpa_contribution,277abdf9dde3
4,3,475,427,0.8059701323509216,nan,3.009984254837036,3.009984254837036,0.0,nan,1,True,1337,512,crpa_contribution,277abdf9dde3
4,3,496,439,0.8024691343307495,nan,3.009984254837036,3.009984016418457,-2.384185791015625e-07,nan,1,True,1337,512,crpa_contribution,277abdf9dde3
4,3,506,391,0.8024691343307495,nan,3.009984254837036,3.009984016418457,-2.384185791015625e-07,nan,1,True,1337,512,crpa_contribution,277abdf9dde3
4,3,502,416,0.8024691343307495,nan,3.009984254837036,3.009984016418457,-2.384185791015625e-07,nan,1,True,1337,512,crpa_contribution,277abdf9dde3
4,3,502,420,0.8024691343307495,nan,3.009984254837036,3.009984254837036,0.0,nan,1,True,1337,512,crpa_contribution,277abdf9dde3
4,3,501,434,0.8024691343307495,nan,3.009984254837036,3.009984016418457,-2.384185791015625e-07,nan,1,True,1337,512,crpa_contribution,277abdf9dde3
4,4,498,458,0.800000011920929,nan,3.009984254837036,3.009984254837036,0.0,nan,1,True,1337,512,crpa_contribution,277abdf9dde3
4,4,498,489,0.800000011920929,nan,3.009984254837036,3.009984016418457,-2.384185791015625e-07,nan,1,True,1337,512,crpa_contribution,277abdf9dde3
4,4,498,480,0.800000011920929,nan,3.009984254837036,3.009984254837036,0.0,nan,1,True,1337,512,crpa_contribution,277abdf9dde3
4,4,495,406,0.800000011920929,nan,3.009984254837036,3.009984254837036,0.0,nan,1,True,1337,512,crpa_contribution,277abdf9dde3
4,4,494,454,0.800000011920929,nan,3.009984254837036,3.009984254837036,0.0,nan,1,True,1337,512,crpa_contribution,277abdf9dde3
4,4,495,417,0.800000011920929,nan,3.009984254837036,3.009984254837036,0.0,nan,1,True,1337,512,crpa_contribution,277abdf9dde3
4,4,483,384,0.796875,nan,3.009984254837036,3.009984254837036,0.0,nan,1,True,1337,512,crpa_contribution,277abdf9dde3
4,4,482,447,0.796875,nan,3.009984254837036,3.009984016418457,-2.384185791015625e-07,nan,1,True,1337,512,crpa_contribution,277abdf9dde3
4,4,483,449,0.796875,nan,3.009984254837036,3.009984254837036,0.0,nan,1,True,1337,512,crpa_contribution,277abdf9dde3
4,4,482,431,0.796875,nan,3.009984254837036,3.0099844932556152,2.384185791015625e-07,nan,1,True,1337,512,crpa_contribution,277abdf9dde3
4,4,475,421,0.796875,nan,3.009984254837036,3.009984254837036,0.0,nan,1,True,1337,512,crpa_contribution,277abdf9dde3
4,4,500,452,0.7922077775001526,nan,3.009984254837036,3.009984016418457,-2.384185791015625e-07,nan,1,True,1337,512,crpa_contribution,277abdf9dde3
4,4,508,467,0.790123462677002,nan,3.009984254837036,3.009984016418457,-2.384185791015625e-07,nan,1,True,1337,512,crpa_contribution,277abdf9dde3
4,0,481,441,0.7878788113594055,nan,3.009984254837036,3.0099844932556152,2.384185791015625e-07,nan,1,True,1337,512,crpa_contribution,277abdf9dde3
4,0,480,393,0.7878788113594055,nan,3.009984254837036,3.0099844932556152,2.384185791015625e-07,nan,1,True,1337,512,crpa_contribution,277abdf9dde3
4,0,480,465,0.7878788113594055,nan,3.009984254837036,3.009984016418457,-2.384185791015625e-07,nan,1,True,1337,512,crpa_contribution,277abdf9dde3
4,0,481,462,0.7878788113594055,nan,3.009984254837036,3.009984016418457,-2.384185791015625e-07,nan,1,True,1337,512,crpa_contribution,277abdf9dde3
4,0,422,421,0.7857142686843872,nan,3.009984254837036,3.009984254837036,0.0,nan,1,True,1337,512,crpa_contribution,277abdf9dde3
4,0,479,391,0.7846153974533081,nan,3.009984254837036,3.009984254837036,0.0,nan,1,True,1337,512,crpa_contribution,277abdf9dde3
4,0,479,421,0.7846153974533081,nan,3.009984254837036,3.009984254837036,0.0,nan,1,True,1337,512,crpa_contribution,277abdf9dde3
4,0,479,452,0.7846153974533081,nan,3.009984254837036,3.009984016418457,-2.384185791015625e-07,nan,1,True,1337,512,crpa_contribution,277abdf9dde3
4,0,479,434,0.7846153974533081,nan,3.009984254837036,3.009984016418457,-2.384185791015625e-07,nan,1,True,1337,512,crpa_contribution,277abdf9dde3
4,0,479,460,0.7846153974533081,nan,3.009984254837036,3.0099844932556152,2.384185791015625e-07,nan,1,True,1337,512,crpa_contribution,277abdf9dde3
4,0,434,411,0.7837837934494019,nan,3.009984254837036,3.0099844932556152,2.384185791015625e-07,nan,1,True,1337,512,crpa_contribution,277abdf9dde3
4,4,495,415,0.7808219194412231,nan,3.009984254837036,3.009984254837036,0.0,nan,1,True,1337,512,crpa_contribution,277abdf9dde3
4,4,505,492,0.7777777910232544,nan,3.009984254837036,3.009984016418457,-2.384185791015625e-07,nan,1,True,1337,512,crpa_contribution,277abdf9dde3
4,4,497,396,0.7763158082962036,nan,3.009984254837036,3.009984016418457,-2.384185791015625e-07,nan,1,True,1337,512,crpa_contribution,277abdf9dde3
4,6,102,76,0.7592592835426331,nan,3.009984254837036,3.0099844932556152,2.384185791015625e-07,nan,1,True,1337,512,crpa_contribution,277abdf9dde3
4,6,102,28,0.7592592835426331,nan,3.009984254837036,3.009984016418457,-2.384185791015625e-07,nan,1,True,1337,512,crpa_contribution,277abdf9dde3
4,6,499,457,0.75,nan,3.009984254837036,3.009984254837036,0.0,nan,1,True,1337,512,crpa_contribution,277abdf9dde3
4,6,498,448,0.75,nan,3.009984254837036,3.0099844932556152,2.384185791015625e-07,nan,1,True,1337,512,crpa_contribution,277abdf9dde3
4,6,499,448,0.75,nan,3.009984254837036,3.009984016418457,-2.384185791015625e-07,nan,1,True,1337,512,crpa_contribution,277abdf9dde3
4,6,499,440,0.75,nan,3.009984254837036,3.009984016418457,-2.384185791015625e-07,nan,1,True,1337,512,crpa_contribution,277abdf9dde3
4,6,498,482,0.75,nan,3.009984254837036,3.009984254837036,0.0,nan,1,True,1337,512,crpa_contribution,277abdf9dde3
4,6,498,496,0.75,nan,3.009984254837036,3.009984016418457,-2.384185791015625e-07,nan,1,True,1337,512,crpa_contribution,277abdf9dde3
4,6,499,498,0.75,nan,3.009984254837036,3.009984254837036,0.0,nan,1,True,1337,512,crpa_contribution,277abdf9dde3
4,6,498,436,0.75,nan,3.009984254837036,3.0099844932556152,2.384185791015625e-07,nan,1,True,1337,512,crpa_contribution,277abdf9dde3
4,6,499,471,0.75,nan,3.009984254837036,3.009984016418457,-2.384185791015625e-07,nan,1,True,1337,512,crpa_contribution,277abdf9dde3
4,5,483,471,0.725806474685669,nan,3.009984254837036,3.0099844932556152,2.384185791015625e-07,nan,1,True,1337,512,crpa_contribution,277abdf9dde3
4,5,478,438,0.725806474685669,nan,3.009984254837036,3.009984254837036,0.0,nan,1,True,1337,512,crpa_contribution,277abdf9dde3
4,5,499,458,0.7105262875556946,nan,3.009984254837036,3.009984254837036,0.0,nan,1,True,1337,512,crpa_contribution,277abdf9dde3
4,5,499,463,0.7105262875556946,nan,3.009984254837036,3.009984254837036,0.0,nan,1,True,1337,512,crpa_contribution,277abdf9dde3
4,5,477,391,0.7076923251152039,nan,3.009984254837036,3.009984254837036,0.0,nan,1,True,1337,512,crpa_contribution,277abdf9dde3
4,5,477,438,0.7076923251152039,nan,3.009984254837036,3.009984254837036,0.0,nan,1,True,1337,512,crpa_contribution,277abdf9dde3
4,5,412,398,0.695652186870575,nan,3.009984254837036,3.009984254837036,0.0,nan,1,True,1337,512,crpa_contribution,277abdf9dde3
4,5,411,402,0.695652186870575,nan,3.009984254837036,3.009984254837036,0.0,nan,1,True,1337,512,crpa_contribution,277abdf9dde3
4,5,435,388,0.6944444179534912,nan,3.009984254837036,3.009984254837036,0.0,nan,1,True,1337,512,crpa_contribution,277abdf9dde3
4,5,435,410,0.6944444179534912,nan,3.009984254837036,3.009984254837036,0.0,nan,1,True,1337,512,crpa_contribution,277abdf9dde3
4,6,508,420,0.6891891956329346,nan,3.009984254837036,3.009984254837036,0.0,nan,1,True,1337,512,crpa_contribution,277abdf9dde3
4,6,508,503,0.6891891956329346,nan,3.009984254837036,3.009984254837036,0.0,nan,1,True,1337,512,crpa_contribution,277abdf9dde3
4,6,460,452,0.6888889074325562,nan,3.009984254837036,3.009984016418457,-2.384185791015625e-07,nan,1,True,1337,512,crpa_contribution,277abdf9dde3
4,6,458,446,0.6888889074325562,nan,3.009984254837036,3.009984016418457,-2.384185791015625e-07,nan,1,True,1337,512,crpa_contribution,277abdf9dde3
4,6,460,396,0.6888889074325562,nan,3.009984254837036,3.009984254837036,0.0,nan,1,True,1337,512,crpa_contribution,277abdf9dde3
4,6,472,387,0.686274528503418,nan,3.009984254837036,3.0099844932556152,2.384185791015625e-07,nan,1,True,1337,512,crpa_contribution,277abdf9dde3
4,5,102,75,0.682539701461792,nan,3.009984254837036,3.009984254837036,0.0,nan,1,True,1337,512,crpa_contribution,277abdf9dde3
4,5,102,28,0.682539701461792,nan,3.009984254837036,3.009984254837036,0.0,nan,1,True,1337,512,crpa_contribution,277abdf9dde3
4,5,102,74,0.682539701461792,nan,3.009984254837036,3.0099844932556152,2.384185791015625e-07,nan,1,True,1337,512,crpa_contribution,277abdf9dde3
4,5,451,415,0.6808510422706604,nan,3.009984254837036,3.009984016418457,-2.384185791015625e-07,nan,1,True,1337,512,crpa_contribution,277abdf9dde3
4,6,495,417,0.662162184715271,nan,3.009984254837036,3.009984016418457,-2.384185791015625e-07,nan,1,True,1337,512,crpa_contribution,277abdf9dde3
4,6,495,470,0.662162184715271,nan,3.009984254837036,3.009984016418457,-2.384185791015625e-07,nan,1,True,1337,512,crpa_contribution,277abdf9dde3
4,6,487,487,0.662162184715271,nan,3.009984254837036,3.009984254837036,0.0,nan,1,True,1337,512,crpa_contribution,277abdf9dde3
4,6,495,393,0.662162184715271,nan,3.009984254837036,3.009984254837036,0.0,nan,1,True,1337,512,crpa_contribution,277abdf9dde3
4,6,487,414,0.662162184715271,nan,3.009984254837036,3.009984016418457,-2.384185791015625e-07,nan,1,True,1337,512,crpa_contribution,277abdf9dde3
4,5,440,389,0.6578947305679321,nan,3.009984254837036,3.0099844932556152,2.384185791015625e-07,nan,1,True,1337,512,crpa_contribution,277abdf9dde3
4,5,429,422,0.6578947305679321,nan,3.009984254837036,3.009984254837036,0.0,nan,1,True,1337,512,crpa_contribution,277abdf9dde3
4,6,497,450,0.6571428775787354,nan,3.009984254837036,3.009984254837036,0.0,nan,1,True,1337,512,crpa_contribution,277abdf9dde3
4,6,493,424,0.6571428775787354,nan,3.009984254837036,3.009984254837036,0.0,nan,1,True,1337,512,crpa_contribution,277abdf9dde3
4,5,422,417,0.65625,nan,3.009984254837036,3.009984254837036,0.0,nan,1,True,1337,512,crpa_contribution,277abdf9dde3
4,5,422,409,0.65625,nan,3.009984254837036,3.009984016418457,-2.384185791015625e-07,nan,1,True,1337,512,crpa_contribution,277abdf9dde3
4,5,441,422,0.6511628031730652,nan,3.009984254837036,3.009984016418457,-2.384185791015625e-07,nan,1,True,1337,512,crpa_contribution,277abdf9dde3
4,5,439,384,0.6511628031730652,nan,3.009984254837036,3.009984254837036,0.0,nan,1,True,1337,512,crpa_contribution,277abdf9dde3
4,5,494,414,0.650602400302887,nan,3.009984254837036,3.009984254837036,0.0,nan,1,True,1337,512,crpa_contribution,277abdf9dde3
4,5,494,102,0.650602400302887,nan,3.009984254837036,3.009984016418457,-2.384185791015625e-07,nan,1,True,1337,512,crpa_contribution,277abdf9dde3
4,5,494,469,0.650602400302887,nan,3.009984254837036,3.009984254837036,0.0,nan,1,True,1337,512,crpa_contribution,277abdf9dde3
4,5,494,388,0.650602400302887,nan,3.009984254837036,3.009984016418457,-2.384185791015625e-07,nan,1,True,1337,512,crpa_contribution,277abdf9dde3
5,3,511,454,1.0,nan,3.009984254837036,3.0095181465148926,-0.0004661083221435547,nan,1,True,1337,512,crpa_contribution,277abdf9dde3
5,3,511,420,1.0,nan,3.009984254837036,3.0100107192993164,2.6464462280273438e-05,nan,1,True,1337,512,crpa_contribution,277abdf9dde3
5,3,511,448,1.0,nan,3.009984254837036,3.00996732711792,-1.6927719116210938e-05,nan,1,True,1337,512,crpa_contribution,277abdf9dde3
5,3,511,402,1.0,nan,3.009984254837036,3.0096595287323,-0.0003247261047363281,nan,1,True,1337,512,crpa_contribution,277abdf9dde3
5,3,511,386,1.0,nan,3.009984254837036,3.0100209712982178,3.6716461181640625e-05,nan,1,True,1337,512,crpa_contribution,277abdf9dde3
5,6,511,448,1.0,nan,3.009984254837036,3.0099024772644043,-8.177757263183594e-05,nan,1,True,1337,512,crpa_contribution,277abdf9dde3
5,6,511,402,1.0,nan,3.009984254837036,3.0100979804992676,0.00011372566223144531,nan,1,True,1337,512,crpa_contribution,277abdf9dde3
5,6,511,386,1.0,nan,3.009984254837036,3.009827136993408,-0.0001571178436279297,nan,1,True,1337,512,crpa_contribution,277abdf9dde3
5,6,511,454,1.0,nan,3.009984254837036,3.00955867767334,-0.00042557716369628906,nan,1,True,1337,512,crpa_contribution,277abdf9dde3
5,6,511,420,1.0,nan,3.009984254837036,3.0100231170654297,3.886222839355469e-05,nan,1,True,1337,512,crpa_contribution,277abdf9dde3
5,1,511,500,0.8852459192276001,nan,3.009984254837036,3.009984016418457,-2.384185791015625e-07,nan,1,True,1337,512,crpa_contribution,277abdf9dde3
5,1,511,489,0.8852459192276001,nan,3.009984254837036,3.0099847316741943,4.76837158203125e-07,nan,1,True,1337,512,crpa_contribution,277abdf9dde3
5,1,511,449,0.8852459192276001,nan,3.009984254837036,3.009986639022827,2.384185791015625e-06,nan,1,True,1337,512,crpa_contribution,277abdf9dde3
5,1,511,410,0.8852459192276001,nan,3.009984254837036,3.009986400604248,2.1457672119140625e-06,nan,1,True,1337,512,crpa_contribution,277abdf9dde3
5,1,511,452,0.8852459192276001,nan,3.009984254837036,3.0099849700927734,7.152557373046875e-07,nan,1,True,1337,512,crpa_contribution,277abdf9dde3
5,1,511,412,0.8852459192276001,nan,3.009984254837036,3.0099849700927734,7.152557373046875e-07,nan,1,True,1337,512,crpa_contribution,277abdf9dde3
5,1,511,408,0.8852459192276001,nan,3.009984254837036,3.0099942684173584,1.0013580322265625e-05,nan,1,True,1337,512,crpa_contribution,277abdf9dde3
5,1,511,443,0.8852459192276001,nan,3.009984254837036,3.009986162185669,1.9073486328125e-06,nan,1,True,1337,512,crpa_contribution,277abdf9dde3
5,1,511,419,0.8852459192276001,nan,3.009984254837036,3.009982109069824,-2.1457672119140625e-06,nan,1,True,1337,512,crpa_contribution,277abdf9dde3
5,1,511,457,0.8852459192276001,nan,3.009984254837036,3.0099849700927734,7.152557373046875e-07,nan,1,True,1337,512,crpa_contribution,277abdf9dde3
5,1,511,423,0.8852459192276001,nan,3.009984254837036,3.009983777999878,-4.76837158203125e-07,nan,1,True,1337,512,crpa_contribution,277abdf9dde3
5,1,511,498,0.8852459192276001,nan,3.009984254837036,3.009984016418457,-2.384185791015625e-07,nan,1,True,1337,512,crpa_contribution,277abdf9dde3
5,1,511,487,0.8852459192276001,nan,3.009984254837036,3.0099854469299316,1.1920928955078125e-06,nan,1,True,1337,512,crpa_contribution,277abdf9dde3
5,1,511,436,0.8852459192276001,nan,3.009984254837036,3.0099904537200928,6.198883056640625e-06,nan,1,True,1337,512,crpa_contribution,277abdf9dde3
5,1,511,493,0.8852459192276001,nan,3.009984254837036,3.00998592376709,1.6689300537109375e-06,nan,1,True,1337,512,crpa_contribution,277abdf9dde3
5,1,511,463,0.8852459192276001,nan,3.009984254837036,3.0099833011627197,-9.5367431640625e-07,nan,1,True,1337,512,crpa_contribution,277abdf9dde3
5,1,511,475,0.8852459192276001,nan,3.009984254837036,3.0099849700927734,7.152557373046875e-07,nan,1,True,1337,512,crpa_contribution,277abdf9dde3
5,1,511,385,0.8852459192276001,nan,3.009984254837036,3.009983777999878,-4.76837158203125e-07,nan,1,True,1337,512,crpa_contribution,277abdf9dde3
5,1,511,411,0.8852459192276001,nan,3.009984254837036,3.0099844932556152,2.384185791015625e-07,nan,1,True,1337,512,crpa_contribution,277abdf9dde3
5,1,511,427,0.8852459192276001,nan,3.009984254837036,3.0099873542785645,3.0994415283203125e-06,nan,1,True,1337,512,crpa_contribution,277abdf9dde3
5,1,511,495,0.8852459192276001,nan,3.009984254837036,3.009986400604248,2.1457672119140625e-06,nan,1,True,1337,512,crpa_contribution,277abdf9dde3
5,1,511,394,0.8852459192276001,nan,3.009984254837036,3.0099923610687256,8.106231689453125e-06,nan,1,True,1337,512,crpa_contribution,277abdf9dde3
5,1,511,476,0.8852459192276001,nan,3.009984254837036,3.009984016418457,-2.384185791015625e-07,nan,1,True,1337,512,crpa_contribution,277abdf9dde3
5,1,511,508,0.8852459192276001,nan,3.009984254837036,3.0099854469299316,1.1920928955078125e-06,nan,1,True,1337,512,crpa_contribution,277abdf9dde3
5,7,511,451,0.8055555820465088,nan,3.009984254837036,3.0099856853485107,1.430511474609375e-06,nan,1,True,1337,512,crpa_contribution,277abdf9dde3
5,7,511,394,0.8055555820465088,nan,3.009984254837036,3.009984016418457,-2.384185791015625e-07,nan,1,True,1337,512,crpa_contribution,277abdf9dde3
5,7,511,397,0.8055555820465088,nan,3.009984254837036,3.0099828243255615,-1.430511474609375e-06,nan,1,True,1337,512,crpa_contribution,277abdf9dde3
5,7,511,403,0.8055555820465088,nan,3.009984254837036,3.0099854469299316,1.1920928955078125e-06,nan,1,True,1337,512,crpa_contribution,277abdf9dde3
5,7,511,443,0.8055555820465088,nan,3.009984254837036,3.009983539581299,-7.152557373046875e-07,nan,1,True,1337,512,crpa_contribution,277abdf9dde3
5,7,511,384,0.8055555820465088,nan,3.009984254837036,3.0099854469299316,1.1920928955078125e-06,nan,1,True,1337,512,crpa_contribution,277abdf9dde3
5,7,511,447,0.8055555820465088,nan,3.009984254837036,3.0099847316741943,4.76837158203125e-07,nan,1,True,1337,512,crpa_contribution,277abdf9dde3
5,7,511,391,0.8055555820465088,nan,3.009984254837036,3.0099847316741943,4.76837158203125e-07,nan,1,True,1337,512,crpa_contribution,277abdf9dde3
5,7,511,416,0.8055555820465088,nan,3.009984254837036,3.0099849700927734,7.152557373046875e-07,nan,1,True,1337,512,crpa_contribution,277abdf9dde3
5,7,511,426,0.8055555820465088,nan,3.009984254837036,3.0099849700927734,7.152557373046875e-07,nan,1,True,1337,512,crpa_contribution,277abdf9dde3
5,7,511,429,0.8055555820465088,nan,3.009984254837036,3.0099854469299316,1.1920928955078125e-06,nan,1,True,1337,512,crpa_contribution,277abdf9dde3
5,7,511,421,0.8055555820465088,nan,3.009984254837036,3.0099852085113525,9.5367431640625e-07,nan,1,True,1337,512,crpa_contribution,277abdf9dde3
5,7,511,432,0.8055555820465088,nan,3.009984254837036,3.0099854469299316,1.1920928955078125e-06,nan,1,True,1337,512,crpa_contribution,277abdf9dde3
5,7,511,411,0.8055555820465088,nan,3.009984254837036,3.0099847316741943,4.76837158203125e-07,nan,1,True,1337,512,crpa_contribution,277abdf9dde3
5,7,511,410,0.8055555820465088,nan,3.009984254837036,3.0099854469299316,1.1920928955078125e-06,nan,1,True,1337,512,crpa_contribution,277abdf9dde3
5,7,511,448,0.8055555820465088,nan,3.009984254837036,3.0099892616271973,5.0067901611328125e-06,nan,1,True,1337,512,crpa_contribution,277abdf9dde3
5,7,511,492,0.8055555820465088,nan,3.009984254837036,3.009982109069824,-2.1457672119140625e-06,nan,1,True,1337,512,crpa_contribution,277abdf9dde3
5,7,511,272,0.8055555820465088,nan,3.009984254837036,3.009983777999878,-4.76837158203125e-07,nan,1,True,1337,512,crpa_contribution,277abdf9dde3
5,7,511,430,0.8055555820465088,nan,3.009984254837036,3.0099825859069824,-1.6689300537109375e-06,nan,1,True,1337,512,crpa_contribution,277abdf9dde3
5,7,511,404,0.8055555820465088,nan,3.009984254837036,3.0099849700927734,7.152557373046875e-07,nan,1,True,1337,512,crpa_contribution,277abdf9dde3
5,7,511,401,0.8055555820465088,nan,3.009984254837036,3.0099856853485107,1.430511474609375e-06,nan,1,True,1337,512,crpa_contribution,277abdf9dde3
5,7,511,400,0.8055555820465088,nan,3.009984254837036,3.009984016418457,-2.384185791015625e-07,nan,1,True,1337,512,crpa_contribution,277abdf9dde3
5,7,511,452,0.8055555820465088,nan,3.009984254837036,3.009986162185669,1.9073486328125e-06,nan,1,True,1337,512,crpa_contribution,277abdf9dde3
5,7,511,414,0.8055555820465088,nan,3.009984254837036,3.0099844932556152,2.384185791015625e-07,nan,1,True,1337,512,crpa_contribution,277abdf9dde3
5,0,511,454,0.7931034564971924,nan,3.009984254837036,3.009984254837036,0.0,nan,1,True,1337,512,crpa_contribution,277abdf9dde3
5,0,511,484,0.7931034564971924,nan,3.009984254837036,3.0099802017211914,-4.0531158447265625e-06,nan,1,True,1337,512,crpa_contribution,277abdf9dde3
5,0,511,508,0.7931034564971924,nan,3.009984254837036,3.0099849700927734,7.152557373046875e-07,nan,1,True,1337,512,crpa_contribution,277abdf9dde3
5,0,511,461,0.7931034564971924,nan,3.009984254837036,3.009983539581299,-7.152557373046875e-07,nan,1,True,1337,512,crpa_contribution,277abdf9dde3
5,0,511,502,0.7931034564971924,nan,3.009984254837036,3.0099849700927734,7.152557373046875e-07,nan,1,True,1337,512,crpa_contribution,277abdf9dde3
5,0,511,405,0.7931034564971924,nan,3.009984254837036,3.0099802017211914,-4.0531158447265625e-06,nan,1,True,1337,512,crpa_contribution,277abdf9dde3
5,0,511,482,0.7931034564971924,nan,3.009984254837036,3.009983539581299,-7.152557373046875e-07,nan,1,True,1337,512,crpa_contribution,277abdf9dde3
5,0,511,450,0.7931034564971924,nan,3.009984254837036,3.0099844932556152,2.384185791015625e-07,nan,1,True,1337,512,crpa_contribution,277abdf9dde3
5,0,511,488,0.7931034564971924,nan,3.009984254837036,3.009981393814087,-2.86102294921875e-06,nan,1,True,1337,512,crpa_contribution,277abdf9dde3
5,0,511,498,0.7931034564971924,nan,3.009984254837036,3.0099828243255615,-1.430511474609375e-06,nan,1,True,1337,512,crpa_contribution,277abdf9dde3
5,0,511,473,0.7931034564971924,nan,3.009984254837036,3.0099844932556152,2.384185791015625e-07,nan,1,True,1337,512,crpa_contribution,277abdf9dde3
5,0,511,491,0.7931034564971924,nan,3.009984254837036,3.0099823474884033,-1.9073486328125e-06,nan,1,True,1337,512,crpa_contribution,277abdf9dde3
5,0,511,466,0.7931034564971924,nan,3.009984254837036,3.009983539581299,-7.152557373046875e-07,nan,1,True,1337,512,crpa_contribution,277abdf9dde3
5,0,511,510,0.7931034564971924,nan,3.009984254837036,3.0099856853485107,1.430511474609375e-06,nan,1,True,1337,512,crpa_contribution,277abdf9dde3
5,0,511,465,0.7931034564971924,nan,3.009984254837036,3.0099847316741943,4.76837158203125e-07,nan,1,True,1337,512,crpa_contribution,277abdf9dde3
5,0,511,507,0.7931034564971924,nan,3.009984254837036,3.0099856853485107,1.430511474609375e-06,nan,1,True,1337,512,crpa_contribution,277abdf9dde3
5,0,511,467,0.7931034564971924,nan,3.009984254837036,3.0099825859069824,-1.6689300537109375e-06,nan,1,True,1337,512,crpa_contribution,277abdf9dde3
5,0,511,490,0.7931034564971924,nan,3.009984254837036,3.009983539581299,-7.152557373046875e-07,nan,1,True,1337,512,crpa_contribution,277abdf9dde3
5,0,511,506,0.7931034564971924,nan,3.009984254837036,3.00998592376709,1.6689300537109375e-06,nan,1,True,1337,512,crpa_contribution,277abdf9dde3
5,0,511,390,0.7931034564971924,nan,3.009984254837036,3.0099849700927734,7.152557373046875e-07,nan,1,True,1337,512,crpa_contribution,277abdf9dde3
5,0,511,497,0.7931034564971924,nan,3.009984254837036,3.009979248046875,-5.0067901611328125e-06,nan,1,True,1337,512,crpa_contribution,277abdf9dde3
5,0,511,468,0.7931034564971924,nan,3.009984254837036,3.0099833011627197,-9.5367431640625e-07,nan,1,True,1337,512,crpa_contribution,277abdf9dde3
5,0,511,444,0.7931034564971924,nan,3.009984254837036,3.0099825859069824,-1.6689300537109375e-06,nan,1,True,1337,512,crpa_contribution,277abdf9dde3
5,4,511,413,0.7833333611488342,nan,3.009984254837036,3.0099828243255615,-1.430511474609375e-06,nan,1,True,1337,512,crpa_contribution,277abdf9dde3
5,4,511,419,0.7833333611488342,nan,3.009984254837036,3.0099844932556152,2.384185791015625e-07,nan,1,True,1337,512,crpa_contribution,277abdf9dde3
5,4,511,422,0.7833333611488342,nan,3.009984254837036,3.009984254837036,0.0,nan,1,True,1337,512,crpa_contribution,277abdf9dde3
5,4,511,443,0.7833333611488342,nan,3.009984254837036,3.009978771209717,-5.4836273193359375e-06,nan,1,True,1337,512,crpa_contribution,277abdf9dde3
5,4,511,415,0.7833333611488342,nan,3.009984254837036,3.00998592376709,1.6689300537109375e-06,nan,1,True,1337,512,crpa_contribution,277abdf9dde3
5,4,511,402,0.7833333611488342,nan,3.009984254837036,3.0099854469299316,1.1920928955078125e-06,nan,1,True,1337,512,crpa_contribution,277abdf9dde3
5,4,511,386,0.7833333611488342,nan,3.009984254837036,3.0099902153015137,5.9604644775390625e-06,nan,1,True,1337,512,crpa_contribution,277abdf9dde3
5,4,511,447,0.7833333611488342,nan,3.009984254837036,3.0099847316741943,4.76837158203125e-07,nan,1,True,1337,512,crpa_contribution,277abdf9dde3
5,4,511,429,0.7833333611488342,nan,3.009984254837036,3.0099875926971436,3.337860107421875e-06,nan,1,True,1337,512,crpa_contribution,277abdf9dde3
5,4,511,400,0.7833333611488342,nan,3.009984254837036,3.0099852085113525,9.5367431640625e-07,nan,1,True,1337,512,crpa_contribution,277abdf9dde3
5,4,511,398,0.7833333611488342,nan,3.009984254837036,3.0099847316741943,4.76837158203125e-07,nan,1,True,1337,512,crpa_contribution,277abdf9dde3
5,4,511,410,0.7833333611488342,nan,3.009984254837036,3.0099852085113525,9.5367431640625e-07,nan,1,True,1337,512,crpa_contribution,277abdf9dde3
5,4,511,396,0.7833333611488342,nan,3.009984254837036,3.0099852085113525,9.5367431640625e-07,nan,1,True,1337,512,crpa_contribution,277abdf9dde3
5,4,511,403,0.7833333611488342,nan,3.009984254837036,3.0099854469299316,1.1920928955078125e-06,nan,1,True,1337,512,crpa_contribution,277abdf9dde3
5,4,511,394,0.7833333611488342,nan,3.009984254837036,3.0099849700927734,7.152557373046875e-07,nan,1,True,1337,512,crpa_contribution,277abdf9dde3
5,4,511,437,0.7833333611488342,nan,3.009984254837036,3.009984254837036,0.0,nan,1,True,1337,512,crpa_contribution,277abdf9dde3
5,4,511,391,0.7833333611488342,nan,3.009984254837036,3.009983539581299,-7.152557373046875e-07,nan,1,True,1337,512,crpa_contribution,277abdf9dde3
5,4,511,481,0.7833333611488342,nan,3.009984254837036,3.009983777999878,-4.76837158203125e-07,nan,1,True,1337,512,crpa_contribution,277abdf9dde3
5,4,511,423,0.7833333611488342,nan,3.009984254837036,3.00998592376709,1.6689300537109375e-06,nan,1,True,1337,512,crpa_contribution,277abdf9dde3
5,4,511,406,0.7833333611488342,nan,3.009984254837036,3.00998592376709,1.6689300537109375e-06,nan,1,True,1337,512,crpa_contribution,277abdf9dde3
5,4,511,421,0.7833333611488342,nan,3.009984254837036,3.009983777999878,-4.76837158203125e-07,nan,1,True,1337,512,crpa_contribution,277abdf9dde3
5,4,511,397,0.7833333611488342,nan,3.009984254837036,3.0099844932556152,2.384185791015625e-07,nan,1,True,1337,512,crpa_contribution,277abdf9dde3
5,4,511,455,0.7833333611488342,nan,3.009984254837036,3.0099844932556152,2.384185791015625e-07,nan,1,True,1337,512,crpa_contribution,277abdf9dde3
5,4,511,404,0.7833333611488342,nan,3.009984254837036,3.009984016418457,-2.384185791015625e-07,nan,1,True,1337,512,crpa_contribution,277abdf9dde3
5,5,511,394,0.7631579041481018,nan,3.009984254837036,3.0099828243255615,-1.430511474609375e-06,nan,1,True,1337,512,crpa_contribution,277abdf9dde3
5,5,511,468,0.7631579041481018,nan,3.009984254837036,3.0099833011627197,-9.5367431640625e-07,nan,1,True,1337,512,crpa_contribution,277abdf9dde3
5,5,511,457,0.7631579041481018,nan,3.009984254837036,3.00998592376709,1.6689300537109375e-06,nan,1,True,1337,512,crpa_contribution,277abdf9dde3
5,5,511,435,0.7631579041481018,nan,3.009984254837036,3.0099830627441406,-1.1920928955078125e-06,nan,1,True,1337,512,crpa_contribution,277abdf9dde3
5,5,511,410,0.7631579041481018,nan,3.009984254837036,3.009986400604248,2.1457672119140625e-06,nan,1,True,1337,512,crpa_contribution,277abdf9dde3
5,5,511,440,0.7631579041481018,nan,3.009984254837036,3.0099635124206543,-2.0742416381835938e-05,nan,1,True,1337,512,crpa_contribution,277abdf9dde3
5,5,511,463,0.7631579041481018,nan,3.009984254837036,3.009981155395508,-3.0994415283203125e-06,nan,1,True,1337,512,crpa_contribution,277abdf9dde3
5,5,511,424,0.7631579041481018,nan,3.009984254837036,3.00998592376709,1.6689300537109375e-06,nan,1,True,1337,512,crpa_contribution,277abdf9dde3
5,5,511,428,0.7631579041481018,nan,3.009984254837036,3.0099868774414062,2.6226043701171875e-06,nan,1,True,1337,512,crpa_contribution,277abdf9dde3
5,5,511,419,0.7631579041481018,nan,3.009984254837036,3.0099849700927734,7.152557373046875e-07,nan,1,True,1337,512,crpa_contribution,277abdf9dde3
5,5,511,418,0.7631579041481018,nan,3.009984254837036,3.009986162185669,1.9073486328125e-06,nan,1,True,1337,512,crpa_contribution,277abdf9dde3
5,5,511,390,0.7631579041481018,nan,3.009984254837036,3.0099871158599854,2.86102294921875e-06,nan,1,True,1337,512,crpa_contribution,277abdf9dde3
5,5,511,439,0.7631579041481018,nan,3.009984254837036,3.009986400604248,2.1457672119140625e-06,nan,1,True,1337,512,crpa_contribution,277abdf9dde3
5,5,511,451,0.7631579041481018,nan,3.009984254837036,3.009986400604248,2.1457672119140625e-06,nan,1,True,1337,512,crpa_contribution,277abdf9dde3
5,5,511,452,0.7631579041481018,nan,3.009984254837036,3.0099871158599854,2.86102294921875e-06,nan,1,True,1337,512,crpa_contribution,277abdf9dde3
5,5,511,417,0.7631579041481018,nan,3.009984254837036,3.010000228881836,1.5974044799804688e-05,nan,1,True,1337,512,crpa_contribution,277abdf9dde3
5,5,511,462,0.7631579041481018,nan,3.009984254837036,3.0099611282348633,-2.3126602172851562e-05,nan,1,True,1337,512,crpa_contribution,277abdf9dde3
5,5,511,408,0.7631579041481018,nan,3.009984254837036,3.0099830627441406,-1.1920928955078125e-06,nan,1,True,1337,512,crpa_contribution,277abdf9dde3
5,5,511,411,0.7631579041481018,nan,3.009984254837036,3.0099868774414062,2.6226043701171875e-06,nan,1,True,1337,512,crpa_contribution,277abdf9dde3
5,5,511,420,0.7631579041481018,nan,3.009984254837036,3.009984016418457,-2.384185791015625e-07,nan,1,True,1337,512,crpa_contribution,277abdf9dde3
5,5,511,413,0.7631579041481018,nan,3.009984254837036,3.0099844932556152,2.384185791015625e-07,nan,1,True,1337,512,crpa_contribution,277abdf9dde3
5,5,511,385,0.7631579041481018,nan,3.009984254837036,3.0099823474884033,-1.9073486328125e-06,nan,1,True,1337,512,crpa_contribution,277abdf9dde3
5,5,511,450,0.7631579041481018,nan,3.009984254837036,3.0099844932556152,2.384185791015625e-07,nan,1,True,1337,512,crpa_contribution,277abdf9dde3
5,5,511,431,0.7631579041481018,nan,3.009984254837036,3.0099868774414062,2.6226043701171875e-06,nan,1,True,1337,512,crpa_contribution,277abdf9dde3
5,2,511,500,0.7215189933776855,nan,3.009984254837036,3.0099854469299316,1.1920928955078125e-06,nan,1,True,1337,512,crpa_contribution,277abdf9dde3
5,2,511,431,0.7215189933776855,nan,3.009984254837036,3.0099847316741943,4.76837158203125e-07,nan,1,True,1337,512,crpa_contribution,277abdf9dde3
5,2,511,411,0.7215189933776855,nan,3.009984254837036,3.0099849700927734,7.152557373046875e-07,nan,1,True,1337,512,crpa_contribution,277abdf9dde3
5,2,511,455,0.7215189933776855,nan,3.009984254837036,3.0099844932556152,2.384185791015625e-07,nan,1,True,1337,512,crpa_contribution,277abdf9dde3
5,2,511,430,0.7215189933776855,nan,3.009984254837036,3.009983539581299,-7.152557373046875e-07,nan,1,True,1337,512,crpa_contribution,277abdf9dde3
5,2,511,460,0.7215189933776855,nan,3.009984254837036,3.009983777999878,-4.76837158203125e-07,nan,1,True,1337,512,crpa_contribution,277abdf9dde3
5,2,511,462,0.7215189933776855,nan,3.009984254837036,3.0099847316741943,4.76837158203125e-07,nan,1,True,1337,512,crpa_contribution,277abdf9dde3
5,2,511,427,0.7215189933776855,nan,3.009984254837036,3.0099856853485107,1.430511474609375e-06,nan,1,True,1337,512,crpa_contribution,277abdf9dde3
5,2,511,420,0.7215189933776855,nan,3.009984254837036,3.00998592376709,1.6689300537109375e-06,nan,1,True,1337,512,crpa_contribution,277abdf9dde3
5,2,511,479,0.7215189933776855,nan,3.009984254837036,3.00998592376709,1.6689300537109375e-06,nan,1,True,1337,512,crpa_contribution,277abdf9dde3
5,2,511,489,0.7215189933776855,nan,3.009984254837036,3.0099844932556152,2.384185791015625e-07,nan,1,True,1337,512,crpa_contribution,277abdf9dde3
5,2,511,496,0.7215189933776855,nan,3.009984254837036,3.0099849700927734,7.152557373046875e-07,nan,1,True,1337,512,crpa_contribution,277abdf9dde3
5,2,511,441,0.7215189933776855,nan,3.009984254837036,3.0099849700927734,7.152557373046875e-07,nan,1,True,1337,512,crpa_contribution,277abdf9dde3
5,2,511,464,0.7215189933776855,nan,3.009984254837036,3.00998592376709,1.6689300537109375e-06,nan,1,True,1337,512,crpa_contribution,277abdf9dde3
5,2,511,397,0.7215189933776855,nan,3.009984254837036,3.0099844932556152,2.384185791015625e-07,nan,1,True,1337,512,crpa_contribution,277abdf9dde3
5,2,511,384,0.7215189933776855,nan,3.009984254837036,3.009984016418457,-2.384185791015625e-07,nan,1,True,1337,512,crpa_contribution,277abdf9dde3
5,2,511,477,0.7215189933776855,nan,3.009984254837036,3.0099844932556152,2.384185791015625e-07,nan,1,True,1337,512,crpa_contribution,277abdf9dde3
5,2,511,447,0.7215189933776855,nan,3.009984254837036,3.0099856853485107,1.430511474609375e-06,nan,1,True,1337,512,crpa_contribution,277abdf9dde3
5,2,511,413,0.7215189933776855,nan,3.009984254837036,3.0099852085113525,9.5367431640625e-07,nan,1,True,1337,512,crpa_contribution,277abdf9dde3
5,2,511,457,0.7215189933776855,nan,3.009984254837036,3.0099844932556152,2.384185791015625e-07,nan,1,True,1337,512,crpa_contribution,277abdf9dde3
5,2,511,439,0.7215189933776855,nan,3.009984254837036,3.0099856853485107,1.430511474609375e-06,nan,1,True,1337,512,crpa_contribution,277abdf9dde3
5,2,511,438,0.7215189933776855,nan,3.009984254837036,3.0099854469299316,1.1920928955078125e-06,nan,1,True,1337,512,crpa_contribution,277abdf9dde3
5,2,511,419,0.7215189933776855,nan,3.009984254837036,3.00998592376709,1.6689300537109375e-06,nan,1,True,1337,512,crpa_contribution,277abdf9dde3
5,2,511,423,0.7215189933776855,nan,3.009984254837036,3.0099849700927734,7.152557373046875e-07,nan,1,True,1337,512,crpa_contribution,277abdf9dde3
5,0,511,511,0.0,nan,3.009984254837036,3.009949207305908,-3.504753112792969e-05,nan,1,True,1337,512,crpa_contribution,277abdf9dde3
0,0,349,328,1.0,nan,3.0181283950805664,3.0181288719177246,4.76837158203125e-07,nan,1,True,2024,512,crpa_contribution,0731c3deec4e
0,0,356,342,1.0,nan,3.0181283950805664,3.0181286334991455,2.384185791015625e-07,nan,1,True,2024,512,crpa_contribution,0731c3deec4e
0,0,61,38,1.0,nan,3.0181283950805664,3.0181288719177246,4.76837158203125e-07,nan,1,True,2024,512,crpa_contribution,0731c3deec4e
0,0,418,385,1.0,nan,3.0181283950805664,3.018130302429199,1.9073486328125e-06,nan,1,True,2024,512,crpa_contribution,0731c3deec4e
0,0,112,63,1.0,nan,3.0181283950805664,3.0181283950805664,0.0,nan,1,True,2024,512,crpa_contribution,0731c3deec4e
0,0,19,16,1.0,nan,3.0181283950805664,3.0181288719177246,4.76837158203125e-07,nan,1,True,2024,512,crpa_contribution,0731c3deec4e
0,0,206,165,1.0,nan,3.0181283950805664,3.0181283950805664,0.0,nan,1,True,2024,512,crpa_contribution,0731c3deec4e
0,0,379,356,1.0,nan,3.0181283950805664,3.0181283950805664,0.0,nan,1,True,2024,512,crpa_contribution,0731c3deec4e
0,0,356,330,1.0,nan,3.0181283950805664,3.0181288719177246,4.76837158203125e-07,nan,1,True,2024,512,crpa_contribution,0731c3deec4e
0,0,371,342,1.0,nan,3.0181283950805664,3.0181288719177246,4.76837158203125e-07,nan,1,True,2024,512,crpa_contribution,0731c3deec4e
0,0,53,10,1.0,nan,3.0181283950805664,3.0181283950805664,0.0,nan,1,True,2024,512,crpa_contribution,0731c3deec4e
0,0,255,158,1.0,nan,3.0181283950805664,3.0181283950805664,0.0,nan,1,True,2024,512,crpa_contribution,0731c3deec4e
0,0,242,240,1.0,nan,3.0181283950805664,3.0181288719177246,4.76837158203125e-07,nan,1,True,2024,512,crpa_contribution,0731c3deec4e
0,0,166,155,1.0,nan,3.0181283950805664,3.0181283950805664,0.0,nan,1,True,2024,512,crpa_contribution,0731c3deec4e
0,0,65,7,1.0,nan,3.0181283950805664,3.0181283950805664,0.0,nan,1,True,2024,512,crpa_contribution,0731c3deec4e
0,0,77,7,1.0,nan,3.0181283950805664,3.0181283950805664,0.0,nan,1,True,2024,512,crpa_contribution,0731c3deec4e
0,0,109,34,1.0,nan,3.0181283950805664,3.0181283950805664,0.0,nan,1,True,2024,512,crpa_contribution,0731c3deec4e
0,0,345,328,1.0,nan,3.0181283950805664,3.0181288719177246,4.76837158203125e-07,nan,1,True,2024,512,crpa_contribution,0731c3deec4e
0,0,242,221,1.0,nan,3.0181283950805664,3.0181283950805664,0.0,nan,1,True,2024,512,crpa_contribution,0731c3deec4e
0,0,380,337,1.0,nan,3.0181283950805664,3.0181283950805664,0.0,nan,1,True,2024,512,crpa_contribution,0731c3deec4e
0,0,416,411,1.0,nan,3.0181283950805664,3.01812744140625,-9.5367431640625e-07,nan,1,True,2024,512,crpa_contribution,0731c3deec4e
0,0,200,165,1.0,nan,3.0181283950805664,3.0181283950805664,0.0,nan,1,True,2024,512,crpa_contribution,0731c3deec4e
0,0,35,34,1.0,nan,3.0181283950805664,3.0181283950805664,0.0,nan,1,True,2024,512,crpa_contribution,0731c3deec4e
0,0,244,221,1.0,nan,3.0181283950805664,3.018127918243408,-4.76837158203125e-07,nan,1,True,2024,512,crpa_contribution,0731c3deec4e
0,1,26,9,1.0,nan,3.0181283950805664,3.0181283950805664,0.0,nan,1,True,2024,512,crpa_contribution,0731c3deec4e
0,1,4,1,1.0,nan,3.0181283950805664,3.0181283950805664,0.0,nan,1,True,2024,512,crpa_contribution,0731c3deec4e
0,1,28,8,1.0,nan,3.0181283950805664,3.0181288719177246,4.76837158203125e-07,nan,1,True,2024,512,crpa_contribution,0731c3deec4e
0,1,73,11,1.0,nan,3.0181283950805664,3.0181283950805664,0.0,nan,1,True,2024,512,crpa_contribution,0731c3deec4e
0,1,73,17,1.0,nan,3.0181283950805664,3.0181288719177246,4.76837158203125e-07,nan,1,True,2024,512,crpa_contribution,0731c3deec4e
0,1,28,14,1.0,nan,3.0181283950805664,3.0181281566619873,-2.384185791015625e-07,nan,1,True,2024,512,crpa_contribution,0731c3deec4e
0,5,31,12,1.0,nan,3.0181283950805664,3.0181286334991455,2.384185791015625e-07,nan,1,True,2024,512,crpa_contribution,0731c3deec4e
0,5,31,9,1.0,nan,3.0181283950805664,3.0181283950805664,0.0,nan,1,True,2024,512,crpa_contribution,0731c3deec4e
0,5,10,8,1.0,nan,3.0181283950805664,3.0181283950805664,0.0,nan,1,True,2024,512,crpa_contribution,0731c3deec4e
0,5,31,24,1.0,nan,3.0181283950805664,3.0181283950805664,0.0,nan,1,True,2024,512,crpa_contribution,0731c3deec4e
0,5,2,2,1.0,nan,3.0181283950805664,3.0181283950805664,0.0,nan,1,True,2024,512,crpa_contribution,0731c3deec4e
0,5,67,2,1.0,nan,3.0181283950805664,3.018127918243408,-4.76837158203125e-07,nan,1,True,2024,512,crpa_contribution,0731c3deec4e
0,5,19,11,1.0,nan,3.0181283950805664,3.0181283950805664,0.0,nan,1,True,2024,512,crpa_contribution,0731c3deec4e
0,6,7,7,1.0,nan,3.0181283950805664,3.0181283950805664,0.0,nan,1,True,2024,512,crpa_contribution,0731c3deec4e
0,1,95,11,0.9756097793579102,nan,3.0181283950805664,3.0181288719177246,4.76837158203125e-07,nan,1,True,2024,512,crpa_contribution,0731c3deec4e
0,5,79,33,0.9655172228813171,nan,3.0181283950805664,3.0181283950805664,0.0,nan,1,True,2024,512,crpa_contribution,0731c3deec4e
0,1,45,31,0.9545454382896423,nan,3.0181283950805664,3.0181288719177246,4.76837158203125e-07,nan,1,True,2024,512,crpa_contribution,0731c3deec4e
0,1,46,29,0.9523809552192688,nan,3.0181283950805664,3.018127918243408,-4.76837158203125e-07,nan,1,True,2024,512,crpa_contribution,0731c3deec4e
0,4,117,89,0.9491525292396545,nan,3.0181283950805664,3.0181283950805664,0.0,nan,1,True,2024,512,crpa_contribution,0731c3deec4e
0,4,117,96,0.9491525292396545,nan,3.0181283950805664,3.0181283950805664,0.0,nan,1,True,2024,512,crpa_contribution,0731c3deec4e
0,1,41,24,0.9473684430122375,nan,3.0181283950805664,3.0181283950805664,0.0,nan,1,True,2024,512,crpa_contribution,0731c3deec4e
0,1,42,29,0.9473684430122375,nan,3.0181283950805664,3.0181283950805664,0.0,nan,1,True,2024,512,crpa_contribution,0731c3deec4e
0,5,46,36,0.9473684430122375,nan,3.0181283950805664,3.0181283950805664,0.0,nan,1,True,2024,512,crpa_contribution,0731c3deec4e
0,1,121,84,0.9454545378684998,nan,3.0181283950805664,3.0181283950805664,0.0,nan,1,True,2024,512,crpa_contribution,0731c3deec4e
0,1,76,29,0.9444444179534912,nan,3.0181283950805664,3.0181288719177246,4.76837158203125e-07,nan,1,True,2024,512,crpa_contribution,0731c3deec4e
0,5,39,9,0.9411764740943909,nan,3.0181283950805664,3.0181281566619873,-2.384185791015625e-07,nan,1,True,2024,512,crpa_contribution,0731c3deec4e
0,1,75,62,0.939393937587738,nan,3.0181283950805664,3.0181283950805664,0.0,nan,1,True,2024,512,crpa_contribution,0731c3deec4e
0,1,34,20,0.9375,nan,3.0181283950805664,3.018127918243408,-4.76837158203125e-07,nan,1,True,2024,512,crpa_contribution,0731c3deec4e
0,1,34,31,0.9375,nan,3.0181283950805664,3.0181283950805664,0.0,nan,1,True,2024,512,crpa_contribution,0731c3deec4e
0,1,34,22,0.9375,nan,3.0181283950805664,3.0181283950805664,0.0,nan,1,True,2024,512,crpa_contribution,0731c3deec4e
0,5,84,47,0.9375,nan,3.0181283950805664,3.0181283950805664,0.0,nan,1,True,2024,512,crpa_contribution,0731c3deec4e
0,1,69,43,0.9354838728904724,nan,3.0181283950805664,3.0181283950805664,0.0,nan,1,True,2024,512,crpa_contribution,0731c3deec4e
0,5,115,62,0.9347826242446899,nan,3.0181283950805664,3.0181283950805664,0.0,nan,1,True,2024,512,crpa_contribution,0731c3deec4e
0,5,195,186,0.9333333373069763,nan,3.0181283950805664,3.0181288719177246,4.76837158203125e-07,nan,1,True,2024,512,crpa_contribution,0731c3deec4e
0,1,91,1,0.9268292784690857,nan,3.0181283950805664,3.0181283950805664,0.0,nan,1,True,2024,512,crpa_contribution,0731c3deec4e
0,1,61,1,0.9259259104728699,nan,3.0181283950805664,3.0181283950805664,0.0,nan,1,True,2024,512,crpa_contribution,0731c3deec4e
0,5,98,12,0.9210526347160339,nan,3.0181283950805664,3.0181283950805664,0.0,nan,1,True,2024,512,crpa_contribution,0731c3deec4e
0,5,60,2,0.9200000166893005,nan,3.0181283950805664,3.0181288719177246,4.76837158203125e-07,nan,1,True,2024,512,crpa_contribution,0731c3deec4e
0,5,65,2,0.9200000166893005,nan,3.0181283950805664,3.0181288719177246,4.76837158203125e-07,nan,1,True,2024,512,crpa_contribution,0731c3deec4e
0,5,61,26,0.9200000166893005,nan,3.0181283950805664,3.0181283950805664,0.0,nan,1,True,2024,512,crpa_contribution,0731c3deec4e
0,5,458,388,0.9189189076423645,nan,3.0181283950805664,3.0181283950805664,0.0,nan,1,True,2024,512,crpa_contribution,0731c3deec4e
0,1,174,171,0.9166666865348816,nan,3.0181283950805664,3.0181288719177246,4.76837158203125e-07,nan,1,True,2024,512,crpa_contribution,0731c3deec4e
0,1,176,164,0.9166666865348816,nan,3.0181283950805664,3.0181283950805664,0.0,nan,1,True,2024,512,crpa_contribution,0731c3deec4e
0,1,198,150,0.9166666865348816,nan,3.0181283950805664,3.0181283950805664,0.0,nan,1,True,2024,512,crpa_contribution,0731c3deec4e
0,3,67,35,0.9166666865348816,nan,3.0181283950805664,3.0181283950805664,0.0,nan,1,True,2024,512,crpa_contribution,0731c3deec4e
0,3,65,65,0.9166666865348816,nan,3.0181283950805664,3.0181283950805664,0.0,nan,1,True,2024,512,crpa_contribution,0731c3deec4e
0,4,51,42,0.9166666865348816,nan,3.0181283950805664,3.0181288719177246,4.76837158203125e-07,nan,1,True,2024,512,crpa_contribution,0731c3deec4e
0,5,327,258,0.9166666865348816,nan,3.0181283950805664,3.0181281566619873,-2.384185791015625e-07,nan,1,True,2024,512,crpa_contribution,0731c3deec4e
0,5,33,11,0.9166666865348816,nan,3.0181283950805664,3.0181283950805664,0.0,nan,1,True,2024,512,crpa_contribution,0731c3deec4e
0,6,57,24,0.9166666865348816,nan,3.0181283950805664,3.0181288719177246,4.76837158203125e-07,nan,1,True,2024,512,crpa_contribution,0731c3deec4e
0,5,117,19,0.9130434989929199,nan,3.0181283950805664,3.0181283950805664,0.0,nan,1,True,2024,512,crpa_contribution,0731c3deec4e
0,5,228,204,0.9111111164093018,nan,3.0181283950805664,3.0181283950805664,0.0,nan,1,True,2024,512,crpa_contribution,0731c3deec4e
0,5,228,169,0.9111111164093018,nan,3.0181283950805664,3.0181283950805664,0.0,nan,1,True,2024,512,crpa_contribution,0731c3deec4e
0,5,245,180,0.9107142686843872,nan,3.0181283950805664,3.0181283950805664,0.0,nan,1,True,2024,512,crpa_contribution,0731c3deec4e
0,1,66,20,0.9090909361839294,nan,3.0181283950805664,3.0181288719177246,4.76837158203125e-07,nan,1,True,2024,512,crpa_contribution,0731c3deec4e
0,4,22,5,0.9090909361839294,nan,3.0181283950805664,3.0181283950805664,0.0,nan,1,True,2024,512,crpa_contribution,0731c3deec4e
0,3,108,8,0.8999999761581421,nan,3.0181283950805664,3.0181283950805664,0.0,nan,1,True,2024,512,crpa_contribution,0731c3deec4e
0,3,111,12,0.8999999761581421,nan,3.0181283950805664,3.0181288719177246,4.76837158203125e-07,nan,1,True,2024,512,crpa_contribution,0731c3deec4e
0,3,17,13,0.8888888955116272,nan,3.0181283950805664,3.0181283950805664,0.0,nan,1,True,2024,512,crpa_contribution,0731c3deec4e
0,3,15,11,0.8888888955116272,nan,3.0181283950805664,3.0181283950805664,0.0,nan,1,True,2024,512,crpa_contribution,0731c3deec4e
0,3,31,11,0.8888888955116272,nan,3.0181283950805664,3.0181288719177246,4.76837158203125e-07,nan,1,True,2024,512,crpa_contribution,0731c3deec4e
0,4,112,15,0.8833333253860474,nan,3.0181283950805664,3.0181283950805664,0.0,nan,1,True,2024,512,crpa_contribution,0731c3deec4e
0,4,63,43,0.875,nan,3.0181283950805664,3.0181286334991455,2.384185791015625e-07,nan,1,True,2024,512,crpa_contribution,0731c3deec4e
0,3,485,481,0.868852436542511,nan,3.0181283950805664,3.0181283950805664,0.0,nan,1,True,2024,512,crpa_contribution,0731c3deec4e
0,3,25,14,0.8571428656578064,nan,3.0181283950805664,3.0181283950805664,0.0,nan,1,True,2024,512,crpa_contribution,0731c3deec4e
0,3,12,1,0.8571428656578064,nan,3.0181283950805664,3.0181283950805664,0.0,nan,1,True,2024,512,crpa_contribution,0731c3deec4e
0,4,11,3,0.8571428656578064,nan,3.0181283950805664,3.0181286334991455,2.384185791015625e-07,nan,1,True,2024,512,crpa_contribution,0731c3deec4e
0,6,14,10,0.8571428656578064,nan,3.0181283950805664,3.0181283950805664,0.0,nan,1,True,2024,512,crpa_contribution,0731c3deec4e
0,7,12,10,0.8571428656578064,nan,3.0181283950805664,3.0181283950805664,0.0,nan,1,True,2024,512,crpa_contribution,0731c3deec4e
0,3,122,40,0.8507462739944458,nan,3.0181283950805664,3.0181283950805664,0.0,nan,1,True,2024,512,crpa_contribution,0731c3deec4e
0,4,439,422,0.84375,nan,3.0181283950805664,3.0181288719177246,4.76837158203125e-07,nan,1,True,2024,512,crpa_contribution,0731c3deec4e
0,4,439,396,0.84375,nan,3.0181283950805664,3.018127918243408,-4.76837158203125e-07,nan,1,True,2024,512,crpa_contribution,0731c3deec4e
0,4,107,34,0.8387096524238586,nan,3.0181283950805664,3.0181283950805664,0.0,nan,1,True,2024,512,crpa_contribution,0731c3deec4e
0,4,65,42,0.837837815284729,nan,3.0181283950805664,3.0181288719177246,4.76837158203125e-07,nan,1,True,2024,512,crpa_contribution,0731c3deec4e
0,2,31,12,0.8333333134651184,nan,3.0181283950805664,3.0181283950805664,0.0,nan,1,True,2024,512,crpa_contribution,0731c3deec4e
0,2,11,2,0.8333333134651184,nan,3.0181283950805664,3.0181283950805664,0.0,nan,1,True,2024,512,crpa_contribution,0731c3deec4e
0,3,456,418,0.8333333134651184,nan,3.0181283950805664,3.0181286334991455,2.384185791015625e-07,nan,1,True,2024,512,crpa_contribution,0731c3deec4e
0,6,10,4,0.8333333134651184,nan,3.0181283950805664,3.0181283950805664,0.0,nan,1,True,2024,512,crpa_contribution,0731c3deec4e
0,6,373,369,0.8333333134651184,nan,3.0181283950805664,3.0181283950805664,0.0,nan,1,True,2024,512,crpa_contribution,0731c3deec4e
0,3,117,68,0.8260869383811951,nan,3.0181283950805664,3.0181283950805664,0.0,nan,1,True,2024,512,crpa_contribution,0731c3deec4e
0,3,117,57,0.8260869383811951,nan,3.0181283950805664,3.0181283950805664,0.0,nan,1,True,2024,512,crpa_contribution,0731c3deec4e
0,3,29,2,0.8235294222831726,nan,3.0181283950805664,3.0181283950805664,0.0,nan,1,True,2024,512,crpa_contribution,0731c3deec4e
0,4,66,60,0.8205128312110901,nan,3.0181283950805664,3.0181288719177246,4.76837158203125e-07,nan,1,True,2024,512,crpa_contribution,0731c3deec4e
0,6,241,202,0.8199999928474426,nan,3.0181283950805664,3.0181281566619873,-2.384185791015625e-07,nan,1,True,2024,512,crpa_contribution,0731c3deec4e
0,6,242,168,0.8199999928474426,nan,3.0181283950805664,3.0181288719177246,4.76837158203125e-07,nan,1,True,2024,512,crpa_contribution,0731c3deec4e
0,3,40,30,0.8181818127632141,nan,3.0181283950805664,3.0181283950805664,0.0,nan,1,True,2024,512,crpa_contribution,0731c3deec4e
0,3,78,23,0.8181818127632141,nan,3.0181283950805664,3.0181283950805664,0.0,nan,1,True,2024,512,crpa_contribution,0731c3deec4e
0,4,19,18,0.8181818127632141,nan,3.0181283950805664,3.0181288719177246,4.76837158203125e-07,nan,1,True,2024,512,crpa_contribution,0731c3deec4e
0,6,81,65,0.8157894611358643,nan,3.0181283950805664,3.0181283950805664,0.0,nan,1,True,2024,512,crpa_contribution,0731c3deec4e
0,7,487,389,0.8135592937469482,nan,3.0181283950805664,3.0181286334991455,2.384185791015625e-07,nan,1,True,2024,512,crpa_contribution,0731c3deec4e
0,3,97,38,0.8113207817077637,nan,3.0181283950805664,3.0181288719177246,4.76837158203125e-07,nan,1,True,2024,512,crpa_contribution,0731c3deec4e
0,3,445,385,0.8108108043670654,nan,3.0181283950805664,3.0181286334991455,2.384185791015625e-07,nan,1,True,2024,512,crpa_contribution,0731c3deec4e
0,3,445,409,0.8108108043670654,nan,3.0181283950805664,3.0181281566619873,-2.384185791015625e-07,nan,1,True,2024,512,crpa_contribution,0731c3deec4e
0,3,111,108,0.8095238208770752,nan,3.0181283950805664,3.0181281566619873,-2.384185791015625e-07,nan,1,True,2024,512,crpa_contribution,0731c3deec4e
0,2,77,37,0.8085106611251831,nan,3.0181283950805664,3.0181283950805664,0.0,nan,1,True,2024,512,crpa_contribution,0731c3deec4e
0,2,77,67,0.8085106611251831,nan,3.0181283950805664,3.0181283950805664,0.0,nan,1,True,2024,512,crpa_contribution,0731c3deec4e
0,3,469,408,0.8085106611251831,nan,3.0181283950805664,3.0181286334991455,2.384185791015625e-07,nan,1,True,2024,512,crpa_contribution,0731c3deec4e
0,3,499,102,0.8059701323509216,nan,3.0181283950805664,3.018127918243408,-4.76837158203125e-07,nan,1,True,2024,512,crpa_contribution,0731c3deec4e
0,6,246,143,0.8039215803146362,nan,3.0181283950805664,3.0181283950805664,0.0,nan,1,True,2024,512,crpa_contribution,0731c3deec4e
0,3,486,413,0.8032786846160889,nan,3.0181283950805664,3.0181283950805664,0.0,nan,1,True,2024,512,crpa_contribution,0731c3deec4e
0,4,110,97,0.8032786846160889,nan,3.0181283950805664,3.0181288719177246,4.76837158203125e-07,nan,1,True,2024,512,crpa_contribution,0731c3deec4e
0,4,110,103,0.8032786846160889,nan,3.0181283950805664,3.0181283950805664,0.0,nan,1,True,2024,512,crpa_contribution,0731c3deec4e
0,4,442,391,0.800000011920929,nan,3.0181283950805664,3.0181286334991455,2.384185791015625e-07,nan,1,True,2024,512,crpa_contribution,0731c3deec4e
0,4,35,8,0.800000011920929,nan,3.0181283950805664,3.0181283950805664,0.0,nan,1,True,2024,512,crpa_contribution,0731c3deec4e
0,4,21,7,0.800000011920929,nan,3.0181283950805664,3.018127918243408,-4.76837158203125e-07,nan,1,True,2024,512,crpa_contribution,0731c3deec4e
0,4,442,399,0.800000011920929,nan,3.0181283950805664,3.0181283950805664,0.0,nan,1,True,2024,512,crpa_contribution,0731c3deec4e
0,6,29,19,0.800000011920929,nan,3.0181283950805664,3.0181283950805664,0.0,nan,1,True,2024,512,crpa_contribution,0731c3deec4e
0,4,350,304,0.7924528121948242,nan,3.0181283950805664,3.0181283950805664,0.0,nan,1,True,2024,512,crpa_contribution,0731c3deec4e
0,6,116,63,0.7924528121948242,nan,3.0181283950805664,3.0181281566619873,-2.384185791015625e-07,nan,1,True,2024,512,crpa_contribution,0731c3deec4e
0,6,49,13,0.7916666865348816,nan,3.0181283950805664,3.0181288719177246,4.76837158203125e-07,nan,1,True,2024,512,crpa_contribution,0731c3deec4e
0,4,459,418,0.7894737124443054,nan,3.0181283950805664,3.0181286334991455,2.384185791015625e-07,nan,1,True,2024,512,crpa_contribution,0731c3deec4e
0,4,466,400,0.7857142686843872,nan,3.0181283950805664,3.0181281566619873,-2.384185791015625e-07,nan,1,True,2024,512,crpa_contribution,0731c3deec4e
0,4,466,441,0.7857142686843872,nan,3.0181283950805664,3.0181286334991455,2.384185791015625e-07,nan,1,True,2024,512,crpa_contribution,0731c3deec4e
0,4,90,30,0.7843137383460999,nan,3.0181283950805664,3.0181288719177246,4.76837158203125e-07,nan,1,True,2024,512,crpa_contribution,0731c3deec4e
0,6,104,63,0.7833333611488342,nan,3.0181283950805664,3.0181283950805664,0.0,nan,1,True,2024,512,crpa_contribution,0731c3deec4e
0,2,97,48,0.7796609997749329,nan,3.0181283950805664,3.0181283950805664,0.0,nan,1,True,2024,512,crpa_contribution,0731c3deec4e
0,2,107,58,0.7796609997749329,nan,3.0181283950805664,3.0181283950805664,0.0,nan,1,True,2024,512,crpa_contribution,0731c3deec4e
0,2,100,69,0.7796609997749329,nan,3.0181283950805664,3.0181283950805664,0.0,nan,1,True,2024,512,crpa_contribution,0731c3deec4e
0,2,43,13,0.7777777910232544,nan,3.0181283950805664,3.0181281566619873,-2.384185791015625e-07,nan,1,True,2024,512,crpa_contribution,0731c3deec4e
0,6,350,329,0.7777777910232544,nan,3.0181283950805664,3.0181283950805664,0.0,nan,1,True,2024,512,crpa_contribution,0731c3deec4e
0,7,31,15,0.7777777910232544,nan,3.0181283950805664,3.0181283950805664,0.0,nan,1,True,2024,512,crpa_contribution,0731c3deec4e
0,2,114,12,0.7714285850524902,nan,3.0181283950805664,3.0181281566619873,-2.384185791015625e-07,nan,1,True,2024,512,crpa_contribution,0731c3deec4e
0,2,82,29,0.7708333134651184,nan,3.0181283950805664,3.0181283950805664,0.0,nan,1,True,2024,512,crpa_contribution,0731c3deec4e
0,2,82,66,0.7708333134651184,nan,3.0181283950805664,3.0181283950805664,0.0,nan,1,True,2024,512,crpa_contribution,0731c3deec4e
0,2,85,33,0.7692307829856873,nan,3.0181283950805664,3.0181281566619873,-2.384185791015625e-07,nan,1,True,2024,512,crpa_contribution,0731c3deec4e
0,6,26,13,0.7692307829856873,nan,3.0181283950805664,3.0181283950805664,0.0,nan,1,True,2024,512,crpa_contribution,0731c3deec4e
0,6,35,7,0.7692307829856873,nan,3.0181283950805664,3.0181281566619873,-2.384185791015625e-07,nan,1,True,2024,512,crpa_contribution,0731c3deec4e
0,6,35,5,0.7692307829856873,nan,3.0181283950805664,3.0181286334991455,2.384185791015625e-07,nan,1,True,2024,512,crpa_contribution,0731c3deec4e
0,6,118,75,0.7692307829856873,nan,3.0181283950805664,3.0181283950805664,0.0,nan,1,True,2024,512,crpa_contribution,0731c3deec4e
0,6,76,58,0.7666666507720947,nan,3.0181283950805664,3.0181283950805664,0.0,nan,1,True,2024,512,crpa_contribution,0731c3deec4e
0,6,74,40,0.7666666507720947,nan,3.0181283950805664,3.0181283950805664,0.0,nan,1,True,2024,512,crpa_contribution,0731c3deec4e
0,7,490,394,0.765625,nan,3.0181283950805664,3.0181286334991455,2.384185791015625e-07,nan,1,True,2024,512,crpa_contribution,0731c3deec4e
0,6,91,71,0.761904776096344,nan,3.0181283950805664,3.0181283950805664,0.0,nan,1,True,2024,512,crpa_contribution,0731c3deec4e
0,6,77,56,0.761904776096344,nan,3.0181283950805664,3.0181283950805664,0.0,nan,1,True,2024,512,crpa_contribution,0731c3deec4e
0,7,88,72,0.7599999904632568,nan,3.0181283950805664,3.0181283950805664,0.0,nan,1,True,2024,512,crpa_contribution,0731c3deec4e
0,6,233,225,0.7586206793785095,nan,3.0181283950805664,3.0181288719177246,4.76837158203125e-07,nan,1,True,2024,512,crpa_contribution,0731c3deec4e
0,2,185,156,0.7567567825317383,nan,3.0181283950805664,3.0181283950805664,0.0,nan,1,True,2024,512,crpa_contribution,0731c3deec4e
0,2,315,292,0.7567567825317383,nan,3.0181283950805664,3.0181286334991455,2.384185791015625e-07,nan,1,True,2024,512,crpa_contribution,0731c3deec4e
0,2,206,167,0.7551020383834839,nan,3.0181283950805664,3.0181283950805664,0.0,nan,1,True,2024,512,crpa_contribution,0731c3deec4e
0,6,226,157,0.7547169923782349,nan,3.0181283950805664,3.0181283950805664,0.0,nan,1,True,2024,512,crpa_contribution,0731c3deec4e
0,2,480,437,0.7540983557701111,nan,3.0181283950805664,3.0181288719177246,4.76837158203125e-07,nan,1,True,2024,512,crpa_contribution,0731c3deec4e
0,2,51,8,0.75,nan,3.0181283950805664,3.0181286334991455,2.384185791015625e-07,nan,1,True,2024,512,crpa_contribution,0731c3deec4e
0,2,33,25,0.75,nan,3.0181283950805664,3.0181283950805664,0.0,nan,1,True,2024,512,crpa_contribution,0731c3deec4e
0,7,510,410,0.75,nan,3.0181283950805664,3.0181281566619873,-2.384185791015625e-07,nan,1,True,2024,512,crpa_contribution,0731c3deec4e
0,7,276,260,0.75,nan,3.0181283950805664,3.0181283950805664,0.0,nan,1,True,2024,512,crpa_contribution,0731c3deec4e
0,7,510,412,0.75,nan,3.0181283950805664,3.0181286334991455,2.384185791015625e-07,nan,1,True,2024,512,crpa_contribution,0731c3deec4e
0,7,423,399,0.75,nan,3.0181283950805664,3.0181286334991455,2.384185791015625e-07,nan,1,True,2024,512,crpa_contribution,0731c3deec4e
0,7,509,465,0.75,nan,3.0181283950805664,3.0181286334991455,2.384185791015625e-07,nan,1,True,2024,512,crpa_contribution,0731c3deec4e
0,7,466,395,0.7446808218955994,nan,3.0181283950805664,3.0181283950805664,0.0,nan,1,True,2024,512,crpa_contribution,0731c3deec4e
0,2,210,133,0.7400000095367432,nan,3.0181283950805664,3.0181283950805664,0.0,nan,1,True,2024,512,crpa_contribution,0731c3deec4e
0,2,210,149,0.7400000095367432,nan,3.0181283950805664,3.0181283950805664,0.0,nan,1,True,2024,512,crpa_contribution,0731c3deec4e
0,2,454,408,0.739130437374115,nan,3.0181283950805664,3.0181283950805664,0.0,nan,1,True,2024,512,crpa_contribution,0731c3deec4e
0,7,44,11,0.739130437374115,nan,3.0181283950805664,3.0181286334991455,2.384185791015625e-07,nan,1,True,2024,512,crpa_contribution,0731c3deec4e
0,7,370,321,0.739130437374115,nan,3.0181283950805664,3.0181283950805664,0.0,nan,1,True,2024,512,crpa_contribution,0731c3deec4e
0,2,487,480,0.7384615540504456,nan,3.0181283950805664,3.018127918243408,-4.76837158203125e-07,nan,1,True,2024,512,crpa_contribution,0731c3deec4e
0,7,445,412,0.738095223903656,nan,3.0181283950805664,3.0181286334991455,2.384185791015625e-07,nan,1,True,2024,512,crpa_contribution,0731c3deec4e
0,7,229,165,0.7333333492279053,nan,3.0181283950805664,3.0181283950805664,0.0,nan,1,True,2024,512,crpa_contribution,0731c3deec4e
0,2,115,70,0.7323943376541138,nan,3.0181283950805664,3.0181283950805664,0.0,nan,1,True,2024,512,crpa_contribution,0731c3deec4e
0,2,188,162,0.7317073345184326,nan,3.0181283950805664,3.0181283950805664,0.0,nan,1,True,2024,512,crpa_contribution,0731c3deec4e
0,7,486,424,0.7313432693481445,nan,3.0181283950805664,3.0181286334991455,2.384185791015625e-07,nan,1,True,2024,512,crpa_contribution,0731c3deec4e
0,7,101,10,0.725806474685669,nan,3.0181283950805664,3.0181283950805664,0.0,nan,1,True,2024,512,crpa_contribution,0731c3deec4e
0,7,115,18,0.725806474685669,nan,3.0181283950805664,3.0181283950805664,0.0,nan,1,True,2024,512,crpa_contribution,0731c3deec4e
0,7,51,12,0.7241379022598267,nan,3.0181283950805664,3.0181286334991455,2.384185791015625e-07,nan,1,True,2024,512,crpa_contribution,0731c3deec4e
0,7,245,233,0.7222222089767456,nan,3.0181283950805664,3.0181281566619873,-2.384185791015625e-07,nan,1,True,2024,512,crpa_contribution,0731c3deec4e
0,7,506,420,0.7142857313156128,nan,3.0181283950805664,3.0181288719177246,4.76837158203125e-07,nan,1,True,2024,512,crpa_contribution,0731c3deec4e
0,7,460,102,0.7083333134651184,nan,3.0181283950805664,3.0181283950805664,0.0,nan,1,True,2024,512,crpa_contribution,0731c3deec4e
0,7,298,270,0.7037037014961243,nan,3.0181283950805664,3.0181288719177246,4.76837158203125e-07,nan,1,True,2024,512,crpa_contribution,0731c3deec4e
0,7,210,149,0.7037037014961243,nan,3.0181283950805664,3.0181286334991455,2.384185791015625e-07,nan,1,True,2024,512,crpa_contribution,0731c3deec4e
1,0,6,5,1.0,nan,3.0181283950805664,3.0181283950805664,0.0,nan,1,True,2024,512,crpa_contribution,0731c3deec4e
1,0,19,18,1.0,nan,3.0181283950805664,3.0181283950805664,0.0,nan,1,True,2024,512,crpa_contribution,0731c3deec4e
1,0,20,18,1.0,nan,3.0181283950805664,3.0181283950805664,0.0,nan,1,True,2024,512,crpa_contribution,0731c3deec4e
1,0,21,0,1.0,nan,3.0181283950805664,3.018127918243408,-4.76837158203125e-07,nan,1,True,2024,512,crpa_contribution,0731c3deec4e
1,0,20,0,1.0,nan,3.0181283950805664,3.0181283950805664,0.0,nan,1,True,2024,512,crpa_contribution,0731c3deec4e
1,0,6,0,1.0,nan,3.0181283950805664,3.0181283950805664,0.0,nan,1,True,2024,512,crpa_contribution,0731c3deec4e
1,2,5,5,1.0,nan,3.0181283950805664,3.0181283950805664,0.0,nan,1,True,2024,512,crpa_contribution,0731c3deec4e
1,4,8,1,1.0,nan,3.0181283950805664,3.0181288719177246,4.76837158203125e-07,nan,1,True,2024,512,crpa_contribution,0731c3deec4e
1,6,15,11,1.0,nan,3.0181283950805664,3.0181281566619873,-2.384185791015625e-07,nan,1,True,2024,512,crpa_contribution,0731c3deec4e
1,6,15,14,1.0,nan,3.0181283950805664,3.0181283950805664,0.0,nan,1,True,2024,512,crpa_contribution,0731c3deec4e
1,7,6,3,1.0,nan,3.0181283950805664,3.0181283950805664,0.0,nan,1,True,2024,512,crpa_contribution,0731c3deec4e
1,7,5,5,1.0,nan,3.0181283950805664,3.0181283950805664,0.0,nan,1,True,2024,512,crpa_contribution,0731c3deec4e
1,7,5,3,1.0,nan,3.0181283950805664,3.0181283950805664,0.0,nan,1,True,2024,512,crpa_contribution,0731c3deec4e
1,3,122,23,0.9666666388511658,nan,3.0181283950805664,3.0181283950805664,0.0,nan,1,True,2024,512,crpa_contribution,0731c3deec4e
1,3,123,36,0.9666666388511658,nan,3.0181283950805664,3.0181283950805664,0.0,nan,1,True,2024,512,crpa_contribution,0731c3deec4e
1,6,62,18,0.9583333134651184,nan,3.0181283950805664,3.0181283950805664,0.0,nan,1,True,2024,512,crpa_contribution,0731c3deec4e
1,3,452,391,0.949999988079071,nan,3.0181283950805664,3.0181288719177246,4.76837158203125e-07,nan,1,True,2024,512,crpa_contribution,0731c3deec4e
1,3,90,56,0.949999988079071,nan,3.0181283950805664,3.0181283950805664,0.0,nan,1,True,2024,512,crpa_contribution,0731c3deec4e
1,7,48,43,0.949999988079071,nan,3.0181283950805664,3.0181283950805664,0.0,nan,1,True,2024,512,crpa_contribution,0731c3deec4e
1,6,112,59,0.9487179517745972,nan,3.0181283950805664,3.0181283950805664,0.0,nan,1,True,2024,512,crpa_contribution,0731c3deec4e
1,6,117,95,0.9487179517745972,nan,3.0181283950805664,3.0181283950805664,0.0,nan,1,True,2024,512,crpa_contribution,0731c3deec4e
1,6,117,84,0.9487179517745972,nan,3.0181283950805664,3.0181283950805664,0.0,nan,1,True,2024,512,crpa_contribution,0731c3deec4e
1,3,67,11,0.9473684430122375,nan,3.0181283950805664,3.0181283950805664,0.0,nan,1,True,2024,512,crpa_contribution,0731c3deec4e
1,7,164,162,0.9444444179534912,nan,3.0181283950805664,3.0181283950805664,0.0,nan,1,True,2024,512,crpa_contribution,0731c3deec4e
1,7,164,144,0.9444444179534912,nan,3.0181283950805664,3.018127918243408,-4.76837158203125e-07,nan,1,True,2024,512,crpa_contribution,0731c3deec4e
1,6,226,131,0.939393937587738,nan,3.0181283950805664,3.0181283950805664,0.0,nan,1,True,2024,512,crpa_contribution,0731c3deec4e
1,6,225,187,0.939393937587738,nan,3.0181283950805664,3.0181281566619873,-2.384185791015625e-07,nan,1,True,2024,512,crpa_contribution,0731c3deec4e
1,3,80,39,0.9375,nan,3.0181283950805664,3.0181283950805664,0.0,nan,1,True,2024,512,crpa_contribution,0731c3deec4e
1,3,79,66,0.9375,nan,3.0181283950805664,3.0181283950805664,0.0,nan,1,True,2024,512,crpa_contribution,0731c3deec4e
1,6,101,27,0.9375,nan,3.0181283950805664,3.0181283950805664,0.0,nan,1,True,2024,512,crpa_contribution,0731c3deec4e
1,6,93,36,0.9354838728904724,nan,3.0181283950805664,3.0181283950805664,0.0,nan,1,True,2024,512,crpa_contribution,0731c3deec4e
1,4,152,144,0.9333333373069763,nan,3.0181283950805664,3.0181283950805664,0.0,nan,1,True,2024,512,crpa_contribution,0731c3deec4e
1,6,37,11,0.9333333373069763,nan,3.0181283950805664,3.0181283950805664,0.0,nan,1,True,2024,512,crpa_contribution,0731c3deec4e
1,6,37,28,0.9333333373069763,nan,3.0181283950805664,3.0181283950805664,0.0,nan,1,True,2024,512,crpa_contribution,0731c3deec4e
1,6,91,71,0.9333333373069763,nan,3.0181283950805664,3.0181283950805664,0.0,nan,1,True,2024,512,crpa_contribution,0731c3deec4e
1,7,33,28,0.9333333373069763,nan,3.0181283950805664,3.0181283950805664,0.0,nan,1,True,2024,512,crpa_contribution,0731c3deec4e
1,0,47,39,0.9285714030265808,nan,3.0181283950805664,3.0181283950805664,0.0,nan,1,True,2024,512,crpa_contribution,0731c3deec4e
1,0,47,8,0.9285714030265808,nan,3.0181283950805664,3.0181283950805664,0.0,nan,1,True,2024,512,crpa_contribution,0731c3deec4e
1,5,29,24,0.9285714030265808,nan,3.0181283950805664,3.0181288719177246,4.76837158203125e-07,nan,1,True,2024,512,crpa_contribution,0731c3deec4e
1,4,83,28,0.9268292784690857,nan,3.0181283950805664,3.0181283950805664,0.0,nan,1,True,2024,512,crpa_contribution,0731c3deec4e
1,0,96,19,0.9259259104728699,nan,3.0181283950805664,3.0181283950805664,0.0,nan,1,True,2024,512,crpa_contribution,0731c3deec4e
1,0,41,20,0.9230769276618958,nan,3.0181283950805664,3.0181283950805664,0.0,nan,1,True,2024,512,crpa_contribution,0731c3deec4e
1,3,49,4,0.9230769276618958,nan,3.0181283950805664,3.0181288719177246,4.76837158203125e-07,nan,1,True,2024,512,crpa_contribution,0731c3deec4e
1,3,348,315,0.9230769276618958,nan,3.0181283950805664,3.0181283950805664,0.0,nan,1,True,2024,512,crpa_contribution,0731c3deec4e
1,3,348,318,0.9230769276618958,nan,3.0181283950805664,3.0181283950805664,0.0,nan,1,True,2024,512,crpa_contribution,0731c3deec4e
1,6,244,240,0.9230769276618958,nan,3.0181283950805664,3.0181283950805664,0.0,nan,1,True,2024,512,crpa_contribution,0731c3deec4e
1,6,118,27,0.9230769276618958,nan,3.0181283950805664,3.0181283950805664,0.0,nan,1,True,2024,512,crpa_contribution,0731c3deec4e
1,6,76,59,0.9200000166893005,nan,3.0181283950805664,3.0181283950805664,0.0,nan,1,True,2024,512,crpa_contribution,0731c3deec4e
1,6,74,74,0.9200000166893005,nan,3.0181283950805664,3.0181283950805664,0.0,nan,1,True,2024,512,crpa_contribution,0731c3deec4e
1,7,308,307,0.9200000166893005,nan,3.0181283950805664,3.0181283950805664,0.0,nan,1,True,2024,512,crpa_contribution,0731c3deec4e
1,7,108,52,0.918367326259613,nan,3.0181283950805664,3.0181281566619873,-2.384185791015625e-07,nan,1,True,2024,512,crpa_contribution,0731c3deec4e
1,0,39,27,0.9166666865348816,nan,3.0181283950805664,3.0181283950805664,0.0,nan,1,True,2024,512,crpa_contribution,0731c3deec4e
1,7,352,315,0.9166666865348816,nan,3.0181283950805664,3.0181283950805664,0.0,nan,1,True,2024,512,crpa_contribution,0731c3deec4e
1,6,466,391,0.9142857193946838,nan,3.0181283950805664,3.018129348754883,9.5367431640625e-07,nan,1,True,2024,512,crpa_contribution,0731c3deec4e
1,6,466,417,0.9142857193946838,nan,3.0181283950805664,3.0181283950805664,0.0,nan,1,True,2024,512,crpa_contribution,0731c3deec4e
1,3,78,18,0.9130434989929199,nan,3.0181283950805664,3.0181283950805664,0.0,nan,1,True,2024,512,crpa_contribution,0731c3deec4e
1,3,66,21,0.9130434989929199,nan,3.0181283950805664,3.0181283950805664,0.0,nan,1,True,2024,512,crpa_contribution,0731c3deec4e
1,3,94,38,0.9130434989929199,nan,3.0181283950805664,3.0181283950805664,0.0,nan,1,True,2024,512,crpa_contribution,0731c3deec4e
1,0,99,18,0.9090909361839294,nan,3.0181283950805664,3.0181283950805664,0.0,nan,1,True,2024,512,crpa_contribution,0731c3deec4e
1,0,404,400,0.9090909361839294,nan,3.0181283950805664,3.0181283950805664,0.0,nan,1,True,2024,512,crpa_contribution,0731c3deec4e
1,3,345,269,0.9090909361839294,nan,3.0181283950805664,3.0181283950805664,0.0,nan,1,True,2024,512,crpa_contribution,0731c3deec4e
1,3,38,24,0.9090909361839294,nan,3.0181283950805664,3.0181283950805664,0.0,nan,1,True,2024,512,crpa_contribution,0731c3deec4e
1,3,69,28,0.9090909361839294,nan,3.0181283950805664,3.0181283950805664,0.0,nan,1,True,2024,512,crpa_contribution,0731c3deec4e
1,3,416,390,0.9090909361839294,nan,3.0181283950805664,3.0181286334991455,2.384185791015625e-07,nan,1,True,2024,512,crpa_contribution,0731c3deec4e
1,6,407,385,0.9090909361839294,nan,3.0181283950805664,3.0181286334991455,2.384185791015625e-07,nan,1,True,2024,512,crpa_contribution,0731c3deec4e
1,6,96,95,0.9090909361839294,nan,3.0181283950805664,3.0181283950805664,0.0,nan,1,True,2024,512,crpa_contribution,0731c3deec4e
1,6,483,395,0.9090909361839294,nan,3.0181283950805664,3.0181283950805664,0.0,nan,1,True,2024,512,crpa_contribution,0731c3deec4e
1,6,486,425,0.9090909361839294,nan,3.0181283950805664,3.0181283950805664,0.0,nan,1,True,2024,512,crpa_contribution,0731c3deec4e
1,6,102,74,0.90625,nan,3.0181283950805664,3.0181283950805664,0.0,nan,1,True,2024,512,crpa_contribution,0731c3deec4e
1,3,93,36,0.9047619104385376,nan,3.0181283950805664,3.0181281566619873,-2.384185791015625e-07,nan,1,True,2024,512,crpa_contribution,0731c3deec4e
1,7,252,208,0.9038461446762085,nan,3.0181283950805664,3.0181283950805664,0.0,nan,1,True,2024,512,crpa_contribution,0731c3deec4e
1,7,69,61,0.9032257795333862,nan,3.0181283950805664,3.0181283950805664,0.0,nan,1,True,2024,512,crpa_contribution,0731c3deec4e
1,7,72,3,0.9032257795333862,nan,3.0181283950805664,3.0181283950805664,0.0,nan,1,True,2024,512,crpa_contribution,0731c3deec4e
1,7,68,24,0.9032257795333862,nan,3.0181283950805664,3.0181283950805664,0.0,nan,1,True,2024,512,crpa_contribution,0731c3deec4e
1,0,28,5,0.8999999761581421,nan,3.0181283950805664,3.0181283950805664,0.0,nan,1,True,2024,512,crpa_contribution,0731c3deec4e
1,3,404,404,0.8999999761581421,nan,3.0181283950805664,3.0181283950805664,0.0,nan,1,True,2024,512,crpa_contribution,0731c3deec4e
1,7,94,21,0.8974359035491943,nan,3.0181283950805664,3.0181283950805664,0.0,nan,1,True,2024,512,crpa_contribution,0731c3deec4e
1,7,63,39,0.8965517282485962,nan,3.0181283950805664,3.0181283950805664,0.0,nan,1,True,2024,512,crpa_contribution,0731c3deec4e
1,0,113,61,0.8947368264198303,nan,3.0181283950805664,3.0181283950805664,0.0,nan,1,True,2024,512,crpa_contribution,0731c3deec4e
1,3,63,23,0.8947368264198303,nan,3.0181283950805664,3.0181283950805664,0.0,nan,1,True,2024,512,crpa_contribution,0731c3deec4e
1,3,63,3,0.8947368264198303,nan,3.0181283950805664,3.0181283950805664,0.0,nan,1,True,2024,512,crpa_contribution,0731c3deec4e
1,3,81,39,0.8947368264198303,nan,3.0181283950805664,3.0181283950805664,0.0,nan,1,True,2024,512,crpa_contribution,0731c3deec4e
1,7,46,4,0.8947368264198303,nan,3.0181283950805664,3.0181283950805664,0.0,nan,1,True,2024,512,crpa_contribution,0731c3deec4e
1,2,107,88,0.8936170339584351,nan,3.0181283950805664,3.0181283950805664,0.0,nan,1,True,2024,512,crpa_contribution,0731c3deec4e
1,2,107,22,0.8936170339584351,nan,3.0181283950805664,3.0181283950805664,0.0,nan,1,True,2024,512,crpa_contribution,0731c3deec4e
1,2,107,52,0.8936170339584351,nan,3.0181283950805664,3.0181283950805664,0.0,nan,1,True,2024,512,crpa_contribution,0731c3deec4e
1,2,107,59,0.8936170339584351,nan,3.0181283950805664,3.0181283950805664,0.0,nan,1,True,2024,512,crpa_contribution,0731c3deec4e
1,2,123,101,0.8928571343421936,nan,3.0181283950805664,3.0181283950805664,0.0,nan,1,True,2024,512,crpa_contribution,0731c3deec4e
1,2,122,73,0.8928571343421936,nan,3.0181283950805664,3.0181283950805664,0.0,nan,1,True,2024,512,crpa_contribution,0731c3deec4e
1,3,107,94,0.8928571343421936,nan,3.0181283950805664,3.0181283950805664,0.0,nan,1,True,2024,512,crpa_contribution,0731c3deec4e
1,3,248,234,0.8928571343421936,nan,3.0181283950805664,3.0181283950805664,0.0,nan,1,True,2024,512,crpa_contribution,0731c3deec4e
1,1,383,265,0.8918918967247009,nan,3.0181283950805664,3.0181283950805664,0.0,nan,1,True,2024,512,crpa_contribution,0731c3deec4e
1,1,383,370,0.8918918967247009,nan,3.0181283950805664,3.0181283950805664,0.0,nan,1,True,2024,512,crpa_contribution,0731c3deec4e
1,1,383,330,0.8918918967247009,nan,3.0181283950805664,3.0181283950805664,0.0,nan,1,True,2024,512,crpa_contribution,0731c3deec4e
1,7,107,39,0.8913043737411499,nan,3.0181283950805664,3.0181283950805664,0.0,nan,1,True,2024,512,crpa_contribution,0731c3deec4e
1,5,378,370,0.8823529481887817,nan,3.0181283950805664,3.0181283950805664,0.0,nan,1,True,2024,512,crpa_contribution,0731c3deec4e
1,5,378,361,0.8823529481887817,nan,3.0181283950805664,3.0181281566619873,-2.384185791015625e-07,nan,1,True,2024,512,crpa_contribution,0731c3deec4e
1,5,378,281,0.8823529481887817,nan,3.0181283950805664,3.0181283950805664,0.0,nan,1,True,2024,512,crpa_contribution,0731c3deec4e
1,7,418,385,0.8823529481887817,nan,3.0181283950805664,3.0181283950805664,0.0,nan,1,True,2024,512,crpa_contribution,0731c3deec4e
1,7,244,170,0.8823529481887817,nan,3.0181283950805664,3.0181283950805664,0.0,nan,1,True,2024,512,crpa_contribution,0731c3deec4e
1,7,253,251,0.8799999952316284,nan,3.0181283950805664,3.0181283950805664,0.0,nan,1,True,2024,512,crpa_contribution,0731c3deec4e
1,0,67,28,0.875,nan,3.0181283950805664,3.0181283950805664,0.0,nan,1,True,2024,512,crpa_contribution,0731c3deec4e
1,0,63,50,0.875,nan,3.0181283950805664,3.0181281566619873,-2.384185791015625e-07,nan,1,True,2024,512,crpa_contribution,0731c3deec4e
1,0,453,393,0.875,nan,3.0181283950805664,3.0181281566619873,-2.384185791015625e-07,nan,1,True,2024,512,crpa_contribution,0731c3deec4e
1,2,30,27,0.875,nan,3.0181283950805664,3.0181288719177246,4.76837158203125e-07,nan,1,True,2024,512,crpa_contribution,0731c3deec4e
1,5,12,3,0.875,nan,3.0181283950805664,3.018127918243408,-4.76837158203125e-07,nan,1,True,2024,512,crpa_contribution,0731c3deec4e
1,4,435,407,0.8709677457809448,nan,3.0181283950805664,3.0181286334991455,2.384185791015625e-07,nan,1,True,2024,512,crpa_contribution,0731c3deec4e
1,7,325,269,0.8709677457809448,nan,3.0181283950805664,3.0181283950805664,0.0,nan,1,True,2024,512,crpa_contribution,0731c3deec4e
1,2,112,28,0.8703703880310059,nan,3.0181283950805664,3.0181283950805664,0.0,nan,1,True,2024,512,crpa_contribution,0731c3deec4e
1,7,116,14,0.8695651888847351,nan,3.0181283950805664,3.0181283950805664,0.0,nan,1,True,2024,512,crpa_contribution,0731c3deec4e
1,7,117,89,0.8695651888847351,nan,3.0181283950805664,3.0181283950805664,0.0,nan,1,True,2024,512,crpa_contribution,0731c3deec4e
1,2,74,49,0.8666666746139526,nan,3.0181283950805664,3.0181283950805664,0.0,nan,1,True,2024,512,crpa_contribution,0731c3deec4e
1,5,366,264,0.8648648858070374,nan,3.0181283950805664,3.0181283950805664,0.0,nan,1,True,2024,512,crpa_contribution,0731c3deec4e
1,5,366,266,0.8648648858070374,nan,3.0181283950805664,3.0181283950805664,0.0,nan,1,True,2024,512,crpa_contribution,0731c3deec4e
1,2,488,395,0.8644067645072937,nan,3.0181283950805664,3.0181288719177246,4.76837158203125e-07,nan,1,True,2024,512,crpa_contribution,0731c3deec4e
1,2,109,55,0.8636363744735718,nan,3.0181283950805664,3.0181283950805664,0.0,nan,1,True,2024,512,crpa_contribution,0731c3deec4e
1,2,109,89,0.8636363744735718,nan,3.0181283950805664,3.0181283950805664,0.0,nan,1,True,2024,512,crpa_contribution,0731c3deec4e
1,5,46,24,0.8636363744735718,nan,3.0181283950805664,3.0181283950805664,0.0,nan,1,True,2024,512,crpa_contribution,0731c3deec4e
1,2,383,356,0.8620689511299133,nan,3.0181283950805664,3.0181283950805664,0.0,nan,1,True,2024,512,crpa_contribution,0731c3deec4e
1,5,250,214,0.8620689511299133,nan,3.0181283950805664,3.0181283950805664,0.0,nan,1,True,2024,512,crpa_contribution,0731c3deec4e
1,0,43,33,0.8571428656578064,nan,3.0181283950805664,3.0181283950805664,0.0,nan,1,True,2024,512,crpa_contribution,0731c3deec4e
1,0,44,3,0.8571428656578064,nan,3.0181283950805664,3.0181283950805664,0.0,nan,1,True,2024,512,crpa_contribution,0731c3deec4e
1,1,411,384,0.8571428656578064,nan,3.0181283950805664,3.0181286334991455,2.384185791015625e-07,nan,1,True,2024,512,crpa_contribution,0731c3deec4e
1,2,309,303,0.8571428656578064,nan,3.0181283950805664,3.0181283950805664,0.0,nan,1,True,2024,512,crpa_contribution,0731c3deec4e
1,2,308,307,0.8571428656578064,nan,3.0181283950805664,3.0181283950805664,0.0,nan,1,True,2024,512,crpa_contribution,0731c3deec4e
1,4,48,4,0.8571428656578064,nan,3.0181283950805664,3.0181283950805664,0.0,nan,1,True,2024,512,crpa_contribution,0731c3deec4e
1,4,288,280,0.8571428656578064,nan,3.0181283950805664,3.0181283950805664,0.0,nan,1,True,2024,512,crpa_contribution,0731c3deec4e
1,5,60,39,0.8571428656578064,nan,3.0181283950805664,3.0181283950805664,0.0,nan,1,True,2024,512,crpa_contribution,0731c3deec4e
1,0,482,399,0.8536585569381714,nan,3.0181283950805664,3.0181288719177246,4.76837158203125e-07,nan,1,True,2024,512,crpa_contribution,0731c3deec4e
1,2,69,57,0.8529411554336548,nan,3.0181283950805664,3.018127918243408,-4.76837158203125e-07,nan,1,True,2024,512,crpa_contribution,0731c3deec4e
1,4,314,279,0.8529411554336548,nan,3.0181283950805664,3.0181283950805664,0.0,nan,1,True,2024,512,crpa_contribution,0731c3deec4e
1,4,67,22,0.8529411554336548,nan,3.0181283950805664,3.0181283950805664,0.0,nan,1,True,2024,512,crpa_contribution,0731c3deec4e
1,4,67,41,0.8529411554336548,nan,3.0181283950805664,3.0181283950805664,0.0,nan,1,True,2024,512,crpa_contribution,0731c3deec4e
1,5,122,77,0.8524590134620667,nan,3.0181283950805664,3.0181283950805664,0.0,nan,1,True,2024,512,crpa_contribution,0731c3deec4e
1,0,90,3,0.8518518805503845,nan,3.0181283950805664,3.0181283950805664,0.0,nan,1,True,2024,512,crpa_contribution,0731c3deec4e
1,0,77,19,0.8518518805503845,nan,3.0181283950805664,3.0181283950805664,0.0,nan,1,True,2024,512,crpa_contribution,0731c3deec4e
1,0,491,384,0.8500000238418579,nan,3.0181283950805664,3.0181283950805664,0.0,nan,1,True,2024,512,crpa_contribution,0731c3deec4e
1,2,90,61,0.8500000238418579,nan,3.0181283950805664,3.0181283950805664,0.0,nan,1,True,2024,512,crpa_contribution,0731c3deec4e
1,1,368,362,0.8484848737716675,nan,3.0181283950805664,3.0181283950805664,0.0,nan,1,True,2024,512,crpa_contribution,0731c3deec4e
1,1,365,343,0.8484848737716675,nan,3.0181283950805664,3.0181283950805664,0.0,nan,1,True,2024,512,crpa_contribution,0731c3deec4e
1,4,85,34,0.8478260636329651,nan,3.0181283950805664,3.0181288719177246,4.76837158203125e-07,nan,1,True,2024,512,crpa_contribution,0731c3deec4e
1,1,381,265,0.8461538553237915,nan,3.0181283950805664,3.0181283950805664,0.0,nan,1,True,2024,512,crpa_contribution,0731c3deec4e
1,2,28,11,0.8461538553237915,nan,3.0181283950805664,3.0181283950805664,0.0,nan,1,True,2024,512,crpa_contribution,0731c3deec4e
1,2,31,24,0.8461538553237915,nan,3.0181283950805664,3.0181283950805664,0.0,nan,1,True,2024,512,crpa_contribution,0731c3deec4e
1,2,28,4,0.8461538553237915,nan,3.0181283950805664,3.0181283950805664,0.0,nan,1,True,2024,512,crpa_contribution,0731c3deec4e
1,4,254,177,0.8450704216957092,nan,3.0181283950805664,3.0181283950805664,0.0,nan,1,True,2024,512,crpa_contribution,0731c3deec4e
1,1,107,38,0.843137264251709,nan,3.0181283950805664,3.018127918243408,-4.76837158203125e-07,nan,1,True,2024,512,crpa_contribution,0731c3deec4e
1,2,113,73,0.843137264251709,nan,3.0181283950805664,3.0181283950805664,0.0,nan,1,True,2024,512,crpa_contribution,0731c3deec4e
1,2,113,41,0.843137264251709,nan,3.0181283950805664,3.0181283950805664,0.0,nan,1,True,2024,512,crpa_contribution,0731c3deec4e
1,1,414,403,0.8421052694320679,nan,3.0181283950805664,3.0181283950805664,0.0,nan,1,True,2024,512,crpa_contribution,0731c3deec4e
1,1,93,90,0.8409090638160706,nan,3.0181283950805664,3.0181283950805664,0.0,nan,1,True,2024,512,crpa_contribution,0731c3deec4e
1,1,93,73,0.8409090638160706,nan,3.0181283950805664,3.0181283950805664,0.0,nan,1,True,2024,512,crpa_contribution,0731c3deec4e
1,2,100,11,0.8409090638160706,nan,3.0181283950805664,3.0181283950805664,0.0,nan,1,True,2024,512,crpa_contribution,0731c3deec4e
1,5,253,222,0.8392857313156128,nan,3.0181283950805664,3.018127918243408,-4.76837158203125e-07,nan,1,True,2024,512,crpa_contribution,0731c3deec4e
1,5,253,214,0.8392857313156128,nan,3.0181283950805664,3.0181283950805664,0.0,nan,1,True,2024,512,crpa_contribution,0731c3deec4e
1,5,244,129,0.8363636136054993,nan,3.0181283950805664,3.0181283950805664,0.0,nan,1,True,2024,512,crpa_contribution,0731c3deec4e
1,1,122,90,0.8360655903816223,nan,3.0181283950805664,3.0181283950805664,0.0,nan,1,True,2024,512,crpa_contribution,0731c3deec4e
1,1,123,23,0.8360655903816223,nan,3.0181283950805664,3.0181281566619873,-2.384185791015625e-07,nan,1,True,2024,512,crpa_contribution,0731c3deec4e
1,1,32,14,0.8333333134651184,nan,3.0181283950805664,3.0181283950805664,0.0,nan,1,True,2024,512,crpa_contribution,0731c3deec4e
1,1,322,263,0.8333333134651184,nan,3.0181283950805664,3.0181283950805664,0.0,nan,1,True,2024,512,crpa_contribution,0731c3deec4e
1,4,11,4,0.8333333134651184,nan,3.0181283950805664,3.0181283950805664,0.0,nan,1,True,2024,512,crpa_contribution,0731c3deec4e
1,4,11,5,0.8333333134651184,nan,3.0181283950805664,3.0181288719177246,4.76837158203125e-07,nan,1,True,2024,512,crpa_contribution,0731c3deec4e
1,5,374,361,0.8333333134651184,nan,3.0181283950805664,3.0181283950805664,0.0,nan,1,True,2024,512,crpa_contribution,0731c3deec4e
1,5,80,77,0.8333333134651184,nan,3.0181283950805664,3.0181283950805664,0.0,nan,1,True,2024,512,crpa_contribution,0731c3deec4e
1,4,223,166,0.8301886916160583,nan,3.0181283950805664,3.0181283950805664,0.0,nan,1,True,2024,512,crpa_contribution,0731c3deec4e
1,5,350,328,0.8292682766914368,nan,3.0181283950805664,3.0181283950805664,0.0,nan,1,True,2024,512,crpa_contribution,0731c3deec4e
1,5,73,38,0.8285714387893677,nan,3.0181283950805664,3.0181283950805664,0.0,nan,1,True,2024,512,crpa_contribution,0731c3deec4e
1,5,73,7,0.8285714387893677,nan,3.0181283950805664,3.0181283950805664,0.0,nan,1,True,2024,512,crpa_contribution,0731c3deec4e
1,1,430,419,0.8275862336158752,nan,3.0181283950805664,3.0181283950805664,0.0,nan,1,True,2024,512,crpa_contribution,0731c3deec4e
1,1,430,422,0.8275862336158752,nan,3.0181283950805664,3.0181283950805664,0.0,nan,1,True,2024,512,crpa_contribution,0731c3deec4e
1,5,482,464,0.8275862336158752,nan,3.0181283950805664,3.0181283950805664,0.0,nan,1,True,2024,512,crpa_contribution,0731c3deec4e
1,5,486,467,0.8275862336158752,nan,3.0181283950805664,3.0181283950805664,0.0,nan,1,True,2024,512,crpa_contribution,0731c3deec4e
1,5,486,407,0.8275862336158752,nan,3.0181283950805664,3.0181283950805664,0.0,nan,1,True,2024,512,crpa_contribution,0731c3deec4e
1,5,233,192,0.8269230723381042,nan,3.0181283950805664,3.0181288719177246,4.76837158203125e-07,nan,1,True,2024,512,crpa_contribution,0731c3deec4e
1,5,99,1,0.8269230723381042,nan,3.0181283950805664,3.0181283950805664,0.0,nan,1,True,2024,512,crpa_contribution,0731c3deec4e
1,4,43,39,0.8260869383811951,nan,3.0181283950805664,3.018127918243408,-4.76837158203125e-07,nan,1,True,2024,512,crpa_contribution,0731c3deec4e
1,1,486,479,0.8245614171028137,nan,3.0181283950805664,3.0181286334991455,2.384185791015625e-07,nan,1,True,2024,512,crpa_contribution,0731c3deec4e
1,1,35,21,0.8235294222831726,nan,3.0181283950805664,3.0181283950805664,0.0,nan,1,True,2024,512,crpa_contribution,0731c3deec4e
1,1,33,17,0.8235294222831726,nan,3.0181283950805664,3.018127918243408,-4.76837158203125e-07,nan,1,True,2024,512,crpa_contribution,0731c3deec4e
1,4,487,422,0.8225806355476379,nan,3.0181283950805664,3.018127918243408,-4.76837158203125e-07,nan,1,True,2024,512,crpa_contribution,0731c3deec4e
1,4,485,394,0.8225806355476379,nan,3.0181283950805664,3.0181288719177246,4.76837158203125e-07,nan,1,True,2024,512,crpa_contribution,0731c3deec4e
1,1,353,326,0.8205128312110901,nan,3.0181283950805664,3.0181281566619873,-2.384185791015625e-07,nan,1,True,2024,512,crpa_contribution,0731c3deec4e
1,4,185,160,0.8181818127632141,nan,3.0181283950805664,3.0181283950805664,0.0,nan,1,True,2024,512,crpa_contribution,0731c3deec4e
1,4,398,390,0.8181818127632141,nan,3.0181283950805664,3.018129587173462,1.1920928955078125e-06,nan,1,True,2024,512,crpa_contribution,0731c3deec4e
1,4,474,438,0.8148148059844971,nan,3.0181283950805664,3.0181286334991455,2.384185791015625e-07,nan,1,True,2024,512,crpa_contribution,0731c3deec4e
1,4,424,384,0.8148148059844971,nan,3.0181283950805664,3.0181286334991455,2.384185791015625e-07,nan,1,True,2024,512,crpa_contribution,0731c3deec4e
1,4,406,400,0.8125,nan,3.0181283950805664,3.0181288719177246,4.76837158203125e-07,nan,1,True,2024,512,crpa_contribution,0731c3deec4e
1,4,213,138,0.8125,nan,3.0181283950805664,3.0181283950805664,0.0,nan,1,True,2024,512,crpa_contribution,0731c3deec4e
1,4,472,392,0.8113207817077637,nan,3.0181283950805664,3.0181283950805664,0.0,nan,1,True,2024,512,crpa_contribution,0731c3deec4e
1,1,352,277,0.8108108043670654,nan,3.0181283950805664,3.0181283950805664,0.0,nan,1,True,2024,512,crpa_contribution,0731c3deec4e
1,1,346,328,0.8108108043670654,nan,3.0181283950805664,3.0181283950805664,0.0,nan,1,True,2024,512,crpa_contribution,0731c3deec4e
1,1,349,322,0.8108108043670654,nan,3.0181283950805664,3.018127918243408,-4.76837158203125e-07,nan,1,True,2024,512,crpa_contribution,0731c3deec4e
2,1,5,4,1.0,nan,3.0181283950805664,3.0181283950805664,0.0,nan,1,True,2024,512,crpa_contribution,0731c3deec4e
2,1,47,3,1.0,nan,3.0181283950805664,3.0181283950805664,0.0,nan,1,True,2024,512,crpa_contribution,0731c3deec4e
2,1,25,11,1.0,nan,3.0181283950805664,3.0181283950805664,0.0,nan,1,True,2024,512,crpa_contribution,0731c3deec4e
2,2,3,0,1.0,nan,3.0181283950805664,3.0181281566619873,-2.384185791015625e-07,nan,1,True,2024,512,crpa_contribution,0731c3deec4e
2,5,5,4,1.0,nan,3.0181283950805664,3.0181283950805664,0.0,nan,1,True,2024,512,crpa_contribution,0731c3deec4e
2,1,86,28,0.9807692170143127,nan,3.0181283950805664,3.0181283950805664,0.0,nan,1,True,2024,512,crpa_contribution,0731c3deec4e
2,1,76,31,0.97826087474823,nan,3.0181283950805664,3.0181283950805664,0.0,nan,1,True,2024,512,crpa_contribution,0731c3deec4e
2,1,72,36,0.9767441749572754,nan,3.0181283950805664,3.0181283950805664,0.0,nan,1,True,2024,512,crpa_contribution,0731c3deec4e
2,1,125,53,0.9729729890823364,nan,3.0181283950805664,3.0181283950805664,0.0,nan,1,True,2024,512,crpa_contribution,0731c3deec4e
2,1,109,1,0.9701492786407471,nan,3.0181283950805664,3.0181283950805664,0.0,nan,1,True,2024,512,crpa_contribution,0731c3deec4e
2,4,70,43,0.96875,nan,3.0181283950805664,3.0181283950805664,0.0,nan,1,True,2024,512,crpa_contribution,0731c3deec4e
2,0,62,50,0.9677419066429138,nan,3.0181283950805664,3.0181283950805664,0.0,nan,1,True,2024,512,crpa_contribution,0731c3deec4e
2,4,64,17,0.9677419066429138,nan,3.0181283950805664,3.0181288719177246,4.76837158203125e-07,nan,1,True,2024,512,crpa_contribution,0731c3deec4e
2,1,90,84,0.9629629850387573,nan,3.0181283950805664,3.0181281566619873,-2.384185791015625e-07,nan,1,True,2024,512,crpa_contribution,0731c3deec4e
2,1,85,17,0.9615384340286255,nan,3.0181283950805664,3.0181283950805664,0.0,nan,1,True,2024,512,crpa_contribution,0731c3deec4e
2,0,487,392,0.9607843160629272,nan,3.0181283950805664,3.0181281566619873,-2.384185791015625e-07,nan,1,True,2024,512,crpa_contribution,0731c3deec4e
2,0,483,450,0.9607843160629272,nan,3.0181283950805664,3.0181283950805664,0.0,nan,1,True,2024,512,crpa_contribution,0731c3deec4e
2,1,246,215,0.9583333134651184,nan,3.0181283950805664,3.0181283950805664,0.0,nan,1,True,2024,512,crpa_contribution,0731c3deec4e
2,4,50,43,0.9583333134651184,nan,3.0181283950805664,3.0181283950805664,0.0,nan,1,True,2024,512,crpa_contribution,0731c3deec4e
2,4,50,39,0.9583333134651184,nan,3.0181283950805664,3.0181288719177246,4.76837158203125e-07,nan,1,True,2024,512,crpa_contribution,0731c3deec4e
2,1,239,230,0.95652174949646,nan,3.0181283950805664,3.0181283950805664,0.0,nan,1,True,2024,512,crpa_contribution,0731c3deec4e
2,1,112,79,0.9552238583564758,nan,3.0181283950805664,3.0181283950805664,0.0,nan,1,True,2024,512,crpa_contribution,0731c3deec4e
2,1,34,4,0.9545454382896423,nan,3.0181283950805664,3.0181283950805664,0.0,nan,1,True,2024,512,crpa_contribution,0731c3deec4e
2,4,39,23,0.949999988079071,nan,3.0181283950805664,3.0181283950805664,0.0,nan,1,True,2024,512,crpa_contribution,0731c3deec4e
2,1,93,37,0.9473684430122375,nan,3.0181283950805664,3.0181283950805664,0.0,nan,1,True,2024,512,crpa_contribution,0731c3deec4e
2,1,64,2,0.9473684430122375,nan,3.0181283950805664,3.0181283950805664,0.0,nan,1,True,2024,512,crpa_contribution,0731c3deec4e
2,1,64,32,0.9473684430122375,nan,3.0181283950805664,3.0181283950805664,0.0,nan,1,True,2024,512,crpa_contribution,0731c3deec4e
2,1,118,22,0.9452054500579834,nan,3.0181283950805664,3.0181281566619873,-2.384185791015625e-07,nan,1,True,2024,512,crpa_contribution,0731c3deec4e
2,0,36,31,0.9444444179534912,nan,3.0181283950805664,3.0181283950805664,0.0,nan,1,True,2024,512,crpa_contribution,0731c3deec4e
2,0,33,22,0.9444444179534912,nan,3.0181283950805664,3.0181283950805664,0.0,nan,1,True,2024,512,crpa_contribution,0731c3deec4e
2,1,60,45,0.9444444179534912,nan,3.0181283950805664,3.0181283950805664,0.0,nan,1,True,2024,512,crpa_contribution,0731c3deec4e
2,1,60,52,0.9444444179534912,nan,3.0181283950805664,3.0181283950805664,0.0,nan,1,True,2024,512,crpa_contribution,0731c3deec4e
2,1,27,18,0.9444444179534912,nan,3.0181283950805664,3.0181283950805664,0.0,nan,1,True,2024,512,crpa_contribution,0731c3deec4e
2,1,114,55,0.9420289993286133,nan,3.0181283950805664,3.0181283950805664,0.0,nan,1,True,2024,512,crpa_contribution,0731c3deec4e
2,1,114,2,0.9420289993286133,nan,3.0181283950805664,3.0181283950805664,0.0,nan,1,True,2024,512,crpa_contribution,0731c3deec4e
2,4,246,102,0.9399999976158142,nan,3.0181283950805664,3.0181283950805664,0.0,nan,1,True,2024,512,crpa_contribution,0731c3deec4e
2,4,495,407,0.9399999976158142,nan,3.0181283950805664,3.0181283950805664,0.0,nan,1,True,2024,512,crpa_contribution,0731c3deec4e
2,4,245,178,0.9399999976158142,nan,3.0181283950805664,3.0181283950805664,0.0,nan,1,True,2024,512,crpa_contribution,0731c3deec4e
2,1,51,1,0.939393937587738,nan,3.0181283950805664,3.0181283950805664,0.0,nan,1,True,2024,512,crpa_contribution,0731c3deec4e
2,4,69,43,0.939393937587738,nan,3.0181283950805664,3.0181283950805664,0.0,nan,1,True,2024,512,crpa_contribution,0731c3deec4e
2,4,69,26,0.939393937587738,nan,3.0181283950805664,3.0181283950805664,0.0,nan,1,True,2024,512,crpa_contribution,0731c3deec4e
2,2,36,10,0.9375,nan,3.0181283950805664,3.0181283950805664,0.0,nan,1,True,2024,512,crpa_contribution,0731c3deec4e
2,7,124,91,0.9354838728904724,nan,3.0181283950805664,3.0181286334991455,2.384185791015625e-07,nan,1,True,2024,512,crpa_contribution,0731c3deec4e
2,0,30,24,0.9333333373069763,nan,3.0181283950805664,3.0181283950805664,0.0,nan,1,True,2024,512,crpa_contribution,0731c3deec4e
2,2,65,24,0.9333333373069763,nan,3.0181283950805664,3.0181286334991455,2.384185791015625e-07,nan,1,True,2024,512,crpa_contribution,0731c3deec4e
2,5,31,28,0.9333333373069763,nan,3.0181283950805664,3.0181283950805664,0.0,nan,1,True,2024,512,crpa_contribution,0731c3deec4e
2,5,30,1,0.9333333373069763,nan,3.0181283950805664,3.0181283950805664,0.0,nan,1,True,2024,512,crpa_contribution,0731c3deec4e
2,5,31,5,0.9333333373069763,nan,3.0181283950805664,3.0181281566619873,-2.384185791015625e-07,nan,1,True,2024,512,crpa_contribution,0731c3deec4e
2,7,29,29,0.9333333373069763,nan,3.0181283950805664,3.0181283950805664,0.0,nan,1,True,2024,512,crpa_contribution,0731c3deec4e
2,7,115,18,0.9333333373069763,nan,3.0181283950805664,3.018127918243408,-4.76837158203125e-07,nan,1,True,2024,512,crpa_contribution,0731c3deec4e
2,3,79,5,0.9318181872367859,nan,3.0181283950805664,3.0181283950805664,0.0,nan,1,True,2024,512,crpa_contribution,0731c3deec4e
2,2,115,59,0.9285714030265808,nan,3.0181283950805664,3.0181286334991455,2.384185791015625e-07,nan,1,True,2024,512,crpa_contribution,0731c3deec4e
2,3,375,328,0.9285714030265808,nan,3.0181283950805664,3.0181288719177246,4.76837158203125e-07,nan,1,True,2024,512,crpa_contribution,0731c3deec4e
2,3,372,328,0.9285714030265808,nan,3.0181283950805664,3.0181283950805664,0.0,nan,1,True,2024,512,crpa_contribution,0731c3deec4e
2,3,375,362,0.9285714030265808,nan,3.0181283950805664,3.0181286334991455,2.384185791015625e-07,nan,1,True,2024,512,crpa_contribution,0731c3deec4e
2,4,32,29,0.9285714030265808,nan,3.0181283950805664,3.0181283950805664,0.0,nan,1,True,2024,512,crpa_contribution,0731c3deec4e
2,4,82,18,0.9268292784690857,nan,3.0181283950805664,3.0181283950805664,0.0,nan,1,True,2024,512,crpa_contribution,0731c3deec4e
2,6,76,44,0.9268292784690857,nan,3.0181283950805664,3.0181283950805664,0.0,nan,1,True,2024,512,crpa_contribution,0731c3deec4e
2,6,487,387,0.9259259104728699,nan,3.0181283950805664,3.0181286334991455,2.384185791015625e-07,nan,1,True,2024,512,crpa_contribution,0731c3deec4e
2,4,79,26,0.9230769276618958,nan,3.0181283950805664,3.0181283950805664,0.0,nan,1,True,2024,512,crpa_contribution,0731c3deec4e
2,6,23,0,0.9230769276618958,nan,3.0181283950805664,3.0181283950805664,0.0,nan,1,True,2024,512,crpa_contribution,0731c3deec4e
2,6,473,404,0.9230769276618958,nan,3.0181283950805664,3.0181283950805664,0.0,nan,1,True,2024,512,crpa_contribution,0731c3deec4e
2,7,75,56,0.9230769276618958,nan,3.0181283950805664,3.0181283950805664,0.0,nan,1,True,2024,512,crpa_contribution,0731c3deec4e
2,7,75,72,0.9230769276618958,nan,3.0181283950805664,3.0181283950805664,0.0,nan,1,True,2024,512,crpa_contribution,0731c3deec4e
2,2,103,83,0.9215686321258545,nan,3.0181283950805664,3.0181281566619873,-2.384185791015625e-07,nan,1,True,2024,512,crpa_contribution,0731c3deec4e
2,2,105,79,0.9215686321258545,nan,3.0181283950805664,3.0181283950805664,0.0,nan,1,True,2024,512,crpa_contribution,0731c3deec4e
2,2,105,7,0.9215686321258545,nan,3.0181283950805664,3.0181283950805664,0.0,nan,1,True,2024,512,crpa_contribution,0731c3deec4e
2,7,488,411,0.9215686321258545,nan,3.0181283950805664,3.0181283950805664,0.0,nan,1,True,2024,512,crpa_contribution,0731c3deec4e
2,7,473,428,0.9215686321258545,nan,3.0181283950805664,3.0181283950805664,0.0,nan,1,True,2024,512,crpa_contribution,0731c3deec4e
2,5,456,419,0.9210526347160339,nan,3.0181283950805664,3.0181283950805664,0.0,nan,1,True,2024,512,crpa_contribution,0731c3deec4e
2,2,51,48,0.9200000166893005,nan,3.0181283950805664,3.0181283950805664,0.0,nan,1,True,2024,512,crpa_contribution,0731c3deec4e
2,4,51,24,0.9200000166893005,nan,3.0181283950805664,3.0181283950805664,0.0,nan,1,True,2024,512,crpa_contribution,0731c3deec4e
2,2,76,5,0.9189189076423645,nan,3.0181283950805664,3.0181288719177246,4.76837158203125e-07,nan,1,True,2024,512,crpa_contribution,0731c3deec4e
2,5,81,5,0.9189189076423645,nan,3.0181283950805664,3.0181283950805664,0.0,nan,1,True,2024,512,crpa_contribution,0731c3deec4e
2,2,239,216,0.918367326259613,nan,3.0181283950805664,3.0181283950805664,0.0,nan,1,True,2024,512,crpa_contribution,0731c3deec4e
2,0,23,14,0.9166666865348816,nan,3.0181283950805664,3.0181283950805664,0.0,nan,1,True,2024,512,crpa_contribution,0731c3deec4e
2,2,72,56,0.9166666865348816,nan,3.0181283950805664,3.0181283950805664,0.0,nan,1,True,2024,512,crpa_contribution,0731c3deec4e
2,2,74,50,0.9166666865348816,nan,3.0181283950805664,3.0181283950805664,0.0,nan,1,True,2024,512,crpa_contribution,0731c3deec4e
2,7,23,14,0.9166666865348816,nan,3.0181283950805664,3.0181283950805664,0.0,nan,1,True,2024,512,crpa_contribution,0731c3deec4e
2,4,123,91,0.9152542352676392,nan,3.0181283950805664,3.0181283950805664,0.0,nan,1,True,2024,512,crpa_contribution,0731c3deec4e
2,0,92,39,0.914893627166748,nan,3.0181283950805664,3.0181283950805664,0.0,nan,1,True,2024,512,crpa_contribution,0731c3deec4e
2,2,488,425,0.914893627166748,nan,3.0181283950805664,3.0181281566619873,-2.384185791015625e-07,nan,1,True,2024,512,crpa_contribution,0731c3deec4e
2,2,487,428,0.914893627166748,nan,3.0181283950805664,3.0181283950805664,0.0,nan,1,True,2024,512,crpa_contribution,0731c3deec4e
2,4,487,442,0.914893627166748,nan,3.0181283950805664,3.0181283950805664,0.0,nan,1,True,2024,512,crpa_contribution,0731c3deec4e
2,4,480,428,0.914893627166748,nan,3.0181283950805664,3.0181283950805664,0.0,nan,1,True,2024,512,crpa_contribution,0731c3deec4e
2,7,249,194,0.9122806787490845,nan,3.0181283950805664,3.0181283950805664,0.0,nan,1,True,2024,512,crpa_contribution,0731c3deec4e
2,7,249,226,0.9122806787490845,nan,3.0181283950805664,3.0181283950805664,0.0,nan,1,True,2024,512,crpa_contribution,0731c3deec4e
2,2,483,414,0.9111111164093018,nan,3.0181283950805664,3.0181283950805664,0.0,nan,1,True,2024,512,crpa_contribution,0731c3deec4e
2,0,244,210,0.9107142686843872,nan,3.0181283950805664,3.0181283950805664,0.0,nan,1,True,2024,512,crpa_contribution,0731c3deec4e
2,7,126,109,0.9104477763175964,nan,3.0181283950805664,3.0181283950805664,0.0,nan,1,True,2024,512,crpa_contribution,0731c3deec4e
2,4,24,8,0.9090909361839294,nan,3.0181283950805664,3.0181283950805664,0.0,nan,1,True,2024,512,crpa_contribution,0731c3deec4e
2,4,24,0,0.9090909361839294,nan,3.0181283950805664,3.0181281566619873,-2.384185791015625e-07,nan,1,True,2024,512,crpa_contribution,0731c3deec4e
2,7,493,405,0.9090909361839294,nan,3.0181283950805664,3.0181288719177246,4.76837158203125e-07,nan,1,True,2024,512,crpa_contribution,0731c3deec4e
2,7,20,7,0.9090909361839294,nan,3.0181283950805664,3.0181283950805664,0.0,nan,1,True,2024,512,crpa_contribution,0731c3deec4e
2,7,496,405,0.9090909361839294,nan,3.0181283950805664,3.0181288719177246,4.76837158203125e-07,nan,1,True,2024,512,crpa_contribution,0731c3deec4e
2,7,496,411,0.9090909361839294,nan,3.0181283950805664,3.0181283950805664,0.0,nan,1,True,2024,512,crpa_contribution,0731c3deec4e
2,0,83,20,0.9069767594337463,nan,3.0181283950805664,3.0181286334991455,2.384185791015625e-07,nan,1,True,2024,512,crpa_contribution,0731c3deec4e
2,0,80,24,0.9069767594337463,nan,3.0181283950805664,3.0181283950805664,0.0,nan,1,True,2024,512,crpa_contribution,0731c3deec4e
2,0,83,57,0.9069767594337463,nan,3.0181283950805664,3.0181283950805664,0.0,nan,1,True,2024,512,crpa_contribution,0731c3deec4e
2,0,80,67,0.9069767594337463,nan,3.0181283950805664,3.0181283950805664,0.0,nan,1,True,2024,512,crpa_contribution,0731c3deec4e
2,6,439,398,0.90625,nan,3.0181283950805664,3.0181283950805664,0.0,nan,1,True,2024,512,crpa_contribution,0731c3deec4e
2,6,62,29,0.90625,nan,3.0181283950805664,3.0181283950805664,0.0,nan,1,True,2024,512,crpa_contribution,0731c3deec4e
2,6,62,57,0.90625,nan,3.0181283950805664,3.0181283950805664,0.0,nan,1,True,2024,512,crpa_contribution,0731c3deec4e
2,6,60,46,0.90625,nan,3.0181283950805664,3.0181283950805664,0.0,nan,1,True,2024,512,crpa_contribution,0731c3deec4e
2,0,481,306,0.9038461446762085,nan,3.0181283950805664,3.0181283950805664,0.0,nan,1,True,2024,512,crpa_contribution,0731c3deec4e
2,0,480,399,0.9038461446762085,nan,3.0181283950805664,3.0181283950805664,0.0,nan,1,True,2024,512,crpa_contribution,0731c3deec4e
2,6,374,311,0.9038461446762085,nan,3.0181283950805664,3.0181283950805664,0.0,nan,1,True,2024,512,crpa_contribution,0731c3deec4e
2,2,88,24,0.9024389982223511,nan,3.0181283950805664,3.0181281566619873,-2.384185791015625e-07,nan,1,True,2024,512,crpa_contribution,0731c3deec4e
2,2,84,0,0.9024389982223511,nan,3.0181283950805664,3.0181283950805664,0.0,nan,1,True,2024,512,crpa_contribution,0731c3deec4e
2,2,86,50,0.9024389982223511,nan,3.0181283950805664,3.0181283950805664,0.0,nan,1,True,2024,512,crpa_contribution,0731c3deec4e
2,0,473,102,0.9019607901573181,nan,3.0181283950805664,3.0181283950805664,0.0,nan,1,True,2024,512,crpa_contribution,0731c3deec4e
2,0,473,407,0.9019607901573181,nan,3.0181283950805664,3.0181283950805664,0.0,nan,1,True,2024,512,crpa_contribution,0731c3deec4e
2,7,506,406,0.9016393423080444,nan,3.0181283950805664,3.0181281566619873,-2.384185791015625e-07,nan,1,True,2024,512,crpa_contribution,0731c3deec4e
2,7,506,428,0.9016393423080444,nan,3.0181283950805664,3.0181283950805664,0.0,nan,1,True,2024,512,crpa_contribution,0731c3deec4e
2,0,472,453,0.8999999761581421,nan,3.0181283950805664,3.0181283950805664,0.0,nan,1,True,2024,512,crpa_contribution,0731c3deec4e
2,2,21,7,0.8999999761581421,nan,3.0181283950805664,3.0181283950805664,0.0,nan,1,True,2024,512,crpa_contribution,0731c3deec4e
2,2,61,39,0.8999999761581421,nan,3.0181283950805664,3.0181281566619873,-2.384185791015625e-07,nan,1,True,2024,512,crpa_contribution,0731c3deec4e
2,2,236,170,0.8999999761581421,nan,3.0181283950805664,3.0181283950805664,0.0,nan,1,True,2024,512,crpa_contribution,0731c3deec4e
2,7,248,200,0.8999999761581421,nan,3.0181283950805664,3.0181283950805664,0.0,nan,1,True,2024,512,crpa_contribution,0731c3deec4e
2,7,250,205,0.8999999761581421,nan,3.0181283950805664,3.0181283950805664,0.0,nan,1,True,2024,512,crpa_contribution,0731c3deec4e
2,0,373,311,0.8979591727256775,nan,3.0181283950805664,3.0181288719177246,4.76837158203125e-07,nan,1,True,2024,512,crpa_contribution,0731c3deec4e
2,5,374,265,0.8974359035491943,nan,3.0181283950805664,3.0181283950805664,0.0,nan,1,True,2024,512,crpa_contribution,0731c3deec4e
2,4,510,409,0.8965517282485962,nan,3.0181283950805664,3.0181286334991455,2.384185791015625e-07,nan,1,True,2024,512,crpa_contribution,0731c3deec4e
2,6,109,79,0.8965517282485962,nan,3.0181283950805664,3.0181283950805664,0.0,nan,1,True,2024,512,crpa_contribution,0731c3deec4e
2,7,113,35,0.8965517282485962,nan,3.0181283950805664,3.0181283950805664,0.0,nan,1,True,2024,512,crpa_contribution,0731c3deec4e
2,7,108,98,0.8965517282485962,nan,3.0181283950805664,3.0181283950805664,0.0,nan,1,True,2024,512,crpa_contribution,0731c3deec4e
2,7,109,29,0.8965517282485962,nan,3.0181283950805664,3.0181288719177246,4.76837158203125e-07,nan,1,True,2024,512,crpa_contribution,0731c3deec4e
2,2,473,426,0.8958333134651184,nan,3.0181283950805664,3.0181283950805664,0.0,nan,1,True,2024,512,crpa_contribution,0731c3deec4e
2,7,94,76,0.8958333134651184,nan,3.0181283950805664,3.0181281566619873,-2.384185791015625e-07,nan,1,True,2024,512,crpa_contribution,0731c3deec4e
2,0,237,212,0.8947368264198303,nan,3.0181283950805664,3.0181283950805664,0.0,nan,1,True,2024,512,crpa_contribution,0731c3deec4e
2,4,375,354,0.8947368264198303,nan,3.0181283950805664,3.0181283950805664,0.0,nan,1,True,2024,512,crpa_contribution,0731c3deec4e
2,4,373,372,0.8947368264198303,nan,3.0181283950805664,3.0181283950805664,0.0,nan,1,True,2024,512,crpa_contribution,0731c3deec4e
2,2,480,464,0.8936170339584351,nan,3.0181283950805664,3.0181283950805664,0.0,nan,1,True,2024,512,crpa_contribution,0731c3deec4e
2,5,60,36,0.8928571343421936,nan,3.0181283950805664,3.0181283950805664,0.0,nan,1,True,2024,512,crpa_contribution,0731c3deec4e
2,5,57,18,0.8928571343421936,nan,3.0181283950805664,3.0181283950805664,0.0,nan,1,True,2024,512,crpa_contribution,0731c3deec4e
2,6,68,54,0.8918918967247009,nan,3.0181283950805664,3.0181283950805664,0.0,nan,1,True,2024,512,crpa_contribution,0731c3deec4e
2,6,68,39,0.8918918967247009,nan,3.0181283950805664,3.0181283950805664,0.0,nan,1,True,2024,512,crpa_contribution,0731c3deec4e
2,6,69,59,0.8918918967247009,nan,3.0181283950805664,3.0181286334991455,2.384185791015625e-07,nan,1,True,2024,512,crpa_contribution,0731c3deec4e
2,6,86,82,0.8913043737411499,nan,3.0181283950805664,3.0181283950805664,0.0,nan,1,True,2024,512,crpa_contribution,0731c3deec4e
2,6,383,367,0.8909090757369995,nan,3.0181283950805664,3.0181288719177246,4.76837158203125e-07,nan,1,True,2024,512,crpa_contribution,0731c3deec4e
2,6,478,436,0.8909090757369995,nan,3.0181283950805664,3.0181283950805664,0.0,nan,1,True,2024,512,crpa_contribution,0731c3deec4e
2,6,383,373,0.8909090757369995,nan,3.0181283950805664,3.0181283950805664,0.0,nan,1,True,2024,512,crpa_contribution,0731c3deec4e
2,0,510,415,0.8888888955116272,nan,3.0181283950805664,3.0181283950805664,0.0,nan,1,True,2024,512,crpa_contribution,0731c3deec4e
2,0,84,35,0.8888888955116272,nan,3.0181283950805664,3.0181283950805664,0.0,nan,1,True,2024,512,crpa_contribution,0731c3deec4e
2,0,86,49,0.8888888955116272,nan,3.0181283950805664,3.0181283950805664,0.0,nan,1,True,2024,512,crpa_contribution,0731c3deec4e
2,0,85,41,0.8888888955116272,nan,3.0181283950805664,3.0181281566619873,-2.384185791015625e-07,nan,1,True,2024,512,crpa_contribution,0731c3deec4e
2,2,113,6,0.8888888955116272,nan,3.0181283950805664,3.0181283950805664,0.0,nan,1,True,2024,512,crpa_contribution,0731c3deec4e
2,4,94,84,0.8888888955116272,nan,3.0181283950805664,3.0181283950805664,0.0,nan,1,True,2024,512,crpa_contribution,0731c3deec4e
2,4,396,306,0.8888888955116272,nan,3.0181283950805664,3.0181283950805664,0.0,nan,1,True,2024,512,crpa_contribution,0731c3deec4e
2,5,33,28,0.8888888955116272,nan,3.0181283950805664,3.0181283950805664,0.0,nan,1,True,2024,512,crpa_contribution,0731c3deec4e
2,5,35,33,0.8888888955116272,nan,3.0181283950805664,3.0181283950805664,0.0,nan,1,True,2024,512,crpa_contribution,0731c3deec4e
2,6,378,367,0.8888888955116272,nan,3.0181283950805664,3.0181283950805664,0.0,nan,1,True,2024,512,crpa_contribution,0731c3deec4e
2,6,66,48,0.8888888955116272,nan,3.0181283950805664,3.0181281566619873,-2.384185791015625e-07,nan,1,True,2024,512,crpa_contribution,0731c3deec4e
2,7,83,38,0.8888888955116272,nan,3.0181283950805664,3.0181286334991455,2.384185791015625e-07,nan,1,True,2024,512,crpa_contribution,0731c3deec4e
2,6,494,460,0.8870967626571655,nan,3.0181283950805664,3.0181283950805664,0.0,nan,1,True,2024,512,crpa_contribution,0731c3deec4e
2,6,113,20,0.8870967626571655,nan,3.0181283950805664,3.0181283950805664,0.0,nan,1,True,2024,512,crpa_contribution,0731c3deec4e
2,6,112,93,0.8852459192276001,nan,3.0181283950805664,3.0181283950805664,0.0,nan,1,True,2024,512,crpa_contribution,0731c3deec4e
2,6,490,410,0.8833333253860474,nan,3.0181283950805664,3.0181283950805664,0.0,nan,1,True,2024,512,crpa_contribution,0731c3deec4e
2,5,107,87,0.8823529481887817,nan,3.0181283950805664,3.0181283950805664,0.0,nan,1,True,2024,512,crpa_contribution,0731c3deec4e
2,6,33,7,0.8823529481887817,nan,3.0181283950805664,3.0181288719177246,4.76837158203125e-07,nan,1,True,2024,512,crpa_contribution,0731c3deec4e
2,5,101,3,0.8775510191917419,nan,3.0181283950805664,3.0181283950805664,0.0,nan,1,True,2024,512,crpa_contribution,0731c3deec4e
2,3,292,262,0.875,nan,3.0181283950805664,3.0181283950805664,0.0,nan,1,True,2024,512,crpa_contribution,0731c3deec4e
2,3,13,12,0.875,nan,3.0181283950805664,3.0181283950805664,0.0,nan,1,True,2024,512,crpa_contribution,0731c3deec4e
2,5,246,224,0.8679245114326477,nan,3.0181283950805664,3.0181283950805664,0.0,nan,1,True,2024,512,crpa_contribution,0731c3deec4e
2,5,29,16,0.8666666746139526,nan,3.0181283950805664,3.0181286334991455,2.384185791015625e-07,nan,1,True,2024,512,crpa_contribution,0731c3deec4e
2,5,69,22,0.8571428656578064,nan,3.0181283950805664,3.0181283950805664,0.0,nan,1,True,2024,512,crpa_contribution,0731c3deec4e
2,5,350,266,0.8536585569381714,nan,3.0181283950805664,3.0181283950805664,0.0,nan,1,True,2024,512,crpa_contribution,0731c3deec4e
2,5,356,330,0.8536585569381714,nan,3.0181283950805664,3.0181281566619873,-2.384185791015625e-07,nan,1,True,2024,512,crpa_contribution,0731c3deec4e
2,5,350,297,0.8536585569381714,nan,3.0181283950805664,3.0181283950805664,0.0,nan,1,True,2024,512,crpa_contribution,0731c3deec4e
2,5,71,71,0.8529411554336548,nan,3.0181283950805664,3.0181283950805664,0.0,nan,1,True,2024,512,crpa_contribution,0731c3deec4e
2,5,95,36,0.8409090638160706,nan,3.0181283950805664,3.0181283950805664,0.0,nan,1,True,2024,512,crpa_contribution,0731c3deec4e
2,3,86,11,0.8399999737739563,nan,3.0181283950805664,3.0181288719177246,4.76837158203125e-07,nan,1,True,2024,512,crpa_contribution,0731c3deec4e
2,3,86,32,0.8399999737739563,nan,3.0181283950805664,3.0181283950805664,0.0,nan,1,True,2024,512,crpa_contribution,0731c3deec4e
2,5,450,446,0.837837815284729,nan,3.0181283950805664,3.0181286334991455,2.384185791015625e-07,nan,1,True,2024,512,crpa_contribution,0731c3deec4e
2,3,80,19,0.8367347121238708,nan,3.0181283950805664,3.0181283950805664,0.0,nan,1,True,2024,512,crpa_contribution,0731c3deec4e
2,5,426,413,0.8333333134651184,nan,3.0181283950805664,3.0181288719177246,4.76837158203125e-07,nan,1,True,2024,512,crpa_contribution,0731c3deec4e
2,5,425,404,0.8333333134651184,nan,3.0181283950805664,3.0181288719177246,4.76837158203125e-07,nan,1,True,2024,512,crpa_contribution,0731c3deec4e
2,3,186,170,0.8285714387893677,nan,3.0181283950805664,3.0181283950805664,0.0,nan,1,True,2024,512,crpa_contribution,0731c3deec4e
2,3,181,175,0.8285714387893677,nan,3.0181283950805664,3.0181283950805664,0.0,nan,1,True,2024,512,crpa_contribution,0731c3deec4e
2,3,203,161,0.8260869383811951,nan,3.0181283950805664,3.0181283950805664,0.0,nan,1,True,2024,512,crpa_contribution,0731c3deec4e
2,3,203,143,0.8260869383811951,nan,3.0181283950805664,3.0181281566619873,-2.384185791015625e-07,nan,1,True,2024,512,crpa_contribution,0731c3deec4e
2,3,283,256,0.800000011920929,nan,3.0181283950805664,3.0181283950805664,0.0,nan,1,True,2024,512,crpa_contribution,0731c3deec4e
2,3,283,278,0.800000011920929,nan,3.0181283950805664,3.0181283950805664,0.0,nan,1,True,2024,512,crpa_contribution,0731c3deec4e
2,3,62,39,0.7894737124443054,nan,3.0181283950805664,3.0181283950805664,0.0,nan,1,True,2024,512,crpa_contribution,0731c3deec4e
2,3,97,18,0.7857142686843872,nan,3.0181283950805664,3.0181283950805664,0.0,nan,1,True,2024,512,crpa_contribution,0731c3deec4e
2,3,174,155,0.774193525314331,nan,3.0181283950805664,3.0181281566619873,-2.384185791015625e-07,nan,1,True,2024,512,crpa_contribution,0731c3deec4e
2,3,176,135,0.774193525314331,nan,3.0181283950805664,3.0181286334991455,2.384185791015625e-07,nan,1,True,2024,512,crpa_contribution,0731c3deec4e
2,3,34,12,0.7727272510528564,nan,3.0181283950805664,3.0181283950805664,0.0,nan,1,True,2024,512,crpa_contribution,0731c3deec4e
2,3,476,443,0.7704917788505554,nan,3.0181283950805664,3.0181288719177246,4.76837158203125e-07,nan,1,True,2024,512,crpa_contribution,0731c3deec4e
2,3,475,413,0.7666666507720947,nan,3.0181283950805664,3.0181286334991455,2.384185791015625e-07,nan,1,True,2024,512,crpa_contribution,0731c3deec4e
2,3,151,145,0.7647058963775635,nan,3.0181283950805664,3.0181281566619873,-2.384185791015625e-07,nan,1,True,2024,512,crpa_contribution,0731c3deec4e
2,3,294,269,0.7586206793785095,nan,3.0181283950805664,3.0181283950805664,0.0,nan,1,True,2024,512,crpa_contribution,0731c3deec4e
3,1,1,1,1.0,nan,3.0181283950805664,3.0181283950805664,0.0,nan,1,True,2024,512,crpa_contribution,0731c3deec4e
3,3,9,2,1.0,nan,3.0181283950805664,3.0181283950805664,0.0,nan,1,True,2024,512,crpa_contribution,0731c3deec4e
3,3,116,106,1.0,nan,3.0181283950805664,3.0181283950805664,0.0,nan,1,True,2024,512,crpa_contribution,0731c3deec4e
3,3,9,3,1.0,nan,3.0181283950805664,3.0181283950805664,0.0,nan,1,True,2024,512,crpa_contribution,0731c3deec4e
3,3,116,101,1.0,nan,3.0181283950805664,3.0181283950805664,0.0,nan,1,True,2024,512,crpa_contribution,0731c3deec4e
3,3,5,2,1.0,nan,3.0181283950805664,3.0181283950805664,0.0,nan,1,True,2024,512,crpa_contribution,0731c3deec4e
3,6,2,0,1.0,nan,3.0181283950805664,3.0181283950805664,0.0,nan,1,True,2024,512,crpa_contribution,0731c3deec4e
3,3,123,56,0.98591548204422,nan,3.0181283950805664,3.0181283950805664,0.0,nan,1,True,2024,512,crpa_contribution,0731c3deec4e
3,3,95,13,0.9821428656578064,nan,3.0181283950805664,3.0181283950805664,0.0,nan,1,True,2024,512,crpa_contribution,0731c3deec4e
3,3,88,5,0.9803921580314636,nan,3.0181283950805664,3.0181283950805664,0.0,nan,1,True,2024,512,crpa_contribution,0731c3deec4e
3,3,85,3,0.9800000190734863,nan,3.0181283950805664,3.0181283950805664,0.0,nan,1,True,2024,512,crpa_contribution,0731c3deec4e
3,3,84,11,0.9795918464660645,nan,3.0181283950805664,3.0181283950805664,0.0,nan,1,True,2024,512,crpa_contribution,0731c3deec4e
3,3,83,21,0.9791666865348816,nan,3.0181283950805664,3.0181283950805664,0.0,nan,1,True,2024,512,crpa_contribution,0731c3deec4e
3,3,83,5,0.9791666865348816,nan,3.0181283950805664,3.0181283950805664,0.0,nan,1,True,2024,512,crpa_contribution,0731c3deec4e
3,3,83,10,0.9791666865348816,nan,3.0181283950805664,3.0181283950805664,0.0,nan,1,True,2024,512,crpa_contribution,0731c3deec4e
3,3,80,32,0.97826087474823,nan,3.0181283950805664,3.0181283950805664,0.0,nan,1,True,2024,512,crpa_contribution,0731c3deec4e
3,3,80,22,0.97826087474823,nan,3.0181283950805664,3.0181283950805664,0.0,nan,1,True,2024,512,crpa_contribution,0731c3deec4e
3,3,75,25,0.9772727489471436,nan,3.0181283950805664,3.0181283950805664,0.0,nan,1,True,2024,512,crpa_contribution,0731c3deec4e
3,3,50,1,0.9655172228813171,nan,3.0181283950805664,3.0181283950805664,0.0,nan,1,True,2024,512,crpa_contribution,0731c3deec4e
3,3,76,24,0.9555555582046509,nan,3.0181283950805664,3.0181283950805664,0.0,nan,1,True,2024,512,crpa_contribution,0731c3deec4e
3,3,451,411,0.9534883499145508,nan,3.0181283950805664,3.0181283950805664,0.0,nan,1,True,2024,512,crpa_contribution,0731c3deec4e
3,3,106,49,0.9523809552192688,nan,3.0181283950805664,3.0181283950805664,0.0,nan,1,True,2024,512,crpa_contribution,0731c3deec4e
3,3,448,422,0.9523809552192688,nan,3.0181283950805664,3.0181283950805664,0.0,nan,1,True,2024,512,crpa_contribution,0731c3deec4e
3,3,234,134,0.9523809552192688,nan,3.0181283950805664,3.0181283950805664,0.0,nan,1,True,2024,512,crpa_contribution,0731c3deec4e
3,3,35,7,0.9523809552192688,nan,3.0181283950805664,3.0181283950805664,0.0,nan,1,True,2024,512,crpa_contribution,0731c3deec4e
3,3,104,18,0.9508196711540222,nan,3.0181283950805664,3.0181283950805664,0.0,nan,1,True,2024,512,crpa_contribution,0731c3deec4e
3,1,31,16,0.9411764740943909,nan,3.0181283950805664,3.0181283950805664,0.0,nan,1,True,2024,512,crpa_contribution,0731c3deec4e
3,5,84,60,0.936170220375061,nan,3.0181283950805664,3.0181283950805664,0.0,nan,1,True,2024,512,crpa_contribution,0731c3deec4e
3,5,77,74,0.9333333373069763,nan,3.0181283950805664,3.0181283950805664,0.0,nan,1,True,2024,512,crpa_contribution,0731c3deec4e
3,5,79,64,0.9333333373069763,nan,3.0181283950805664,3.0181283950805664,0.0,nan,1,True,2024,512,crpa_contribution,0731c3deec4e
3,5,43,0,0.9200000166893005,nan,3.0181283950805664,3.0181283950805664,0.0,nan,1,True,2024,512,crpa_contribution,0731c3deec4e
3,5,43,31,0.9200000166893005,nan,3.0181283950805664,3.0181283950805664,0.0,nan,1,True,2024,512,crpa_contribution,0731c3deec4e
3,5,492,471,0.9166666865348816,nan,3.0181283950805664,3.0181283950805664,0.0,nan,1,True,2024,512,crpa_contribution,0731c3deec4e
3,5,492,411,0.9166666865348816,nan,3.0181283950805664,3.0181283950805664,0.0,nan,1,True,2024,512,crpa_contribution,0731c3deec4e
3,5,380,361,0.9107142686843872,nan,3.0181283950805664,3.0181283950805664,0.0,nan,1,True,2024,512,crpa_contribution,0731c3deec4e
3,5,480,410,0.9090909361839294,nan,3.0181283950805664,3.0181283950805664,0.0,nan,1,True,2024,512,crpa_contribution,0731c3deec4e
3,1,453,414,0.9069767594337463,nan,3.0181283950805664,3.0181283950805664,0.0,nan,1,True,2024,512,crpa_contribution,0731c3deec4e
3,5,112,55,0.9047619104385376,nan,3.0181283950805664,3.0181283950805664,0.0,nan,1,True,2024,512,crpa_contribution,0731c3deec4e
3,5,241,200,0.9032257795333862,nan,3.0181283950805664,3.0181283950805664,0.0,nan,1,True,2024,512,crpa_contribution,0731c3deec4e
3,0,442,403,0.8999999761581421,nan,3.0181283950805664,3.0181283950805664,0.0,nan,1,True,2024,512,crpa_contribution,0731c3deec4e
3,0,77,0,0.8979591727256775,nan,3.0181283950805664,3.0181283950805664,0.0,nan,1,True,2024,512,crpa_contribution,0731c3deec4e
3,5,85,64,0.8979591727256775,nan,3.0181283950805664,3.0181283950805664,0.0,nan,1,True,2024,512,crpa_contribution,0731c3deec4e
3,0,60,23,0.8974359035491943,nan,3.0181283950805664,3.0181283950805664,0.0,nan,1,True,2024,512,crpa_contribution,0731c3deec4e
3,5,483,460,0.8965517282485962,nan,3.0181283950805664,3.0181283950805664,0.0,nan,1,True,2024,512,crpa_contribution,0731c3deec4e
3,5,483,400,0.8965517282485962,nan,3.0181283950805664,3.0181283950805664,0.0,nan,1,True,2024,512,crpa_contribution,0731c3deec4e
3,0,46,38,0.8928571343421936,nan,3.0181283950805664,3.0181283950805664,0.0,nan,1,True,2024,512,crpa_contribution,0731c3deec4e
3,1,77,0,0.8913043737411499,nan,3.0181283950805664,3.0181283950805664,0.0,nan,1,True,2024,512,crpa_contribution,0731c3deec4e
3,5,58,44,0.8857142925262451,nan,3.0181283950805664,3.0181283950805664,0.0,nan,1,True,2024,512,crpa_contribution,0731c3deec4e
3,5,62,34,0.8857142925262451,nan,3.0181283950805664,3.0181283950805664,0.0,nan,1,True,2024,512,crpa_contribution,0731c3deec4e
3,1,472,408,0.8846153616905212,nan,3.0181283950805664,3.0181281566619873,-2.384185791015625e-07,nan,1,True,2024,512,crpa_contribution,0731c3deec4e
3,5,510,408,0.8840579986572266,nan,3.0181283950805664,3.0181283950805664,0.0,nan,1,True,2024,512,crpa_contribution,0731c3deec4e
3,5,454,447,0.8837209343910217,nan,3.0181283950805664,3.0181283950805664,0.0,nan,1,True,2024,512,crpa_contribution,0731c3deec4e
3,0,238,188,0.8823529481887817,nan,3.0181283950805664,3.0181288719177246,4.76837158203125e-07,nan,1,True,2024,512,crpa_contribution,0731c3deec4e
3,5,59,0,0.8823529481887817,nan,3.0181283950805664,3.0181283950805664,0.0,nan,1,True,2024,512,crpa_contribution,0731c3deec4e
3,5,59,17,0.8823529481887817,nan,3.0181283950805664,3.0181283950805664,0.0,nan,1,True,2024,512,crpa_contribution,0731c3deec4e
3,5,437,430,0.8823529481887817,nan,3.0181283950805664,3.0181281566619873,-2.384185791015625e-07,nan,1,True,2024,512,crpa_contribution,0731c3deec4e
3,5,436,413,0.8823529481887817,nan,3.0181283950805664,3.0181283950805664,0.0,nan,1,True,2024,512,crpa_contribution,0731c3deec4e
3,5,59,47,0.8823529481887817,nan,3.0181283950805664,3.0181283950805664,0.0,nan,1,True,2024,512,crpa_contribution,0731c3deec4e
3,1,378,351,0.8813559412956238,nan,3.0181283950805664,3.0181283950805664,0.0,nan,1,True,2024,512,crpa_contribution,0731c3deec4e
3,0,109,29,0.8805969953536987,nan,3.0181283950805664,3.0181283950805664,0.0,nan,1,True,2024,512,crpa_contribution,0731c3deec4e
3,5,499,403,0.8805969953536987,nan,3.0181283950805664,3.0181283950805664,0.0,nan,1,True,2024,512,crpa_contribution,0731c3deec4e
3,0,118,91,0.8767123222351074,nan,3.0181283950805664,3.0181286334991455,2.384185791015625e-07,nan,1,True,2024,512,crpa_contribution,0731c3deec4e
3,0,118,72,0.8767123222351074,nan,3.0181283950805664,3.0181283950805664,0.0,nan,1,True,2024,512,crpa_contribution,0731c3deec4e
3,0,118,113,0.8767123222351074,nan,3.0181283950805664,3.0181283950805664,0.0,nan,1,True,2024,512,crpa_contribution,0731c3deec4e
3,4,13,10,0.875,nan,3.0181283950805664,3.0181283950805664,0.0,nan,1,True,2024,512,crpa_contribution,0731c3deec4e
3,1,492,413,0.868852436542511,nan,3.0181283950805664,3.0181283950805664,0.0,nan,1,True,2024,512,crpa_contribution,0731c3deec4e
3,1,379,345,0.868852436542511,nan,3.0181283950805664,3.0181283950805664,0.0,nan,1,True,2024,512,crpa_contribution,0731c3deec4e
3,1,483,426,0.868852436542511,nan,3.0181283950805664,3.0181283950805664,0.0,nan,1,True,2024,512,crpa_contribution,0731c3deec4e
3,0,118,118,0.8666666746139526,nan,3.0181283950805664,3.0181283950805664,0.0,nan,1,True,2024,512,crpa_contribution,0731c3deec4e
3,0,83,71,0.8653846383094788,nan,3.0181283950805664,3.0181283950805664,0.0,nan,1,True,2024,512,crpa_contribution,0731c3deec4e
3,0,83,73,0.8653846383094788,nan,3.0181283950805664,3.0181283950805664,0.0,nan,1,True,2024,512,crpa_contribution,0731c3deec4e
3,0,81,38,0.8653846383094788,nan,3.0181283950805664,3.0181283950805664,0.0,nan,1,True,2024,512,crpa_contribution,0731c3deec4e
3,1,499,451,0.8636363744735718,nan,3.0181283950805664,3.0181283950805664,0.0,nan,1,True,2024,512,crpa_contribution,0731c3deec4e
3,6,80,35,0.8636363744735718,nan,3.0181283950805664,3.0181283950805664,0.0,nan,1,True,2024,512,crpa_contribution,0731c3deec4e
3,0,497,471,0.8611111044883728,nan,3.0181283950805664,3.0181283950805664,0.0,nan,1,True,2024,512,crpa_contribution,0731c3deec4e
3,0,465,454,0.859649121761322,nan,3.0181283950805664,3.0181283950805664,0.0,nan,1,True,2024,512,crpa_contribution,0731c3deec4e
3,4,443,388,0.8571428656578064,nan,3.0181283950805664,3.0181283950805664,0.0,nan,1,True,2024,512,crpa_contribution,0731c3deec4e
3,0,65,8,0.8536585569381714,nan,3.0181283950805664,3.0181283950805664,0.0,nan,1,True,2024,512,crpa_contribution,0731c3deec4e
3,1,114,84,0.8529411554336548,nan,3.0181283950805664,3.0181283950805664,0.0,nan,1,True,2024,512,crpa_contribution,0731c3deec4e
3,0,112,88,0.8493150472640991,nan,3.0181283950805664,3.0181283950805664,0.0,nan,1,True,2024,512,crpa_contribution,0731c3deec4e
3,0,84,56,0.849056601524353,nan,3.0181283950805664,3.0181283950805664,0.0,nan,1,True,2024,512,crpa_contribution,0731c3deec4e
3,0,378,362,0.8461538553237915,nan,3.0181283950805664,3.0181283950805664,0.0,nan,1,True,2024,512,crpa_contribution,0731c3deec4e
3,0,480,413,0.84375,nan,3.0181283950805664,3.0181283950805664,0.0,nan,1,True,2024,512,crpa_contribution,0731c3deec4e
3,1,490,451,0.84375,nan,3.0181283950805664,3.0181283950805664,0.0,nan,1,True,2024,512,crpa_contribution,0731c3deec4e
3,0,460,453,0.843137264251709,nan,3.0181283950805664,3.0181283950805664,0.0,nan,1,True,2024,512,crpa_contribution,0731c3deec4e
3,0,460,417,0.843137264251709,nan,3.0181283950805664,3.0181283950805664,0.0,nan,1,True,2024,512,crpa_contribution,0731c3deec4e
3,1,469,391,0.843137264251709,nan,3.0181283950805664,3.0181283950805664,0.0,nan,1,True,2024,512,crpa_contribution,0731c3deec4e
3,1,469,406,0.843137264251709,nan,3.0181283950805664,3.0181283950805664,0.0,nan,1,True,2024,512,crpa_contribution,0731c3deec4e
3,0,86,52,0.8392857313156128,nan,3.0181283950805664,3.0181283950805664,0.0,nan,1,True,2024,512,crpa_contribution,0731c3deec4e
3,4,383,346,0.837837815284729,nan,3.0181283950805664,3.0181283950805664,0.0,nan,1,True,2024,512,crpa_contribution,0731c3deec4e
3,4,382,342,0.837837815284729,nan,3.0181283950805664,3.0181283950805664,0.0,nan,1,True,2024,512,crpa_contribution,0731c3deec4e
3,0,85,79,0.8363636136054993,nan,3.0181283950805664,3.0181283950805664,0.0,nan,1,True,2024,512,crpa_contribution,0731c3deec4e
3,7,492,480,0.835616409778595,nan,3.0181283950805664,3.0181283950805664,0.0,nan,1,True,2024,512,crpa_contribution,0731c3deec4e
3,7,492,436,0.835616409778595,nan,3.0181283950805664,3.0181283950805664,0.0,nan,1,True,2024,512,crpa_contribution,0731c3deec4e
3,7,8,5,0.8333333134651184,nan,3.0181283950805664,3.0181283950805664,0.0,nan,1,True,2024,512,crpa_contribution,0731c3deec4e
3,4,245,215,0.8311688303947449,nan,3.0181283950805664,3.0181283950805664,0.0,nan,1,True,2024,512,crpa_contribution,0731c3deec4e
3,1,350,315,0.8301886916160583,nan,3.0181283950805664,3.0181283950805664,0.0,nan,1,True,2024,512,crpa_contribution,0731c3deec4e
3,1,351,281,0.8301886916160583,nan,3.0181283950805664,3.0181283950805664,0.0,nan,1,True,2024,512,crpa_contribution,0731c3deec4e
3,4,237,159,0.8260869383811951,nan,3.0181283950805664,3.0181283950805664,0.0,nan,1,True,2024,512,crpa_contribution,0731c3deec4e
3,4,237,228,0.8260869383811951,nan,3.0181283950805664,3.0181283950805664,0.0,nan,1,True,2024,512,crpa_contribution,0731c3deec4e
3,4,237,222,0.8260869383811951,nan,3.0181283950805664,3.0181283950805664,0.0,nan,1,True,2024,512,crpa_contribution,0731c3deec4e
3,4,237,232,0.8260869383811951,nan,3.0181283950805664,3.0181283950805664,0.0,nan,1,True,2024,512,crpa_contribution,0731c3deec4e
3,1,103,83,0.8253968358039856,nan,3.0181283950805664,3.0181283950805664,0.0,nan,1,True,2024,512,crpa_contribution,0731c3deec4e
3,1,474,447,0.8245614171028137,nan,3.0181283950805664,3.0181281566619873,-2.384185791015625e-07,nan,1,True,2024,512,crpa_contribution,0731c3deec4e
3,4,401,395,0.8235294222831726,nan,3.0181283950805664,3.0181281566619873,-2.384185791015625e-07,nan,1,True,2024,512,crpa_contribution,0731c3deec4e
3,4,353,265,0.8225806355476379,nan,3.0181283950805664,3.0181283950805664,0.0,nan,1,True,2024,512,crpa_contribution,0731c3deec4e
3,4,361,360,0.8225806355476379,nan,3.0181283950805664,3.0181283950805664,0.0,nan,1,True,2024,512,crpa_contribution,0731c3deec4e
3,4,362,354,0.8225806355476379,nan,3.0181283950805664,3.0181283950805664,0.0,nan,1,True,2024,512,crpa_contribution,0731c3deec4e
3,4,353,353,0.8225806355476379,nan,3.0181283950805664,3.0181283950805664,0.0,nan,1,True,2024,512,crpa_contribution,0731c3deec4e
3,1,239,227,0.8181818127632141,nan,3.0181283950805664,3.0181283950805664,0.0,nan,1,True,2024,512,crpa_contribution,0731c3deec4e
3,1,507,414,0.8169013857841492,nan,3.0181283950805664,3.0181283950805664,0.0,nan,1,True,2024,512,crpa_contribution,0731c3deec4e
3,2,492,435,0.8166666626930237,nan,3.0181283950805664,3.0181283950805664,0.0,nan,1,True,2024,512,crpa_contribution,0731c3deec4e
3,2,492,482,0.8166666626930237,nan,3.0181283950805664,3.0181283950805664,0.0,nan,1,True,2024,512,crpa_contribution,0731c3deec4e
3,6,374,374,0.8148148059844971,nan,3.0181283950805664,3.0181286334991455,2.384185791015625e-07,nan,1,True,2024,512,crpa_contribution,0731c3deec4e
3,1,116,75,0.8142856955528259,nan,3.0181283950805664,3.0181283950805664,0.0,nan,1,True,2024,512,crpa_contribution,0731c3deec4e
3,1,72,37,0.8139534592628479,nan,3.0181283950805664,3.0181283950805664,0.0,nan,1,True,2024,512,crpa_contribution,0731c3deec4e
3,1,364,347,0.8135592937469482,nan,3.0181283950805664,3.0181283950805664,0.0,nan,1,True,2024,512,crpa_contribution,0731c3deec4e
3,1,51,40,0.8125,nan,3.0181283950805664,3.0181288719177246,4.76837158203125e-07,nan,1,True,2024,512,crpa_contribution,0731c3deec4e
3,6,29,3,0.8125,nan,3.0181283950805664,3.0181286334991455,2.384185791015625e-07,nan,1,True,2024,512,crpa_contribution,0731c3deec4e
3,4,288,262,0.807692289352417,nan,3.0181283950805664,3.0181283950805664,0.0,nan,1,True,2024,512,crpa_contribution,0731c3deec4e
3,4,288,270,0.807692289352417,nan,3.0181283950805664,3.0181283950805664,0.0,nan,1,True,2024,512,crpa_contribution,0731c3deec4e
3,7,383,282,0.807692289352417,nan,3.0181283950805664,3.0181283950805664,0.0,nan,1,True,2024,512,crpa_contribution,0731c3deec4e
3,7,383,323,0.807692289352417,nan,3.0181283950805664,3.0181283950805664,0.0,nan,1,True,2024,512,crpa_contribution,0731c3deec4e
3,2,506,434,0.8064516186714172,nan,3.0181283950805664,3.0181283950805664,0.0,nan,1,True,2024,512,crpa_contribution,0731c3deec4e
3,4,351,322,0.8064516186714172,nan,3.0181283950805664,3.0181283950805664,0.0,nan,1,True,2024,512,crpa_contribution,0731c3deec4e
3,4,358,347,0.8064516186714172,nan,3.0181283950805664,3.0181283950805664,0.0,nan,1,True,2024,512,crpa_contribution,0731c3deec4e
3,6,73,42,0.8048780560493469,nan,3.0181283950805664,3.0181283950805664,0.0,nan,1,True,2024,512,crpa_contribution,0731c3deec4e
3,6,72,47,0.8048780560493469,nan,3.0181283950805664,3.0181283950805664,0.0,nan,1,True,2024,512,crpa_contribution,0731c3deec4e
3,2,407,395,0.800000011920929,nan,3.0181283950805664,3.0181288719177246,4.76837158203125e-07,nan,1,True,2024,512,crpa_contribution,0731c3deec4e
3,2,466,466,0.800000011920929,nan,3.0181283950805664,3.0181283950805664,0.0,nan,1,True,2024,512,crpa_contribution,0731c3deec4e
3,2,469,466,0.800000011920929,nan,3.0181283950805664,3.0181283950805664,0.0,nan,1,True,2024,512,crpa_contribution,0731c3deec4e
3,4,360,341,0.800000011920929,nan,3.0181283950805664,3.0181283950805664,0.0,nan,1,True,2024,512,crpa_contribution,0731c3deec4e
3,4,375,364,0.800000011920929,nan,3.0181283950805664,3.0181283950805664,0.0,nan,1,True,2024,512,crpa_contribution,0731c3deec4e
3,6,7,0,0.800000011920929,nan,3.0181283950805664,3.0181286334991455,2.384185791015625e-07,nan,1,True,2024,512,crpa_contribution,0731c3deec4e
3,2,85,4,0.7924528121948242,nan,3.0181283950805664,3.0181283950805664,0.0,nan,1,True,2024,512,crpa_contribution,0731c3deec4e
3,4,97,41,0.7910447716712952,nan,3.0181283950805664,3.0181283950805664,0.0,nan,1,True,2024,512,crpa_contribution,0731c3deec4e
3,4,374,353,0.7887324094772339,nan,3.0181283950805664,3.0181288719177246,4.76837158203125e-07,nan,1,True,2024,512,crpa_contribution,0731c3deec4e
3,2,454,386,0.7872340679168701,nan,3.0181283950805664,3.0181283950805664,0.0,nan,1,True,2024,512,crpa_contribution,0731c3deec4e
3,2,454,409,0.7872340679168701,nan,3.0181283950805664,3.0181283950805664,0.0,nan,1,True,2024,512,crpa_contribution,0731c3deec4e
3,4,456,414,0.7799999713897705,nan,3.0181283950805664,3.0181283950805664,0.0,nan,1,True,2024,512,crpa_contribution,0731c3deec4e
3,6,383,373,0.7796609997749329,nan,3.0181283950805664,3.0181283950805664,0.0,nan,1,True,2024,512,crpa_contribution,0731c3deec4e
3,4,243,184,0.7792207598686218,nan,3.0181283950805664,3.0181283950805664,0.0,nan,1,True,2024,512,crpa_contribution,0731c3deec4e
3,2,197,178,0.7777777910232544,nan,3.0181283950805664,3.0181288719177246,4.76837158203125e-07,nan,1,True,2024,512,crpa_contribution,0731c3deec4e
3,7,26,17,0.7777777910232544,nan,3.0181283950805664,3.0181283950805664,0.0,nan,1,True,2024,512,crpa_contribution,0731c3deec4e
3,7,497,454,0.7733333110809326,nan,3.0181283950805664,3.0181283950805664,0.0,nan,1,True,2024,512,crpa_contribution,0731c3deec4e
3,7,497,441,0.7733333110809326,nan,3.0181283950805664,3.0181283950805664,0.0,nan,1,True,2024,512,crpa_contribution,0731c3deec4e
3,2,245,140,0.7721518874168396,nan,3.0181283950805664,3.0181283950805664,0.0,nan,1,True,2024,512,crpa_contribution,0731c3deec4e
3,2,19,13,0.7692307829856873,nan,3.0181283950805664,3.0181283950805664,0.0,nan,1,True,2024,512,crpa_contribution,0731c3deec4e
3,2,149,137,0.7692307829856873,nan,3.0181283950805664,3.0181283950805664,0.0,nan,1,True,2024,512,crpa_contribution,0731c3deec4e
3,7,380,371,0.7692307829856873,nan,3.0181283950805664,3.0181283950805664,0.0,nan,1,True,2024,512,crpa_contribution,0731c3deec4e
3,6,380,376,0.765625,nan,3.0181283950805664,3.0181288719177246,4.76837158203125e-07,nan,1,True,2024,512,crpa_contribution,0731c3deec4e
3,6,380,358,0.765625,nan,3.0181283950805664,3.0181286334991455,2.384185791015625e-07,nan,1,True,2024,512,crpa_contribution,0731c3deec4e
3,7,353,285,0.765625,nan,3.0181283950805664,3.0181283950805664,0.0,nan,1,True,2024,512,crpa_contribution,0731c3deec4e
3,7,353,309,0.765625,nan,3.0181283950805664,3.0181283950805664,0.0,nan,1,True,2024,512,crpa_contribution,0731c3deec4e
3,2,86,12,0.7636363506317139,nan,3.0181283950805664,3.0181283950805664,0.0,nan,1,True,2024,512,crpa_contribution,0731c3deec4e
3,2,66,14,0.7631579041481018,nan,3.0181283950805664,3.0181283950805664,0.0,nan,1,True,2024,512,crpa_contribution,0731c3deec4e
3,6,237,231,0.7580645084381104,nan,3.0181283950805664,3.0181283950805664,0.0,nan,1,True,2024,512,crpa_contribution,0731c3deec4e
3,7,223,206,0.7575757503509521,nan,3.0181283950805664,3.0181288719177246,4.76837158203125e-07,nan,1,True,2024,512,crpa_contribution,0731c3deec4e
3,2,5,2,0.75,nan,3.0181283950805664,3.0181283950805664,0.0,nan,1,True,2024,512,crpa_contribution,0731c3deec4e
3,2,4,3,0.75,nan,3.0181283950805664,3.0181283950805664,0.0,nan,1,True,2024,512,crpa_contribution,0731c3deec4e
3,2,12,8,0.75,nan,3.0181283950805664,3.0181283950805664,0.0,nan,1,True,2024,512,crpa_contribution,0731c3deec4e
3,6,12,0,0.75,nan,3.0181283950805664,3.0181283950805664,0.0,nan,1,True,2024,512,crpa_contribution,0731c3deec4e
3,6,12,8,0.75,nan,3.0181283950805664,3.0181283950805664,0.0,nan,1,True,2024,512,crpa_contribution,0731c3deec4e
3,7,5,3,0.75,nan,3.0181283950805664,3.0181283950805664,0.0,nan,1,True,2024,512,crpa_contribution,0731c3deec4e
3,2,125,30,0.746666669845581,nan,3.0181283950805664,3.0181283950805664,0.0,nan,1,True,2024,512,crpa_contribution,0731c3deec4e
3,2,112,64,0.746666669845581,nan,3.0181283950805664,3.0181283950805664,0.0,nan,1,True,2024,512,crpa_contribution,0731c3deec4e
3,6,116,91,0.7464788556098938,nan,3.0181283950805664,3.0181283950805664,0.0,nan,1,True,2024,512,crpa_contribution,0731c3deec4e
3,6,118,80,0.7464788556098938,nan,3.0181283950805664,3.0181283950805664,0.0,nan,1,True,2024,512,crpa_contribution,0731c3deec4e
3,2,230,155,0.7460317611694336,nan,3.0181283950805664,3.0181283950805664,0.0,nan,1,True,2024,512,crpa_contribution,0731c3deec4e
3,6,97,48,0.7457627058029175,nan,3.0181283950805664,3.0181283950805664,0.0,nan,1,True,2024,512,crpa_contribution,0731c3deec4e
3,6,379,374,0.7454545497894287,nan,3.0181283950805664,3.0181283950805664,0.0,nan,1,True,2024,512,crpa_contribution,0731c3deec4e
3,7,80,50,0.7454545497894287,nan,3.0181283950805664,3.0181283950805664,0.0,nan,1,True,2024,512,crpa_contribution,0731c3deec4e
3,6,245,245,0.7428571581840515,nan,3.0181283950805664,3.0181283950805664,0.0,nan,1,True,2024,512,crpa_contribution,0731c3deec4e
3,2,171,136,0.7419354915618896,nan,3.0181283950805664,3.0181288719177246,4.76837158203125e-07,nan,1,True,2024,512,crpa_contribution,0731c3deec4e
3,2,173,140,0.7419354915618896,nan,3.0181283950805664,3.0181288719177246,4.76837158203125e-07,nan,1,True,2024,512,crpa_contribution,0731c3deec4e
3,2,173,160,0.7419354915618896,nan,3.0181283950805664,3.0181286334991455,2.384185791015625e-07,nan,1,True,2024,512,crpa_contribution,0731c3deec4e
3,6,373,361,0.7377049326896667,nan,3.0181283950805664,3.0181283950805664,0.0,nan,1,True,2024,512,crpa_contribution,0731c3deec4e
3,7,356,256,0.7377049326896667,nan,3.0181283950805664,3.0181283950805664,0.0,nan,1,True,2024,512,crpa_contribution,0731c3deec4e
3,7,360,346,0.7377049326896667,nan,3.0181283950805664,3.0181283950805664,0.0,nan,1,True,2024,512,crpa_contribution,0731c3deec4e
3,6,434,400,0.7352941036224365,nan,3.0181283950805664,3.0181283950805664,0.0,nan,1,True,2024,512,crpa_contribution,0731c3deec4e
3,7,347,321,0.7333333492279053,nan,3.0181283950805664,3.0181283950805664,0.0,nan,1,True,2024,512,crpa_contribution,0731c3deec4e
3,6,86,35,0.7307692170143127,nan,3.0181283950805664,3.0181283950805664,0.0,nan,1,True,2024,512,crpa_contribution,0731c3deec4e
3,6,79,39,0.7291666865348816,nan,3.0181283950805664,3.0181286334991455,2.384185791015625e-07,nan,1,True,2024,512,crpa_contribution,0731c3deec4e
3,6,77,41,0.7291666865348816,nan,3.0181283950805664,3.0181283950805664,0.0,nan,1,True,2024,512,crpa_contribution,0731c3deec4e
3,6,77,53,0.7291666865348816,nan,3.0181283950805664,3.0181281566619873,-2.384185791015625e-07,nan,1,True,2024,512,crpa_contribution,0731c3deec4e
3,7,32,10,0.7272727489471436,nan,3.0181283950805664,3.0181288719177246,4.76837158203125e-07,nan,1,True,2024,512,crpa_contribution,0731c3deec4e
3,7,32,29,0.7272727489471436,nan,3.0181283950805664,3.0181283950805664,0.0,nan,1,True,2024,512,crpa_contribution,0731c3deec4e
3,7,309,291,0.7250000238418579,nan,3.0181283950805664,3.0181283950805664,0.0,nan,1,True,2024,512,crpa_contribution,0731c3deec4e
3,7,72,60,0.7234042286872864,nan,3.0181283950805664,3.0181283950805664,0.0,nan,1,True,2024,512,crpa_contribution,0731c3deec4e
3,7,173,171,0.71875,nan,3.0181283950805664,3.0181283950805664,0.0,nan,1,True,2024,512,crpa_contribution,0731c3deec4e
3,7,370,288,0.7179487347602844,nan,3.0181283950805664,3.0181283950805664,0.0,nan,1,True,2024,512,crpa_contribution,0731c3deec4e
3,7,107,88,0.7162162065505981,nan,3.0181283950805664,3.0181283950805664,0.0,nan,1,True,2024,512,crpa_contribution,0731c3deec4e
4,6,425,102,1.0,nan,3.0181283950805664,3.0181283950805664,0.0,nan,1,True,2024,512,crpa_contribution,0731c3deec4e
4,6,425,407,1.0,nan,3.0181283950805664,3.0181281566619873,-2.384185791015625e-07,nan,1,True,2024,512,crpa_contribution,0731c3deec4e
4,6,425,417,1.0,nan,3.0181283950805664,3.0181283950805664,0.0,nan,1,True,2024,512,crpa_contribution,0731c3deec4e
4,6,426,400,1.0,nan,3.0181283950805664,3.0181281566619873,-2.384185791015625e-07,nan,1,True,2024,512,crpa_contribution,0731c3deec4e
4,6,453,400,0.9729729890823364,nan,3.0181283950805664,3.0181283950805664,0.0,nan,1,True,2024,512,crpa_contribution,0731c3deec4e
4,6,453,411,0.9729729890823364,nan,3.0181283950805664,3.0181283950805664,0.0,nan,1,True,2024,512,crpa_contribution,0731c3deec4e
4,6,453,388,0.9729729890823364,nan,3.0181283950805664,3.0181283950805664,0.0,nan,1,True,2024,512,crpa_contribution,0731c3deec4e
4,2,437,428,0.970588207244873,nan,3.0181283950805664,3.0181283950805664,0.0,nan,1,True,2024,512,crpa_contribution,0731c3deec4e
4,2,436,384,0.970588207244873,nan,3.0181283950805664,3.0181283950805664,0.0,nan,1,True,2024,512,crpa_contribution,0731c3deec4e
4,2,436,394,0.970588207244873,nan,3.0181283950805664,3.0181283950805664,0.0,nan,1,True,2024,512,crpa_contribution,0731c3deec4e
4,6,437,408,0.9655172228813171,nan,3.0181283950805664,3.0181283950805664,0.0,nan,1,True,2024,512,crpa_contribution,0731c3deec4e
4,6,432,385,0.9655172228813171,nan,3.0181283950805664,3.0181283950805664,0.0,nan,1,True,2024,512,crpa_contribution,0731c3deec4e
4,6,432,102,0.9655172228813171,nan,3.0181283950805664,3.0181283950805664,0.0,nan,1,True,2024,512,crpa_contribution,0731c3deec4e
4,4,453,394,0.9459459185600281,nan,3.0181283950805664,3.0181283950805664,0.0,nan,1,True,2024,512,crpa_contribution,0731c3deec4e
4,4,453,384,0.9459459185600281,nan,3.0181283950805664,3.0181283950805664,0.0,nan,1,True,2024,512,crpa_contribution,0731c3deec4e
4,4,453,428,0.9459459185600281,nan,3.0181283950805664,3.0181286334991455,2.384185791015625e-07,nan,1,True,2024,512,crpa_contribution,0731c3deec4e
4,4,455,102,0.9459459185600281,nan,3.0181283950805664,3.0181283950805664,0.0,nan,1,True,2024,512,crpa_contribution,0731c3deec4e
4,4,453,409,0.9459459185600281,nan,3.0181283950805664,3.0181283950805664,0.0,nan,1,True,2024,512,crpa_contribution,0731c3deec4e
4,2,438,419,0.9428571462631226,nan,3.0181283950805664,3.0181288719177246,4.76837158203125e-07,nan,1,True,2024,512,crpa_contribution,0731c3deec4e
4,2,438,431,0.9428571462631226,nan,3.0181283950805664,3.0181283950805664,0.0,nan,1,True,2024,512,crpa_contribution,0731c3deec4e
4,4,125,43,0.9375,nan,3.0181283950805664,3.0181283950805664,0.0,nan,1,True,2024,512,crpa_contribution,0731c3deec4e
4,1,203,166,0.936170220375061,nan,3.0181283950805664,3.0181283950805664,0.0,nan,1,True,2024,512,crpa_contribution,0731c3deec4e
4,1,474,467,0.9333333373069763,nan,3.0181283950805664,3.0181283950805664,0.0,nan,1,True,2024,512,crpa_contribution,0731c3deec4e
4,1,474,395,0.9333333373069763,nan,3.0181283950805664,3.0181283950805664,0.0,nan,1,True,2024,512,crpa_contribution,0731c3deec4e
4,1,475,398,0.9333333373069763,nan,3.0181283950805664,3.0181283950805664,0.0,nan,1,True,2024,512,crpa_contribution,0731c3deec4e
4,1,475,458,0.9333333373069763,nan,3.0181283950805664,3.0181288719177246,4.76837158203125e-07,nan,1,True,2024,512,crpa_contribution,0731c3deec4e
4,1,475,388,0.9333333373069763,nan,3.0181283950805664,3.0181288719177246,4.76837158203125e-07,nan,1,True,2024,512,crpa_contribution,0731c3deec4e
4,4,510,439,0.9333333373069763,nan,3.0181283950805664,3.0181286334991455,2.384185791015625e-07,nan,1,True,2024,512,crpa_contribution,0731c3deec4e
4,4,507,458,0.9333333373069763,nan,3.0181283950805664,3.0181288719177246,4.76837158203125e-07,nan,1,True,2024,512,crpa_contribution,0731c3deec4e
4,4,507,408,0.9333333373069763,nan,3.0181283950805664,3.0181283950805664,0.0,nan,1,True,2024,512,crpa_contribution,0731c3deec4e
4,0,493,453,0.9322034120559692,nan,3.0181283950805664,3.0181283950805664,0.0,nan,1,True,2024,512,crpa_contribution,0731c3deec4e
4,0,493,410,0.9322034120559692,nan,3.0181283950805664,3.0181288719177246,4.76837158203125e-07,nan,1,True,2024,512,crpa_contribution,0731c3deec4e
4,1,473,385,0.9322034120559692,nan,3.0181283950805664,3.0181283950805664,0.0,nan,1,True,2024,512,crpa_contribution,0731c3deec4e
4,1,472,405,0.9322034120559692,nan,3.0181283950805664,3.0181283950805664,0.0,nan,1,True,2024,512,crpa_contribution,0731c3deec4e
4,1,472,465,0.9322034120559692,nan,3.0181283950805664,3.0181283950805664,0.0,nan,1,True,2024,512,crpa_contribution,0731c3deec4e
4,4,437,431,0.931034505367279,nan,3.0181283950805664,3.0181288719177246,4.76837158203125e-07,nan,1,True,2024,512,crpa_contribution,0731c3deec4e
4,4,438,417,0.931034505367279,nan,3.0181283950805664,3.0181283950805664,0.0,nan,1,True,2024,512,crpa_contribution,0731c3deec4e
4,4,438,431,0.931034505367279,nan,3.0181283950805664,3.0181288719177246,4.76837158203125e-07,nan,1,True,2024,512,crpa_contribution,0731c3deec4e
4,4,438,410,0.931034505367279,nan,3.0181283950805664,3.0181283950805664,0.0,nan,1,True,2024,512,crpa_contribution,0731c3deec4e
4,4,438,421,0.931034505367279,nan,3.0181283950805664,3.0181283950805664,0.0,nan,1,True,2024,512,crpa_contribution,0731c3deec4e
4,6,430,403,0.931034505367279,nan,3.0181283950805664,3.0181283950805664,0.0,nan,1,True,2024,512,crpa_contribution,0731c3deec4e
4,6,433,388,0.931034505367279,nan,3.0181283950805664,3.0181283950805664,0.0,nan,1,True,2024,512,crpa_contribution,0731c3deec4e
4,6,433,306,0.931034505367279,nan,3.0181283950805664,3.0181283950805664,0.0,nan,1,True,2024,512,crpa_contribution,0731c3deec4e
4,6,433,392,0.931034505367279,nan,3.0181283950805664,3.0181286334991455,2.384185791015625e-07,nan,1,True,2024,512,crpa_contribution,0731c3deec4e
4,1,244,235,0.9305555820465088,nan,3.0181283950805664,3.0181283950805664,0.0,nan,1,True,2024,512,crpa_contribution,0731c3deec4e
4,4,466,444,0.930232584476471,nan,3.0181283950805664,3.0181283950805664,0.0,nan,1,True,2024,512,crpa_contribution,0731c3deec4e
4,4,466,452,0.930232584476471,nan,3.0181283950805664,3.0181288719177246,4.76837158203125e-07,nan,1,True,2024,512,crpa_contribution,0731c3deec4e
4,4,464,459,0.930232584476471,nan,3.0181283950805664,3.0181283950805664,0.0,nan,1,True,2024,512,crpa_contribution,0731c3deec4e
4,2,423,392,0.9285714030265808,nan,3.0181283950805664,3.0181288719177246,4.76837158203125e-07,nan,1,True,2024,512,crpa_contribution,0731c3deec4e
4,4,500,387,0.9272727370262146,nan,3.0181283950805664,3.0181283950805664,0.0,nan,1,True,2024,512,crpa_contribution,0731c3deec4e
4,4,497,425,0.9272727370262146,nan,3.0181283950805664,3.0181283950805664,0.0,nan,1,True,2024,512,crpa_contribution,0731c3deec4e
4,4,497,408,0.9272727370262146,nan,3.0181283950805664,3.0181283950805664,0.0,nan,1,True,2024,512,crpa_contribution,0731c3deec4e
4,6,454,442,0.9230769276618958,nan,3.0181283950805664,3.0181288719177246,4.76837158203125e-07,nan,1,True,2024,512,crpa_contribution,0731c3deec4e
4,6,102,84,0.9230769276618958,nan,3.0181283950805664,3.0181283950805664,0.0,nan,1,True,2024,512,crpa_contribution,0731c3deec4e
4,6,102,41,0.9230769276618958,nan,3.0181283950805664,3.0181283950805664,0.0,nan,1,True,2024,512,crpa_contribution,0731c3deec4e
4,6,455,306,0.9230769276618958,nan,3.0181283950805664,3.0181286334991455,2.384185791015625e-07,nan,1,True,2024,512,crpa_contribution,0731c3deec4e
4,0,499,450,0.9180327653884888,nan,3.0181283950805664,3.0181283950805664,0.0,nan,1,True,2024,512,crpa_contribution,0731c3deec4e
4,0,499,417,0.9180327653884888,nan,3.0181283950805664,3.0181283950805664,0.0,nan,1,True,2024,512,crpa_contribution,0731c3deec4e
4,0,499,451,0.9180327653884888,nan,3.0181283950805664,3.0181283950805664,0.0,nan,1,True,2024,512,crpa_contribution,0731c3deec4e
4,1,476,423,0.9180327653884888,nan,3.0181283950805664,3.0181283950805664,0.0,nan,1,True,2024,512,crpa_contribution,0731c3deec4e
4,1,476,401,0.9180327653884888,nan,3.0181283950805664,3.0181283950805664,0.0,nan,1,True,2024,512,crpa_contribution,0731c3deec4e
4,6,496,468,0.9180327653884888,nan,3.0181283950805664,3.0181283950805664,0.0,nan,1,True,2024,512,crpa_contribution,0731c3deec4e
4,1,490,418,0.9130434989929199,nan,3.0181283950805664,3.0181283950805664,0.0,nan,1,True,2024,512,crpa_contribution,0731c3deec4e
4,1,490,489,0.9130434989929199,nan,3.0181283950805664,3.0181283950805664,0.0,nan,1,True,2024,512,crpa_contribution,0731c3deec4e
4,1,489,484,0.9130434989929199,nan,3.0181283950805664,3.0181283950805664,0.0,nan,1,True,2024,512,crpa_contribution,0731c3deec4e
4,3,454,448,0.9130434989929199,nan,3.0181283950805664,3.0181283950805664,0.0,nan,1,True,2024,512,crpa_contribution,0731c3deec4e
4,1,125,123,0.9102563858032227,nan,3.0181283950805664,3.0181283950805664,0.0,nan,1,True,2024,512,crpa_contribution,0731c3deec4e
4,1,125,96,0.9102563858032227,nan,3.0181283950805664,3.0181283950805664,0.0,nan,1,True,2024,512,crpa_contribution,0731c3deec4e
4,1,125,66,0.9102563858032227,nan,3.0181283950805664,3.0181283950805664,0.0,nan,1,True,2024,512,crpa_contribution,0731c3deec4e
4,1,125,68,0.9102563858032227,nan,3.0181283950805664,3.0181283950805664,0.0,nan,1,True,2024,512,crpa_contribution,0731c3deec4e
4,6,476,417,0.9090909361839294,nan,3.0181283950805664,3.0181288719177246,4.76837158203125e-07,nan,1,True,2024,512,crpa_contribution,0731c3deec4e
4,4,102,101,0.9074074029922485,nan,3.0181283950805664,3.0181281566619873,-2.384185791015625e-07,nan,1,True,2024,512,crpa_contribution,0731c3deec4e
4,4,488,455,0.9074074029922485,nan,3.0181283950805664,3.0181283950805664,0.0,nan,1,True,2024,512,crpa_contribution,0731c3deec4e
4,4,495,446,0.9074074029922485,nan,3.0181283950805664,3.0181283950805664,0.0,nan,1,True,2024,512,crpa_contribution,0731c3deec4e
4,4,495,447,0.9074074029922485,nan,3.0181283950805664,3.0181281566619873,-2.384185791015625e-07,nan,1,True,2024,512,crpa_contribution,0731c3deec4e
4,6,480,433,0.9056603908538818,nan,3.0181283950805664,3.0181283950805664,0.0,nan,1,True,2024,512,crpa_contribution,0731c3deec4e
4,2,125,24,0.9054054021835327,nan,3.0181283950805664,3.0181283950805664,0.0,nan,1,True,2024,512,crpa_contribution,0731c3deec4e
4,2,486,404,0.9047619104385376,nan,3.0181283950805664,3.0181286334991455,2.384185791015625e-07,nan,1,True,2024,512,crpa_contribution,0731c3deec4e
4,2,485,412,0.9047619104385376,nan,3.0181283950805664,3.0181283950805664,0.0,nan,1,True,2024,512,crpa_contribution,0731c3deec4e
4,2,485,392,0.9047619104385376,nan,3.0181283950805664,3.0181283950805664,0.0,nan,1,True,2024,512,crpa_contribution,0731c3deec4e
4,2,485,473,0.9047619104385376,nan,3.0181283950805664,3.0181288719177246,4.76837158203125e-07,nan,1,True,2024,512,crpa_contribution,0731c3deec4e
4,6,438,405,0.9032257795333862,nan,3.0181283950805664,3.0181283950805664,0.0,nan,1,True,2024,512,crpa_contribution,0731c3deec4e
4,6,439,405,0.9032257795333862,nan,3.0181283950805664,3.0181283950805664,0.0,nan,1,True,2024,512,crpa_contribution,0731c3deec4e
4,0,125,57,0.9027777910232544,nan,3.0181283950805664,3.0181283950805664,0.0,nan,1,True,2024,512,crpa_contribution,0731c3deec4e
4,6,470,387,0.8979591727256775,nan,3.0181283950805664,3.0181283950805664,0.0,nan,1,True,2024,512,crpa_contribution,0731c3deec4e
4,1,487,463,0.8970588445663452,nan,3.0181283950805664,3.0181283950805664,0.0,nan,1,True,2024,512,crpa_contribution,0731c3deec4e
4,1,487,431,0.8970588445663452,nan,3.0181283950805664,3.0181283950805664,0.0,nan,1,True,2024,512,crpa_contribution,0731c3deec4e
4,1,487,388,0.8970588445663452,nan,3.0181283950805664,3.0181283950805664,0.0,nan,1,True,2024,512,crpa_contribution,0731c3deec4e
4,1,486,443,0.8970588445663452,nan,3.0181283950805664,3.0181286334991455,2.384185791015625e-07,nan,1,True,2024,512,crpa_contribution,0731c3deec4e
4,0,485,464,0.8965517282485962,nan,3.0181283950805664,3.0181283950805664,0.0,nan,1,True,2024,512,crpa_contribution,0731c3deec4e
4,2,509,425,0.8947368264198303,nan,3.0181283950805664,3.0181283950805664,0.0,nan,1,True,2024,512,crpa_contribution,0731c3deec4e
4,2,508,411,0.8947368264198303,nan,3.0181283950805664,3.0181283950805664,0.0,nan,1,True,2024,512,crpa_contribution,0731c3deec4e
4,2,509,445,0.8947368264198303,nan,3.0181283950805664,3.0181288719177246,4.76837158203125e-07,nan,1,True,2024,512,crpa_contribution,0731c3deec4e
4,2,509,410,0.8947368264198303,nan,3.0181283950805664,3.0181283950805664,0.0,nan,1,True,2024,512,crpa_contribution,0731c3deec4e
4,2,509,504,0.8947368264198303,nan,3.0181283950805664,3.0181283950805664,0.0,nan,1,True,2024,512,crpa_contribution,0731c3deec4e
4,1,450,395,0.8936170339584351,nan,3.0181283950805664,3.0181283950805664,0.0,nan,1,True,2024,512,crpa_contribution,0731c3deec4e
4,2,455,450,0.8936170339584351,nan,3.0181283950805664,3.0181283950805664,0.0,nan,1,True,2024,512,crpa_contribution,0731c3deec4e
4,2,457,394,0.8936170339584351,nan,3.0181283950805664,3.0181283950805664,0.0,nan,1,True,2024,512,crpa_contribution,0731c3deec4e
4,2,441,408,0.8918918967247009,nan,3.0181283950805664,3.0181286334991455,2.384185791015625e-07,nan,1,True,2024,512,crpa_contribution,0731c3deec4e
4,2,488,478,0.890625,nan,3.0181283950805664,3.0181283950805664,0.0,nan,1,True,2024,512,crpa_contribution,0731c3deec4e
4,2,482,440,0.890625,nan,3.0181283950805664,3.0181283950805664,0.0,nan,1,True,2024,512,crpa_contribution,0731c3deec4e
4,2,488,443,0.890625,nan,3.0181283950805664,3.0181283950805664,0.0,nan,1,True,2024,512,crpa_contribution,0731c3deec4e
4,2,465,385,0.8867924809455872,nan,3.0181283950805664,3.0181283950805664,0.0,nan,1,True,2024,512,crpa_contribution,0731c3deec4e
4,2,466,431,0.8867924809455872,nan,3.0181283950805664,3.0181283950805664,0.0,nan,1,True,2024,512,crpa_contribution,0731c3deec4e
4,0,492,453,0.8833333253860474,nan,3.0181283950805664,3.0181281566619873,-2.384185791015625e-07,nan,1,True,2024,512,crpa_contribution,0731c3deec4e
4,0,492,403,0.8833333253860474,nan,3.0181283950805664,3.0181283950805664,0.0,nan,1,True,2024,512,crpa_contribution,0731c3deec4e
4,0,505,204,0.8823529481887817,nan,3.0181283950805664,3.0181283950805664,0.0,nan,1,True,2024,512,crpa_contribution,0731c3deec4e
4,0,510,415,0.8823529481887817,nan,3.0181283950805664,3.0181286334991455,2.384185791015625e-07,nan,1,True,2024,512,crpa_contribution,0731c3deec4e
4,0,502,416,0.8823529481887817,nan,3.0181283950805664,3.0181288719177246,4.76837158203125e-07,nan,1,True,2024,512,crpa_contribution,0731c3deec4e
4,0,510,456,0.8823529481887817,nan,3.0181283950805664,3.0181288719177246,4.76837158203125e-07,nan,1,True,2024,512,crpa_contribution,0731c3deec4e
4,0,507,385,0.8823529481887817,nan,3.0181283950805664,3.0181283950805664,0.0,nan,1,True,2024,512,crpa_contribution,0731c3deec4e
4,0,489,442,0.8813559412956238,nan,3.0181283950805664,3.0181283950805664,0.0,nan,1,True,2024,512,crpa_contribution,0731c3deec4e
4,0,489,433,0.8813559412956238,nan,3.0181283950805664,3.0181283950805664,0.0,nan,1,True,2024,512,crpa_contribution,0731c3deec4e
4,0,454,440,0.8809523582458496,nan,3.0181283950805664,3.0181286334991455,2.384185791015625e-07,nan,1,True,2024,512,crpa_contribution,0731c3deec4e
4,0,482,409,0.8793103694915771,nan,3.0181283950805664,3.0181283950805664,0.0,nan,1,True,2024,512,crpa_contribution,0731c3deec4e
4,3,495,406,0.8787878751754761,nan,3.0181283950805664,3.0181283950805664,0.0,nan,1,True,2024,512,crpa_contribution,0731c3deec4e
4,3,495,408,0.8787878751754761,nan,3.0181283950805664,3.0181283950805664,0.0,nan,1,True,2024,512,crpa_contribution,0731c3deec4e
4,3,483,385,0.8787878751754761,nan,3.0181283950805664,3.0181283950805664,0.0,nan,1,True,2024,512,crpa_contribution,0731c3deec4e
4,0,477,431,0.8771929740905762,nan,3.0181283950805664,3.0181283950805664,0.0,nan,1,True,2024,512,crpa_contribution,0731c3deec4e
4,0,477,407,0.8771929740905762,nan,3.0181283950805664,3.0181283950805664,0.0,nan,1,True,2024,512,crpa_contribution,0731c3deec4e
4,0,496,465,0.8730158805847168,nan,3.0181283950805664,3.0181283950805664,0.0,nan,1,True,2024,512,crpa_contribution,0731c3deec4e
4,0,483,204,0.8727272748947144,nan,3.0181283950805664,3.0181283950805664,0.0,nan,1,True,2024,512,crpa_contribution,0731c3deec4e
4,0,483,399,0.8727272748947144,nan,3.0181283950805664,3.0181283950805664,0.0,nan,1,True,2024,512,crpa_contribution,0731c3deec4e
4,0,483,403,0.8727272748947144,nan,3.0181283950805664,3.0181283950805664,0.0,nan,1,True,2024,512,crpa_contribution,0731c3deec4e
4,3,469,387,0.8666666746139526,nan,3.0181283950805664,3.0181283950805664,0.0,nan,1,True,2024,512,crpa_contribution,0731c3deec4e
4,3,479,444,0.8666666746139526,nan,3.0181283950805664,3.0181283950805664,0.0,nan,1,True,2024,512,crpa_contribution,0731c3deec4e
4,5,422,413,0.8666666746139526,nan,3.0181283950805664,3.0181283950805664,0.0,nan,1,True,2024,512,crpa_contribution,0731c3deec4e
4,5,423,398,0.8666666746139526,nan,3.0181283950805664,3.0181283950805664,0.0,nan,1,True,2024,512,crpa_contribution,0731c3deec4e
4,3,497,442,0.8648648858070374,nan,3.0181283950805664,3.0181283950805664,0.0,nan,1,True,2024,512,crpa_contribution,0731c3deec4e
4,3,497,455,0.8648648858070374,nan,3.0181283950805664,3.0181283950805664,0.0,nan,1,True,2024,512,crpa_contribution,0731c3deec4e
4,3,244,153,0.8648648858070374,nan,3.0181283950805664,3.0181283950805664,0.0,nan,1,True,2024,512,crpa_contribution,0731c3deec4e
4,3,510,461,0.8607594966888428,nan,3.0181283950805664,3.0181283950805664,0.0,nan,1,True,2024,512,crpa_contribution,0731c3deec4e
4,3,510,418,0.8607594966888428,nan,3.0181283950805664,3.0181283950805664,0.0,nan,1,True,2024,512,crpa_contribution,0731c3deec4e
4,5,486,417,0.8591549396514893,nan,3.0181283950805664,3.0181283950805664,0.0,nan,1,True,2024,512,crpa_contribution,0731c3deec4e
4,5,490,394,0.8591549396514893,nan,3.0181283950805664,3.0181283950805664,0.0,nan,1,True,2024,512,crpa_contribution,0731c3deec4e
4,3,509,473,0.8589743375778198,nan,3.0181283950805664,3.0181288719177246,4.76837158203125e-07,nan,1,True,2024,512,crpa_contribution,0731c3deec4e
4,3,509,428,0.8589743375778198,nan,3.0181283950805664,3.0181283950805664,0.0,nan,1,True,2024,512,crpa_contribution,0731c3deec4e
4,3,509,415,0.8589743375778198,nan,3.0181283950805664,3.0181283950805664,0.0,nan,1,True,2024,512,crpa_contribution,0731c3deec4e
4,3,509,417,0.8589743375778198,nan,3.0181283950805664,3.0181283950805664,0.0,nan,1,True,2024,512,crpa_contribution,0731c3deec4e
4,3,482,385,0.8571428656578064,nan,3.0181283950805664,3.0181286334991455,2.384185791015625e-07,nan,1,True,2024,512,crpa_contribution,0731c3deec4e
4,3,476,435,0.8571428656578064,nan,3.0181283950805664,3.0181283950805664,0.0,nan,1,True,2024,512,crpa_contribution,0731c3deec4e
4,5,453,450,0.8571428656578064,nan,3.0181283950805664,3.0181283950805664,0.0,nan,1,True,2024,512,crpa_contribution,0731c3deec4e
4,5,454,410,0.8571428656578064,nan,3.0181283950805664,3.0181288719177246,4.76837158203125e-07,nan,1,True,2024,512,crpa_contribution,0731c3deec4e
4,5,454,403,0.8571428656578064,nan,3.0181283950805664,3.0181281566619873,-2.384185791015625e-07,nan,1,True,2024,512,crpa_contribution,0731c3deec4e
4,5,454,431,0.8571428656578064,nan,3.0181283950805664,3.0181283950805664,0.0,nan,1,True,2024,512,crpa_contribution,0731c3deec4e
4,5,453,419,0.8571428656578064,nan,3.0181283950805664,3.0181283950805664,0.0,nan,1,True,2024,512,crpa_contribution,0731c3deec4e
4,3,487,414,0.8484848737716675,nan,3.0181283950805664,3.0181283950805664,0.0,nan,1,True,2024,512,crpa_contribution,0731c3deec4e
4,3,488,410,0.8484848737716675,nan,3.0181283950805664,3.0181283950805664,0.0,nan,1,True,2024,512,crpa_contribution,0731c3deec4e
4,3,488,441,0.8484848737716675,nan,3.0181283950805664,3.0181283950805664,0.0,nan,1,True,2024,512,crpa_contribution,0731c3deec4e
4,3,488,431,0.8484848737716675,nan,3.0181283950805664,3.0181283950805664,0.0,nan,1,True,2024,512,crpa_contribution,0731c3deec4e
4,3,493,448,0.8472222089767456,nan,3.0181283950805664,3.0181281566619873,-2.384185791015625e-07,nan,1,True,2024,512,crpa_contribution,0731c3deec4e
4,3,493,441,0.8472222089767456,nan,3.0181283950805664,3.0181283950805664,0.0,nan,1,True,2024,512,crpa_contribution,0731c3deec4e
4,3,493,438,0.8472222089767456,nan,3.0181283950805664,3.0181283950805664,0.0,nan,1,True,2024,512,crpa_contribution,0731c3deec4e
4,5,443,417,0.8372092843055725,nan,3.0181283950805664,3.0181288719177246,4.76837158203125e-07,nan,1,True,2024,512,crpa_contribution,0731c3deec4e
4,5,442,386,0.8372092843055725,nan,3.0181283950805664,3.0181283950805664,0.0,nan,1,True,2024,512,crpa_contribution,0731c3deec4e
4,5,443,401,0.8372092843055725,nan,3.0181283950805664,3.0181283950805664,0.0,nan,1,True,2024,512,crpa_contribution,0731c3deec4e
4,5,443,420,0.8372092843055725,nan,3.0181283950805664,3.0181283950805664,0.0,nan,1,True,2024,512,crpa_contribution,0731c3deec4e
4,5,421,399,0.8333333134651184,nan,3.0181283950805664,3.0181283950805664,0.0,nan,1,True,2024,512,crpa_contribution,0731c3deec4e
4,5,421,384,0.8333333134651184,nan,3.0181283950805664,3.0181283950805664,0.0,nan,1,True,2024,512,crpa_contribution,0731c3deec4e
4,7,244,197,0.8307692408561707,nan,3.0181283950805664,3.0181283950805664,0.0,nan,1,True,2024,512,crpa_contribution,0731c3deec4e
4,5,460,413,0.8245614171028137,nan,3.0181283950805664,3.0181283950805664,0.0,nan,1,True,2024,512,crpa_contribution,0731c3deec4e
4,5,460,406,0.8245614171028137,nan,3.0181283950805664,3.0181283950805664,0.0,nan,1,True,2024,512,crpa_contribution,0731c3deec4e
4,5,460,452,0.8245614171028137,nan,3.0181283950805664,3.0181283950805664,0.0,nan,1,True,2024,512,crpa_contribution,0731c3deec4e
4,5,460,417,0.8245614171028137,nan,3.0181283950805664,3.0181281566619873,-2.384185791015625e-07,nan,1,True,2024,512,crpa_contribution,0731c3deec4e
4,5,460,409,0.8245614171028137,nan,3.0181283950805664,3.0181283950805664,0.0,nan,1,True,2024,512,crpa_contribution,0731c3deec4e
4,7,509,392,0.8235294222831726,nan,3.0181283950805664,3.0181288719177246,4.76837158203125e-07,nan,1,True,2024,512,crpa_contribution,0731c3deec4e
4,7,509,408,0.8235294222831726,nan,3.0181283950805664,3.0181283950805664,0.0,nan,1,True,2024,512,crpa_contribution,0731c3deec4e
4,7,497,407,0.8235294222831726,nan,3.0181283950805664,3.0181283950805664,0.0,nan,1,True,2024,512,crpa_contribution,0731c3deec4e
4,5,445,431,0.8222222328186035,nan,3.0181283950805664,3.0181281566619873,-2.384185791015625e-07,nan,1,True,2024,512,crpa_contribution,0731c3deec4e
4,5,484,422,0.8194444179534912,nan,3.0181283950805664,3.0181283950805664,0.0,nan,1,True,2024,512,crpa_contribution,0731c3deec4e
4,5,489,398,0.8194444179534912,nan,3.0181283950805664,3.0181283950805664,0.0,nan,1,True,2024,512,crpa_contribution,0731c3deec4e
4,5,489,423,0.8194444179534912,nan,3.0181283950805664,3.0181283950805664,0.0,nan,1,True,2024,512,crpa_contribution,0731c3deec4e
4,7,476,414,0.8103448152542114,nan,3.0181283950805664,3.0181288719177246,4.76837158203125e-07,nan,1,True,2024,512,crpa_contribution,0731c3deec4e
4,7,476,399,0.8103448152542114,nan,3.0181283950805664,3.0181283950805664,0.0,nan,1,True,2024,512,crpa_contribution,0731c3deec4e
4,7,476,417,0.8103448152542114,nan,3.0181283950805664,3.0181288719177246,4.76837158203125e-07,nan,1,True,2024,512,crpa_contribution,0731c3deec4e
4,7,446,421,0.8095238208770752,nan,3.0181283950805664,3.0181283950805664,0.0,nan,1,True,2024,512,crpa_contribution,0731c3deec4e
4,7,446,204,0.8095238208770752,nan,3.0181283950805664,3.0181283950805664,0.0,nan,1,True,2024,512,crpa_contribution,0731c3deec4e
4,7,446,440,0.8095238208770752,nan,3.0181283950805664,3.0181283950805664,0.0,nan,1,True,2024,512,crpa_contribution,0731c3deec4e
4,7,499,426,0.8059701323509216,nan,3.0181283950805664,3.0181286334991455,2.384185791015625e-07,nan,1,True,2024,512,crpa_contribution,0731c3deec4e
4,7,423,420,0.800000011920929,nan,3.0181283950805664,3.0181283950805664,0.0,nan,1,True,2024,512,crpa_contribution,0731c3deec4e
4,7,423,394,0.800000011920929,nan,3.0181283950805664,3.0181283950805664,0.0,nan,1,True,2024,512,crpa_contribution,0731c3deec4e
4,7,420,409,0.800000011920929,nan,3.0181283950805664,3.0181283950805664,0.0,nan,1,True,2024,512,crpa_contribution,0731c3deec4e
4,7,423,385,0.800000011920929,nan,3.0181283950805664,3.0181288719177246,4.76837158203125e-07,nan,1,True,2024,512,crpa_contribution,0731c3deec4e
4,7,491,390,0.796875,nan,3.0181283950805664,3.0181283950805664,0.0,nan,1,True,2024,512,crpa_contribution,0731c3deec4e
4,7,491,415,0.796875,nan,3.0181283950805664,3.0181283950805664,0.0,nan,1,True,2024,512,crpa_contribution,0731c3deec4e
4,7,413,405,0.7894737124443054,nan,3.0181283950805664,3.0181286334991455,2.384185791015625e-07,nan,1,True,2024,512,crpa_contribution,0731c3deec4e
4,7,490,409,0.7894737124443054,nan,3.0181283950805664,3.0181283950805664,0.0,nan,1,True,2024,512,crpa_contribution,0731c3deec4e
4,7,413,392,0.7894737124443054,nan,3.0181283950805664,3.0181283950805664,0.0,nan,1,True,2024,512,crpa_contribution,0731c3deec4e
4,7,503,385,0.7887324094772339,nan,3.0181283950805664,3.0181283950805664,0.0,nan,1,True,2024,512,crpa_contribution,0731c3deec4e
4,7,487,465,0.78125,nan,3.0181283950805664,3.0181288719177246,4.76837158203125e-07,nan,1,True,2024,512,crpa_contribution,0731c3deec4e
4,7,487,440,0.78125,nan,3.0181283950805664,3.0181283950805664,0.0,nan,1,True,2024,512,crpa_contribution,0731c3deec4e
4,7,472,421,0.7799999713897705,nan,3.0181283950805664,3.0181286334991455,2.384185791015625e-07,nan,1,True,2024,512,crpa_contribution,0731c3deec4e
5,7,511,440,0.8513513803482056,nan,3.0181283950805664,3.0181291103363037,7.152557373046875e-07,nan,1,True,2024,512,crpa_contribution,0731c3deec4e
5,7,511,417,0.8513513803482056,nan,3.0181283950805664,3.018129825592041,1.430511474609375e-06,nan,1,True,2024,512,crpa_contribution,0731c3deec4e
5,7,511,429,0.8513513803482056,nan,3.0181283950805664,3.0181283950805664,0.0,nan,1,True,2024,512,crpa_contribution,0731c3deec4e
5,7,511,410,0.8513513803482056,nan,3.0181283950805664,3.0181286334991455,2.384185791015625e-07,nan,1,True,2024,512,crpa_contribution,0731c3deec4e
5,7,511,444,0.8513513803482056,nan,3.0181283950805664,3.018127918243408,-4.76837158203125e-07,nan,1,True,2024,512,crpa_contribution,0731c3deec4e
5,7,511,431,0.8513513803482056,nan,3.0181283950805664,3.018127679824829,-7.152557373046875e-07,nan,1,True,2024,512,crpa_contribution,0731c3deec4e
5,7,511,414,0.8513513803482056,nan,3.0181283950805664,3.018127202987671,-1.1920928955078125e-06,nan,1,True,2024,512,crpa_contribution,0731c3deec4e
5,7,511,454,0.8513513803482056,nan,3.0181283950805664,3.0181283950805664,0.0,nan,1,True,2024,512,crpa_contribution,0731c3deec4e
5,7,511,399,0.8513513803482056,nan,3.0181283950805664,3.018129587173462,1.1920928955078125e-06,nan,1,True,2024,512,crpa_contribution,0731c3deec4e
5,7,511,397,0.8513513803482056,nan,3.0181283950805664,3.0181305408477783,2.1457672119140625e-06,nan,1,True,2024,512,crpa_contribution,0731c3deec4e
5,7,511,419,0.8513513803482056,nan,3.0181283950805664,3.0181291103363037,7.152557373046875e-07,nan,1,True,2024,512,crpa_contribution,0731c3deec4e
5,7,511,441,0.8513513803482056,nan,3.0181283950805664,3.018129587173462,1.1920928955078125e-06,nan,1,True,2024,512,crpa_contribution,0731c3deec4e
5,7,511,411,0.8513513803482056,nan,3.0181283950805664,3.0181288719177246,4.76837158203125e-07,nan,1,True,2024,512,crpa_contribution,0731c3deec4e
5,7,511,413,0.8513513803482056,nan,3.0181283950805664,3.018129825592041,1.430511474609375e-06,nan,1,True,2024,512,crpa_contribution,0731c3deec4e
5,7,511,428,0.8513513803482056,nan,3.0181283950805664,3.0181286334991455,2.384185791015625e-07,nan,1,True,2024,512,crpa_contribution,0731c3deec4e
5,7,511,448,0.8513513803482056,nan,3.0181283950805664,3.01813006401062,1.6689300537109375e-06,nan,1,True,2024,512,crpa_contribution,0731c3deec4e
5,7,511,405,0.8513513803482056,nan,3.0181283950805664,3.0181281566619873,-2.384185791015625e-07,nan,1,True,2024,512,crpa_contribution,0731c3deec4e
5,7,511,407,0.8513513803482056,nan,3.0181283950805664,3.018129825592041,1.430511474609375e-06,nan,1,True,2024,512,crpa_contribution,0731c3deec4e
5,7,511,306,0.8513513803482056,nan,3.0181283950805664,3.0181286334991455,2.384185791015625e-07,nan,1,True,2024,512,crpa_contribution,0731c3deec4e
5,7,511,439,0.8513513803482056,nan,3.0181283950805664,3.0181283950805664,0.0,nan,1,True,2024,512,crpa_contribution,0731c3deec4e
5,7,511,502,0.8513513803482056,nan,3.0181283950805664,3.0181286334991455,2.384185791015625e-07,nan,1,True,2024,512,crpa_contribution,0731c3deec4e
5,7,511,416,0.8513513803482056,nan,3.0181283950805664,3.018127918243408,-4.76837158203125e-07,nan,1,True,2024,512,crpa_contribution,0731c3deec4e
5,7,511,430,0.8513513803482056,nan,3.0181283950805664,3.0181291103363037,7.152557373046875e-07,nan,1,True,2024,512,crpa_contribution,0731c3deec4e
5,7,511,102,0.8513513803482056,nan,3.0181283950805664,3.0181310176849365,2.6226043701171875e-06,nan,1,True,2024,512,crpa_contribution,0731c3deec4e
5,1,511,414,0.8374999761581421,nan,3.0181283950805664,3.018127202987671,-1.1920928955078125e-06,nan,1,True,2024,512,crpa_contribution,0731c3deec4e
5,1,511,433,0.8374999761581421,nan,3.0181283950805664,3.0181312561035156,2.86102294921875e-06,nan,1,True,2024,512,crpa_contribution,0731c3deec4e
5,1,511,102,0.8374999761581421,nan,3.0181283950805664,3.018129825592041,1.430511474609375e-06,nan,1,True,2024,512,crpa_contribution,0731c3deec4e
5,1,511,479,0.8374999761581421,nan,3.0181283950805664,3.01813006401062,1.6689300537109375e-06,nan,1,True,2024,512,crpa_contribution,0731c3deec4e
5,1,511,399,0.8374999761581421,nan,3.0181283950805664,3.0181291103363037,7.152557373046875e-07,nan,1,True,2024,512,crpa_contribution,0731c3deec4e
5,1,511,427,0.8374999761581421,nan,3.0181283950805664,3.018129348754883,9.5367431640625e-07,nan,1,True,2024,512,crpa_contribution,0731c3deec4e
5,1,511,465,0.8374999761581421,nan,3.0181283950805664,3.0181288719177246,4.76837158203125e-07,nan,1,True,2024,512,crpa_contribution,0731c3deec4e
5,1,511,409,0.8374999761581421,nan,3.0181283950805664,3.0181283950805664,0.0,nan,1,True,2024,512,crpa_contribution,0731c3deec4e
5,1,511,408,0.8374999761581421,nan,3.0181283950805664,3.018127918243408,-4.76837158203125e-07,nan,1,True,2024,512,crpa_contribution,0731c3deec4e
5,1,511,400,0.8374999761581421,nan,3.0181283950805664,3.0181288719177246,4.76837158203125e-07,nan,1,True,2024,512,crpa_contribution,0731c3deec4e
5,1,511,387,0.8374999761581421,nan,3.0181283950805664,3.0181291103363037,7.152557373046875e-07,nan,1,True,2024,512,crpa_contribution,0731c3deec4e
5,1,511,407,0.8374999761581421,nan,3.0181283950805664,3.0181288719177246,4.76837158203125e-07,nan,1,True,2024,512,crpa_contribution,0731c3deec4e
5,1,511,411,0.8374999761581421,nan,3.0181283950805664,3.018127918243408,-4.76837158203125e-07,nan,1,True,2024,512,crpa_contribution,0731c3deec4e
5,1,511,454,0.8374999761581421,nan,3.0181283950805664,3.0181283950805664,0.0,nan,1,True,2024,512,crpa_contribution,0731c3deec4e
5,1,511,391,0.8374999761581421,nan,3.0181283950805664,3.018129348754883,9.5367431640625e-07,nan,1,True,2024,512,crpa_contribution,0731c3deec4e
5,1,511,455,0.8374999761581421,nan,3.0181283950805664,3.0181286334991455,2.384185791015625e-07,nan,1,True,2024,512,crpa_contribution,0731c3deec4e
5,1,511,392,0.8374999761581421,nan,3.0181283950805664,3.018129348754883,9.5367431640625e-07,nan,1,True,2024,512,crpa_contribution,0731c3deec4e
5,1,511,460,0.8374999761581421,nan,3.0181283950805664,3.018129587173462,1.1920928955078125e-06,nan,1,True,2024,512,crpa_contribution,0731c3deec4e
5,1,511,442,0.8374999761581421,nan,3.0181283950805664,3.018129587173462,1.1920928955078125e-06,nan,1,True,2024,512,crpa_contribution,0731c3deec4e
5,1,511,428,0.8374999761581421,nan,3.0181283950805664,3.0181288719177246,4.76837158203125e-07,nan,1,True,2024,512,crpa_contribution,0731c3deec4e
5,1,511,405,0.8374999761581421,nan,3.0181283950805664,3.018129825592041,1.430511474609375e-06,nan,1,True,2024,512,crpa_contribution,0731c3deec4e
5,1,511,441,0.8374999761581421,nan,3.0181283950805664,3.0181286334991455,2.384185791015625e-07,nan,1,True,2024,512,crpa_contribution,0731c3deec4e
5,1,511,439,0.8374999761581421,nan,3.0181283950805664,3.0181288719177246,4.76837158203125e-07,nan,1,True,2024,512,crpa_contribution,0731c3deec4e
5,1,511,424,0.8374999761581421,nan,3.0181283950805664,3.018127918243408,-4.76837158203125e-07,nan,1,True,2024,512,crpa_contribution,0731c3deec4e
5,2,511,386,0.7631579041481018,nan,3.0181283950805664,3.018129587173462,1.1920928955078125e-06,nan,1,True,2024,512,crpa_contribution,0731c3deec4e
5,2,511,441,0.7631579041481018,nan,3.0181283950805664,3.018129348754883,9.5367431640625e-07,nan,1,True,2024,512,crpa_contribution,0731c3deec4e
5,2,511,411,0.7631579041481018,nan,3.0181283950805664,3.018129348754883,9.5367431640625e-07,nan,1,True,2024,512,crpa_contribution,0731c3deec4e
5,2,511,388,0.7631579041481018,nan,3.0181283950805664,3.018129825592041,1.430511474609375e-06,nan,1,True,2024,512,crpa_contribution,0731c3deec4e
5,2,511,478,0.7631579041481018,nan,3.0181283950805664,3.0181281566619873,-2.384185791015625e-07,nan,1,True,2024,512,crpa_contribution,0731c3deec4e
5,2,511,445,0.7631579041481018,nan,3.0181283950805664,3.018127679824829,-7.152557373046875e-07,nan,1,True,2024,512,crpa_contribution,0731c3deec4e
5,2,511,384,0.7631579041481018,nan,3.0181283950805664,3.018129587173462,1.1920928955078125e-06,nan,1,True,2024,512,crpa_contribution,0731c3deec4e
5,2,511,447,0.7631579041481018,nan,3.0181283950805664,3.0181283950805664,0.0,nan,1,True,2024,512,crpa_contribution,0731c3deec4e
5,2,511,446,0.7631579041481018,nan,3.0181283950805664,3.0181288719177246,4.76837158203125e-07,nan,1,True,2024,512,crpa_contribution,0731c3deec4e
5,2,511,433,0.7631579041481018,nan,3.0181283950805664,3.018129825592041,1.430511474609375e-06,nan,1,True,2024,512,crpa_contribution,0731c3deec4e
5,2,511,398,0.7631579041481018,nan,3.0181283950805664,3.0181283950805664,0.0,nan,1,True,2024,512,crpa_contribution,0731c3deec4e
5,2,511,431,0.7631579041481018,nan,3.0181283950805664,3.018129348754883,9.5367431640625e-07,nan,1,True,2024,512,crpa_contribution,0731c3deec4e
5,2,511,405,0.7631579041481018,nan,3.0181283950805664,3.018129348754883,9.5367431640625e-07,nan,1,True,2024,512,crpa_contribution,0731c3deec4e
5,2,511,467,0.7631579041481018,nan,3.0181283950805664,3.0181283950805664,0.0,nan,1,True,2024,512,crpa_contribution,0731c3deec4e
5,2,511,425,0.7631579041481018,nan,3.0181283950805664,3.0181286334991455,2.384185791015625e-07,nan,1,True,2024,512,crpa_contribution,0731c3deec4e
5,2,511,473,0.7631579041481018,nan,3.0181283950805664,3.0181281566619873,-2.384185791015625e-07,nan,1,True,2024,512,crpa_contribution,0731c3deec4e
5,2,511,458,0.7631579041481018,nan,3.0181283950805664,3.018127679824829,-7.152557373046875e-07,nan,1,True,2024,512,crpa_contribution,0731c3deec4e
5,2,511,404,0.7631579041481018,nan,3.0181283950805664,3.0181286334991455,2.384185791015625e-07,nan,1,True,2024,512,crpa_contribution,0731c3deec4e
5,2,511,502,0.7631579041481018,nan,3.0181283950805664,3.0181291103363037,7.152557373046875e-07,nan,1,True,2024,512,crpa_contribution,0731c3deec4e
5,2,511,471,0.7631579041481018,nan,3.0181283950805664,3.018129348754883,9.5367431640625e-07,nan,1,True,2024,512,crpa_contribution,0731c3deec4e
5,2,511,391,0.7631579041481018,nan,3.0181283950805664,3.018127918243408,-4.76837158203125e-07,nan,1,True,2024,512,crpa_contribution,0731c3deec4e
5,2,511,494,0.7631579041481018,nan,3.0181283950805664,3.018129825592041,1.430511474609375e-06,nan,1,True,2024,512,crpa_contribution,0731c3deec4e
5,2,511,468,0.7631579041481018,nan,3.0181283950805664,3.0181281566619873,-2.384185791015625e-07,nan,1,True,2024,512,crpa_contribution,0731c3deec4e
5,2,511,463,0.7631579041481018,nan,3.0181283950805664,3.0181291103363037,7.152557373046875e-07,nan,1,True,2024,512,crpa_contribution,0731c3deec4e
5,5,511,396,0.7407407164573669,nan,3.0181283950805664,3.018130302429199,1.9073486328125e-06,nan,1,True,2024,512,crpa_contribution,0731c3deec4e
5,5,511,473,0.7407407164573669,nan,3.0181283950805664,3.0181281566619873,-2.384185791015625e-07,nan,1,True,2024,512,crpa_contribution,0731c3deec4e
5,5,511,437,0.7407407164573669,nan,3.0181283950805664,3.018129348754883,9.5367431640625e-07,nan,1,True,2024,512,crpa_contribution,0731c3deec4e
5,5,511,402,0.7407407164573669,nan,3.0181283950805664,3.0181291103363037,7.152557373046875e-07,nan,1,True,2024,512,crpa_contribution,0731c3deec4e
5,5,511,497,0.7407407164573669,nan,3.0181283950805664,3.018127918243408,-4.76837158203125e-07,nan,1,True,2024,512,crpa_contribution,0731c3deec4e
5,5,511,476,0.7407407164573669,nan,3.0181283950805664,3.018127679824829,-7.152557373046875e-07,nan,1,True,2024,512,crpa_contribution,0731c3deec4e
5,5,511,461,0.7407407164573669,nan,3.0181283950805664,3.0181307792663574,2.384185791015625e-06,nan,1,True,2024,512,crpa_contribution,0731c3deec4e
5,5,511,453,0.7407407164573669,nan,3.0181283950805664,3.018129587173462,1.1920928955078125e-06,nan,1,True,2024,512,crpa_contribution,0731c3deec4e
5,5,511,385,0.7407407164573669,nan,3.0181283950805664,3.0181288719177246,4.76837158203125e-07,nan,1,True,2024,512,crpa_contribution,0731c3deec4e
5,5,511,471,0.7407407164573669,nan,3.0181283950805664,3.018129348754883,9.5367431640625e-07,nan,1,True,2024,512,crpa_contribution,0731c3deec4e
5,5,511,416,0.7407407164573669,nan,3.0181283950805664,3.0181283950805664,0.0,nan,1,True,2024,512,crpa_contribution,0731c3deec4e
5,5,511,419,0.7407407164573669,nan,3.0181283950805664,3.018129348754883,9.5367431640625e-07,nan,1,True,2024,512,crpa_contribution,0731c3deec4e
5,5,511,503,0.7407407164573669,nan,3.0181283950805664,3.0181288719177246,4.76837158203125e-07,nan,1,True,2024,512,crpa_contribution,0731c3deec4e
5,5,511,405,0.7407407164573669,nan,3.0181283950805664,3.018129825592041,1.430511474609375e-06,nan,1,True,2024,512,crpa_contribution,0731c3deec4e
5,5,511,460,0.7407407164573669,nan,3.0181283950805664,3.018129348754883,9.5367431640625e-07,nan,1,True,2024,512,crpa_contribution,0731c3deec4e
5,5,511,434,0.7407407164573669,nan,3.0181283950805664,3.0181283950805664,0.0,nan,1,True,2024,512,crpa_contribution,0731c3deec4e
5,5,511,399,0.7407407164573669,nan,3.0181283950805664,3.0181283950805664,0.0,nan,1,True,2024,512,crpa_contribution,0731c3deec4e
5,5,511,424,0.7407407164573669,nan,3.0181283950805664,3.0181286334991455,2.384185791015625e-07,nan,1,True,2024,512,crpa_contribution,0731c3deec4e
5,5,511,470,0.7407407164573669,nan,3.0181283950805664,3.0181283950805664,0.0,nan,1,True,2024,512,crpa_contribution,0731c3deec4e
5,5,511,474,0.7407407164573669,nan,3.0181283950805664,3.0181281566619873,-2.384185791015625e-07,nan,1,True,2024,512,crpa_contribution,0731c3deec4e
5,5,511,306,0.7407407164573669,nan,3.0181283950805664,3.0181288719177246,4.76837158203125e-07,nan,1,True,2024,512,crpa_contribution,0731c3deec4e
5,5,511,450,0.7407407164573669,nan,3.0181283950805664,3.0181288719177246,4.76837158203125e-07,nan,1,True,2024,512,crpa_contribution,0731c3deec4e
5,5,511,488,0.7407407164573669,nan,3.0181283950805664,3.018127202987671,-1.1920928955078125e-06,nan,1,True,2024,512,crpa_contribution,0731c3deec4e
5,5,511,484,0.7407407164573669,nan,3.0181283950805664,3.0181283950805664,0.0,nan,1,True,2024,512,crpa_contribution,0731c3deec4e
5,6,511,503,0.7297297120094299,nan,3.0181283950805664,3.018132209777832,3.814697265625e-06,nan,1,True,2024,512,crpa_contribution,0731c3deec4e
5,6,511,496,0.7297297120094299,nan,3.0181283950805664,3.018131732940674,3.337860107421875e-06,nan,1,True,2024,512,crpa_contribution,0731c3deec4e
5,6,511,440,0.7297297120094299,nan,3.0181283950805664,3.01813006401062,1.6689300537109375e-06,nan,1,True,2024,512,crpa_contribution,0731c3deec4e
5,6,511,489,0.7297297120094299,nan,3.0181283950805664,3.0181241035461426,-4.291534423828125e-06,nan,1,True,2024,512,crpa_contribution,0731c3deec4e
5,6,511,498,0.7297297120094299,nan,3.0181283950805664,3.018134117126465,5.7220458984375e-06,nan,1,True,2024,512,crpa_contribution,0731c3deec4e
5,6,511,458,0.7297297120094299,nan,3.0181283950805664,3.018129825592041,1.430511474609375e-06,nan,1,True,2024,512,crpa_contribution,0731c3deec4e
5,6,511,500,0.7297297120094299,nan,3.0181283950805664,3.0181286334991455,2.384185791015625e-07,nan,1,True,2024,512,crpa_contribution,0731c3deec4e
5,6,511,391,0.7297297120094299,nan,3.0181283950805664,3.018148183822632,1.9788742065429688e-05,nan,1,True,2024,512,crpa_contribution,0731c3deec4e
5,6,511,400,0.7297297120094299,nan,3.0181283950805664,3.018127679824829,-7.152557373046875e-07,nan,1,True,2024,512,crpa_contribution,0731c3deec4e
5,6,511,405,0.7297297120094299,nan,3.0181283950805664,3.0181283950805664,0.0,nan,1,True,2024,512,crpa_contribution,0731c3deec4e
5,6,511,390,0.7297297120094299,nan,3.0181283950805664,3.0181264877319336,-1.9073486328125e-06,nan,1,True,2024,512,crpa_contribution,0731c3deec4e
5,6,511,421,0.7297297120094299,nan,3.0181283950805664,3.018127918243408,-4.76837158203125e-07,nan,1,True,2024,512,crpa_contribution,0731c3deec4e
5,6,511,412,0.7297297120094299,nan,3.0181283950805664,3.0181305408477783,2.1457672119140625e-06,nan,1,True,2024,512,crpa_contribution,0731c3deec4e
5,6,511,411,0.7297297120094299,nan,3.0181283950805664,3.0181305408477783,2.1457672119140625e-06,nan,1,True,2024,512,crpa_contribution,0731c3deec4e
5,6,511,445,0.7297297120094299,nan,3.0181283950805664,3.0181283950805664,0.0,nan,1,True,2024,512,crpa_contribution,0731c3deec4e
5,6,511,102,0.7297297120094299,nan,3.0181283950805664,3.0181286334991455,2.384185791015625e-07,nan,1,True,2024,512,crpa_contribution,0731c3deec4e
5,6,511,394,0.7297297120094299,nan,3.0181283950805664,3.0181267261505127,-1.6689300537109375e-06,nan,1,True,2024,512,crpa_contribution,0731c3deec4e
5,6,511,413,0.7297297120094299,nan,3.0181283950805664,3.01812744140625,-9.5367431640625e-07,nan,1,True,2024,512,crpa_contribution,0731c3deec4e
5,6,511,468,0.7297297120094299,nan,3.0181283950805664,3.0181286334991455,2.384185791015625e-07,nan,1,True,2024,512,crpa_contribution,0731c3deec4e
5,6,511,463,0.7297297120094299,nan,3.0181283950805664,3.0181307792663574,2.384185791015625e-06,nan,1,True,2024,512,crpa_contribution,0731c3deec4e
5,6,511,494,0.7297297120094299,nan,3.0181283950805664,3.018131732940674,3.337860107421875e-06,nan,1,True,2024,512,crpa_contribution,0731c3deec4e
5,6,511,384,0.7297297120094299,nan,3.0181283950805664,3.0181283950805664,0.0,nan,1,True,2024,512,crpa_contribution,0731c3deec4e
5,6,511,404,0.7297297120094299,nan,3.0181283950805664,3.0181283950805664,0.0,nan,1,True,2024,512,crpa_contribution,0731c3deec4e
5,6,511,431,0.7297297120094299,nan,3.0181283950805664,3.0181312561035156,2.86102294921875e-06,nan,1,True,2024,512,crpa_contribution,0731c3deec4e
5,3,511,478,0.6724137663841248,nan,3.0181283950805664,3.018127918243408,-4.76837158203125e-07,nan,1,True,2024,512,crpa_contribution,0731c3deec4e
5,3,511,384,0.6724137663841248,nan,3.0181283950805664,3.018125057220459,-3.337860107421875e-06,nan,1,True,2024,512,crpa_contribution,0731c3deec4e
5,3,511,468,0.6724137663841248,nan,3.0181283950805664,3.018129587173462,1.1920928955078125e-06,nan,1,True,2024,512,crpa_contribution,0731c3deec4e
5,3,511,490,0.6724137663841248,nan,3.0181283950805664,3.018127679824829,-7.152557373046875e-07,nan,1,True,2024,512,crpa_contribution,0731c3deec4e
5,3,511,486,0.6724137663841248,nan,3.0181283950805664,3.0181281566619873,-2.384185791015625e-07,nan,1,True,2024,512,crpa_contribution,0731c3deec4e
5,3,511,412,0.6724137663841248,nan,3.0181283950805664,3.0181291103363037,7.152557373046875e-07,nan,1,True,2024,512,crpa_contribution,0731c3deec4e
5,3,511,420,0.6724137663841248,nan,3.0181283950805664,3.0181286334991455,2.384185791015625e-07,nan,1,True,2024,512,crpa_contribution,0731c3deec4e
5,3,511,507,0.6724137663841248,nan,3.0181283950805664,3.01812744140625,-9.5367431640625e-07,nan,1,True,2024,512,crpa_contribution,0731c3deec4e
5,3,511,467,0.6724137663841248,nan,3.0181283950805664,3.018127679824829,-7.152557373046875e-07,nan,1,True,2024,512,crpa_contribution,0731c3deec4e
5,3,511,477,0.6724137663841248,nan,3.0181283950805664,3.0181281566619873,-2.384185791015625e-07,nan,1,True,2024,512,crpa_contribution,0731c3deec4e
5,3,511,506,0.6724137663841248,nan,3.0181283950805664,3.0181286334991455,2.384185791015625e-07,nan,1,True,2024,512,crpa_contribution,0731c3deec4e
5,3,511,427,0.6724137663841248,nan,3.0181283950805664,3.0181281566619873,-2.384185791015625e-07,nan,1,True,2024,512,crpa_contribution,0731c3deec4e
5,3,511,386,0.6724137663841248,nan,3.0181283950805664,3.0181288719177246,4.76837158203125e-07,nan,1,True,2024,512,crpa_contribution,0731c3deec4e
5,3,511,390,0.6724137663841248,nan,3.0181283950805664,3.0181350708007812,6.67572021484375e-06,nan,1,True,2024,512,crpa_contribution,0731c3deec4e
5,3,511,485,0.6724137663841248,nan,3.0181283950805664,3.0181267261505127,-1.6689300537109375e-06,nan,1,True,2024,512,crpa_contribution,0731c3deec4e
5,3,511,482,0.6724137663841248,nan,3.0181283950805664,3.0181283950805664,0.0,nan,1,True,2024,512,crpa_contribution,0731c3deec4e
5,3,511,492,0.6724137663841248,nan,3.0181283950805664,3.018126964569092,-1.430511474609375e-06,nan,1,True,2024,512,crpa_contribution,0731c3deec4e
5,3,511,484,0.6724137663841248,nan,3.0181283950805664,3.018130302429199,1.9073486328125e-06,nan,1,True,2024,512,crpa_contribution,0731c3deec4e
5,3,511,503,0.6724137663841248,nan,3.0181283950805664,3.0181286334991455,2.384185791015625e-07,nan,1,True,2024,512,crpa_contribution,0731c3deec4e
5,3,511,494,0.6724137663841248,nan,3.0181283950805664,3.0181288719177246,4.76837158203125e-07,nan,1,True,2024,512,crpa_contribution,0731c3deec4e
5,3,511,483,0.6724137663841248,nan,3.0181283950805664,3.0181281566619873,-2.384185791015625e-07,nan,1,True,2024,512,crpa_contribution,0731c3deec4e
5,3,511,508,0.6724137663841248,nan,3.0181283950805664,3.0181262493133545,-2.1457672119140625e-06,nan,1,True,2024,512,crpa_contribution,0731c3deec4e
5,3,511,475,0.6724137663841248,nan,3.0181283950805664,3.0181291103363037,7.152557373046875e-07,nan,1,True,2024,512,crpa_contribution,0731c3deec4e
5,3,511,491,0.6724137663841248,nan,3.0181283950805664,3.0181312561035156,2.86102294921875e-06,nan,1,True,2024,512,crpa_contribution,0731c3deec4e
5,0,511,490,0.6363636255264282,nan,3.0181283950805664,3.0181291103363037,7.152557373046875e-07,nan,1,True,2024,512,crpa_contribution,0731c3deec4e
5,0,511,486,0.6363636255264282,nan,3.0181283950805664,3.01812744140625,-9.5367431640625e-07,nan,1,True,2024,512,crpa_contribution,0731c3deec4e
5,0,511,420,0.6363636255264282,nan,3.0181283950805664,3.018129825592041,1.430511474609375e-06,nan,1,True,2024,512,crpa_contribution,0731c3deec4e
5,0,511,485,0.6363636255264282,nan,3.0181283950805664,3.0181329250335693,4.5299530029296875e-06,nan,1,True,2024,512,crpa_contribution,0731c3deec4e
5,0,511,476,0.6363636255264282,nan,3.0181283950805664,3.018129587173462,1.1920928955078125e-06,nan,1,True,2024,512,crpa_contribution,0731c3deec4e
5,0,511,495,0.6363636255264282,nan,3.0181283950805664,3.0181288719177246,4.76837158203125e-07,nan,1,True,2024,512,crpa_contribution,0731c3deec4e
5,0,511,385,0.6363636255264282,nan,3.0181283950805664,3.018129825592041,1.430511474609375e-06,nan,1,True,2024,512,crpa_contribution,0731c3deec4e
5,0,511,503,0.6363636255264282,nan,3.0181283950805664,3.0181307792663574,2.384185791015625e-06,nan,1,True,2024,512,crpa_contribution,0731c3deec4e
5,0,511,384,0.6363636255264282,nan,3.0181283950805664,3.0181288719177246,4.76837158203125e-07,nan,1,True,2024,512,crpa_contribution,0731c3deec4e
5,0,511,504,0.6363636255264282,nan,3.0181283950805664,3.0181283950805664,0.0,nan,1,True,2024,512,crpa_contribution,0731c3deec4e
5,0,511,507,0.6363636255264282,nan,3.0181283950805664,3.018127918243408,-4.76837158203125e-07,nan,1,True,2024,512,crpa_contribution,0731c3deec4e
5,0,511,472,0.6363636255264282,nan,3.0181283950805664,3.0181291103363037,7.152557373046875e-07,nan,1,True,2024,512,crpa_contribution,0731c3deec4e
5,0,511,412,0.6363636255264282,nan,3.0181283950805664,3.018129825592041,1.430511474609375e-06,nan,1,True,2024,512,crpa_contribution,0731c3deec4e
5,0,511,411,0.6363636255264282,nan,3.0181283950805664,3.018127679824829,-7.152557373046875e-07,nan,1,True,2024,512,crpa_contribution,0731c3deec4e
5,0,511,499,0.6363636255264282,nan,3.0181283950805664,3.0181281566619873,-2.384185791015625e-07,nan,1,True,2024,512,crpa_contribution,0731c3deec4e
5,0,511,475,0.6363636255264282,nan,3.0181283950805664,3.0181283950805664,0.0,nan,1,True,2024,512,crpa_contribution,0731c3deec4e
5,0,511,493,0.6363636255264282,nan,3.0181283950805664,3.018127679824829,-7.152557373046875e-07,nan,1,True,2024,512,crpa_contribution,0731c3deec4e
5,0,511,458,0.6363636255264282,nan,3.0181283950805664,3.018129348754883,9.5367431640625e-07,nan,1,True,2024,512,crpa_contribution,0731c3deec4e
5,0,511,435,0.6363636255264282,nan,3.0181283950805664,3.018129825592041,1.430511474609375e-06,nan,1,True,2024,512,crpa_contribution,0731c3deec4e
5,0,511,463,0.6363636255264282,nan,3.0181283950805664,3.01812744140625,-9.5367431640625e-07,nan,1,True,2024,512,crpa_contribution,0731c3deec4e
5,0,511,449,0.6363636255264282,nan,3.0181283950805664,3.018129587173462,1.1920928955078125e-06,nan,1,True,2024,512,crpa_contribution,0731c3deec4e
5,0,511,466,0.6363636255264282,nan,3.0181283950805664,3.0181291103363037,7.152557373046875e-07,nan,1,True,2024,512,crpa_contribution,0731c3deec4e
5,0,511,494,0.6363636255264282,nan,3.0181283950805664,3.0181288719177246,4.76837158203125e-07,nan,1,True,2024,512,crpa_contribution,0731c3deec4e
5,0,511,404,0.6363636255264282,nan,3.0181283950805664,3.018129587173462,1.1920928955078125e-06,nan,1,True,2024,512,crpa_contribution,0731c3deec4e
5,4,511,499,0.4017857015132904,nan,3.0181283950805664,3.0181281566619873,-2.384185791015625e-07,nan,1,True,2024,512,crpa_contribution,0731c3deec4e
5,4,511,507,0.4017857015132904,nan,3.0181283950805664,3.018127918243408,-4.76837158203125e-07,nan,1,True,2024,512,crpa_contribution,0731c3deec4e
5,4,511,503,0.4017857015132904,nan,3.0181283950805664,3.0181283950805664,0.0,nan,1,True,2024,512,crpa_contribution,0731c3deec4e
5,4,511,411,0.4017857015132904,nan,3.0181283950805664,3.0181288719177246,4.76837158203125e-07,nan,1,True,2024,512,crpa_contribution,0731c3deec4e
5,4,511,476,0.4017857015132904,nan,3.0181283950805664,3.018127918243408,-4.76837158203125e-07,nan,1,True,2024,512,crpa_contribution,0731c3deec4e
5,4,511,445,0.4017857015132904,nan,3.0181283950805664,3.0181288719177246,4.76837158203125e-07,nan,1,True,2024,512,crpa_contribution,0731c3deec4e
5,4,511,468,0.4017857015132904,nan,3.0181283950805664,3.018129825592041,1.430511474609375e-06,nan,1,True,2024,512,crpa_contribution,0731c3deec4e
5,4,511,393,0.4017857015132904,nan,3.0181283950805664,3.0181310176849365,2.6226043701171875e-06,nan,1,True,2024,512,crpa_contribution,0731c3deec4e
5,4,511,465,0.4017857015132904,nan,3.0181283950805664,3.0181283950805664,0.0,nan,1,True,2024,512,crpa_contribution,0731c3deec4e
5,4,511,400,0.4017857015132904,nan,3.0181283950805664,3.01813006401062,1.6689300537109375e-06,nan,1,True,2024,512,crpa_contribution,0731c3deec4e
5,4,511,457,0.4017857015132904,nan,3.0181283950805664,3.018129825592041,1.430511474609375e-06,nan,1,True,2024,512,crpa_contribution,0731c3deec4e
5,4,511,449,0.4017857015132904,nan,3.0181283950805664,3.018129587173462,1.1920928955078125e-06,nan,1,True,2024,512,crpa_contribution,0731c3deec4e
5,4,511,497,0.4017857015132904,nan,3.0181283950805664,3.018127679824829,-7.152557373046875e-07,nan,1,True,2024,512,crpa_contribution,0731c3deec4e
5,4,511,410,0.4017857015132904,nan,3.0181283950805664,3.018129587173462,1.1920928955078125e-06,nan,1,True,2024,512,crpa_contribution,0731c3deec4e
5,4,511,498,0.4017857015132904,nan,3.0181283950805664,3.018127918243408,-4.76837158203125e-07,nan,1,True,2024,512,crpa_contribution,0731c3deec4e
5,4,511,470,0.4017857015132904,nan,3.0181283950805664,3.018127679824829,-7.152557373046875e-07,nan,1,True,2024,512,crpa_contribution,0731c3deec4e
5,4,511,455,0.4017857015132904,nan,3.0181283950805664,3.0181283950805664,0.0,nan,1,True,2024,512,crpa_contribution,0731c3deec4e
5,4,511,427,0.4017857015132904,nan,3.0181283950805664,3.018127918243408,-4.76837158203125e-07,nan,1,True,2024,512,crpa_contribution,0731c3deec4e
5,4,511,482,0.4017857015132904,nan,3.0181283950805664,3.018126964569092,-1.430511474609375e-06,nan,1,True,2024,512,crpa_contribution,0731c3deec4e
5,4,511,471,0.4017857015132904,nan,3.0181283950805664,3.0181283950805664,0.0,nan,1,True,2024,512,crpa_contribution,0731c3deec4e
5,4,511,421,0.4017857015132904,nan,3.0181283950805664,3.018130302429199,1.9073486328125e-06,nan,1,True,2024,512,crpa_contribution,0731c3deec4e
5,4,511,473,0.4017857015132904,nan,3.0181283950805664,3.018129348754883,9.5367431640625e-07,nan,1,True,2024,512,crpa_contribution,0731c3deec4e
5,4,511,405,0.4017857015132904,nan,3.0181283950805664,3.01813006401062,1.6689300537109375e-06,nan,1,True,2024,512,crpa_contribution,0731c3deec4e
5,4,511,502,0.4017857015132904,nan,3.0181283950805664,3.0181288719177246,4.76837158203125e-07,nan,1,True,2024,512,crpa_contribution,0731c3deec4e
