layer,head,query,key,overlap,row_pair_overlap,baseline_loss,intervened_loss,delta_loss,retrieval_effect,n_intervened,suppressible,seed,context_length,variant,run_id
0,3,3,1,1.0,nan,6.605259418487549,6.605358123779297,9.870529174804688e-05,nan,1,True,42,512,crpa_contribution,7da51e1b4d30
0,3,200,184,0.8387096524238586,nan,6.605259418487549,6.605260372161865,9.5367431640625e-07,nan,1,True,42,512,crpa_contribution,7da51e1b4d30
0,3,27,22,0.8181818127632141,nan,6.605259418487549,6.6052656173706055,6.198883056640625e-06,nan,1,True,42,512,crpa_contribution,7da51e1b4d30
0,6,424,409,0.8181818127632141,nan,6.605259418487549,6.60526180267334,2.384185791015625e-06,nan,1,True,42,512,crpa_contribution,7da51e1b4d30
0,4,83,68,0.8148148059844971,nan,6.605259418487549,6.605261325836182,1.9073486328125e-06,nan,1,True,42,512,crpa_contribution,7da51e1b4d30
0,4,24,13,0.800000011920929,nan,6.605259418487549,6.605255603790283,-3.814697265625e-06,nan,1,True,42,512,crpa_contribution,7da51e1b4d30
0,4,29,7,0.800000011920929,nan,6.605259418487549,6.605259418487549,0.0,nan,1,True,42,512,crpa_contribution,7da51e1b4d30
0,2,51,21,0.7727272510528564,nan,6.605259418487549,6.605249881744385,-9.5367431640625e-06,nan,1,True,42,512,crpa_contribution,7da51e1b4d30
0,7,173,135,0.7727272510528564,nan,6.605259418487549,6.605259895324707,4.76837158203125e-07,nan,1,True,42,512,crpa_contribution,7da51e1b4d30
0,6,455,388,0.7714285850524902,nan,6.605259418487549,6.605257511138916,-1.9073486328125e-06,nan,1,True,42,512,crpa_contribution,7da51e1b4d30
0,6,455,420,0.7714285850524902,nan,6.605259418487549,6.605259895324707,4.76837158203125e-07,nan,1,True,42,512,crpa_contribution,7da51e1b4d30
0,7,26,2,0.7692307829856873,nan,6.605259418487549,6.605258941650391,-4.76837158203125e-07,nan,1,True,42,512,crpa_contribution,7da51e1b4d30
0,2,41,15,0.7647058963775635,nan,6.605259418487549,6.605260372161865,9.5367431640625e-07,nan,1,True,42,512,crpa_contribution,7da51e1b4d30
0,3,47,24,0.761904776096344,nan,6.605259418487549,6.605261325836182,1.9073486328125e-06,nan,1,True,42,512,crpa_contribution,7da51e1b4d30
0,4,243,197,0.761904776096344,nan,6.605259418487549,6.605258941650391,-4.76837158203125e-07,nan,1,True,42,512,crpa_contribution,7da51e1b4d30
0,3,240,155,0.7599999904632568,nan,6.605259418487549,6.60526180267334,2.384185791015625e-06,nan,1,True,42,512,crpa_contribution,7da51e1b4d30
0,0,8,1,0.75,nan,6.605259418487549,6.605241775512695,-1.7642974853515625e-05,nan,1,True,42,512,crpa_contribution,7da51e1b4d30
0,0,6,6,0.75,nan,6.605259418487549,6.605371475219727,0.00011205673217773438,nan,1,True,42,512,crpa_contribution,7da51e1b4d30
0,0,11,0,0.75,nan,6.605259418487549,6.6052775382995605,1.811981201171875e-05,nan,1,True,42,512,crpa_contribution,7da51e1b4d30
0,2,8,3,0.75,nan,6.605259418487549,6.60526180267334,2.384185791015625e-06,nan,1,True,42,512,crpa_contribution,7da51e1b4d30
0,4,183,158,0.75,nan,6.605259418487549,6.605259895324707,4.76837158203125e-07,nan,1,True,42,512,crpa_contribution,7da51e1b4d30
0,4,7,4,0.75,nan,6.605259418487549,6.605264663696289,5.245208740234375e-06,nan,1,True,42,512,crpa_contribution,7da51e1b4d30
0,5,271,257,0.75,nan,6.605259418487549,6.605260372161865,9.5367431640625e-07,nan,1,True,42,512,crpa_contribution,7da51e1b4d30
0,7,236,231,0.75,nan,6.605259418487549,6.605259895324707,4.76837158203125e-07,nan,1,True,42,512,crpa_contribution,7da51e1b4d30
0,5,377,332,0.7446808218955994,nan,6.605259418487549,6.605257034301758,-2.384185791015625e-06,nan,1,True,42,512,crpa_contribution,7da51e1b4d30
0,3,78,25,0.7428571581840515,nan,6.605259418487549,6.605259895324707,4.76837158203125e-07,nan,1,True,42,512,crpa_contribution,7da51e1b4d30
0,3,97,86,0.739130437374115,nan,6.605259418487549,6.605258941650391,-4.76837158203125e-07,nan,1,True,42,512,crpa_contribution,7da51e1b4d30
0,6,103,92,0.739130437374115,nan,6.605259418487549,6.605259418487549,0.0,nan,1,True,42,512,crpa_contribution,7da51e1b4d30
0,6,110,56,0.739130437374115,nan,6.605259418487549,6.605259895324707,4.76837158203125e-07,nan,1,True,42,512,crpa_contribution,7da51e1b4d30
0,1,80,26,0.7333333492279053,nan,6.605259418487549,6.605252742767334,-6.67572021484375e-06,nan,1,True,42,512,crpa_contribution,7da51e1b4d30
0,1,80,54,0.7333333492279053,nan,6.605259418487549,6.605259895324707,4.76837158203125e-07,nan,1,True,42,512,crpa_contribution,7da51e1b4d30
0,1,80,43,0.7333333492279053,nan,6.605259418487549,6.60526180267334,2.384185791015625e-06,nan,1,True,42,512,crpa_contribution,7da51e1b4d30
0,1,93,48,0.7333333492279053,nan,6.605259418487549,6.605258941650391,-4.76837158203125e-07,nan,1,True,42,512,crpa_contribution,7da51e1b4d30
0,4,51,46,0.7272727489471436,nan,6.605259418487549,6.60526180267334,2.384185791015625e-06,nan,1,True,42,512,crpa_contribution,7da51e1b4d30
0,0,444,102,0.7200000286102295,nan,6.605259418487549,6.605258941650391,-4.76837158203125e-07,nan,1,True,42,512,crpa_contribution,7da51e1b4d30
0,6,459,417,0.7179487347602844,nan,6.605259418487549,6.605259895324707,4.76837158203125e-07,nan,1,True,42,512,crpa_contribution,7da51e1b4d30
0,6,325,275,0.7179487347602844,nan,6.605259418487549,6.605260372161865,9.5367431640625e-07,nan,1,True,42,512,crpa_contribution,7da51e1b4d30
0,6,459,458,0.7179487347602844,nan,6.605259418487549,6.605260372161865,9.5367431640625e-07,nan,1,True,42,512,crpa_contribution,7da51e1b4d30
0,6,32,1,0.7142857313156128,nan,6.605259418487549,6.605266571044922,7.152557373046875e-06,nan,1,True,42,512,crpa_contribution,7da51e1b4d30
0,7,346,294,0.7083333134651184,nan,6.605259418487549,6.605260372161865,9.5367431640625e-07,nan,1,True,42,512,crpa_contribution,7da51e1b4d30
0,7,411,394,0.7058823704719543,nan,6.605259418487549,6.60526180267334,2.384185791015625e-06,nan,1,True,42,512,crpa_contribution,7da51e1b4d30
0,3,123,59,0.7037037014961243,nan,6.605259418487549,6.605260372161865,9.5367431640625e-07,nan,1,True,42,512,crpa_contribution,7da51e1b4d30
0,3,119,100,0.7037037014961243,nan,6.605259418487549,6.605258941650391,-4.76837158203125e-07,nan,1,True,42,512,crpa_contribution,7da51e1b4d30
0,2,482,387,0.699999988079071,nan,6.605259418487549,6.605259418487549,0.0,nan,1,True,42,512,crpa_contribution,7da51e1b4d30
0,7,399,389,0.699999988079071,nan,6.605259418487549,6.605258941650391,-4.76837158203125e-07,nan,1,True,42,512,crpa_contribution,7da51e1b4d30
0,6,192,164,0.6969696879386902,nan,6.605259418487549,6.6052632331848145,3.814697265625e-06,nan,1,True,42,512,crpa_contribution,7da51e1b4d30
0,2,436,387,0.695652186870575,nan,6.605259418487549,6.605258464813232,-9.5367431640625e-07,nan,1,True,42,512,crpa_contribution,7da51e1b4d30
0,4,84,58,0.6944444179534912,nan,6.605259418487549,6.60526180267334,2.384185791015625e-06,nan,1,True,42,512,crpa_contribution,7da51e1b4d30
0,4,79,21,0.6944444179534912,nan,6.605259418487549,6.605259895324707,4.76837158203125e-07,nan,1,True,42,512,crpa_contribution,7da51e1b4d30
0,5,374,312,0.6904761791229248,nan,6.605259418487549,6.605258941650391,-4.76837158203125e-07,nan,1,True,42,512,crpa_contribution,7da51e1b4d30
0,3,320,262,0.6896551847457886,nan,6.605259418487549,6.605260372161865,9.5367431640625e-07,nan,1,True,42,512,crpa_contribution,7da51e1b4d30
0,0,406,388,0.6875,nan,6.605259418487549,6.605278491973877,1.9073486328125e-05,nan,1,True,42,512,crpa_contribution,7da51e1b4d30
0,3,323,263,0.6875,nan,6.605259418487549,6.60526180267334,2.384185791015625e-06,nan,1,True,42,512,crpa_contribution,7da51e1b4d30
0,7,281,261,0.6875,nan,6.605259418487549,6.605261325836182,1.9073486328125e-06,nan,1,True,42,512,crpa_contribution,7da51e1b4d30
0,4,236,209,0.686274528503418,nan,6.605259418487549,6.605259895324707,4.76837158203125e-07,nan,1,True,42,512,crpa_contribution,7da51e1b4d30
0,1,505,385,0.6857143044471741,nan,6.605259418487549,6.605259418487549,0.0,nan,1,True,42,512,crpa_contribution,7da51e1b4d30
0,3,211,168,0.6857143044471741,nan,6.605259418487549,6.605262279510498,2.86102294921875e-06,nan,1,True,42,512,crpa_contribution,7da51e1b4d30
0,4,73,31,0.6857143044471741,nan,6.605259418487549,6.605260372161865,9.5367431640625e-07,nan,1,True,42,512,crpa_contribution,7da51e1b4d30
0,4,255,156,0.6851851940155029,nan,6.605259418487549,6.605259418487549,0.0,nan,1,True,42,512,crpa_contribution,7da51e1b4d30
0,4,245,173,0.6851851940155029,nan,6.605259418487549,6.605259418487549,0.0,nan,1,True,42,512,crpa_contribution,7da51e1b4d30
0,4,170,137,0.6842105388641357,nan,6.605259418487549,6.605258941650391,-4.76837158203125e-07,nan,1,True,42,512,crpa_contribution,7da51e1b4d30
0,4,170,163,0.6842105388641357,nan,6.605259418487549,6.605259895324707,4.76837158203125e-07,nan,1,True,42,512,crpa_contribution,7da51e1b4d30
0,7,240,169,0.6792452931404114,nan,6.605259418487549,6.60526180267334,2.384185791015625e-06,nan,1,True,42,512,crpa_contribution,7da51e1b4d30
0,6,437,397,0.6785714030265808,nan,6.605259418487549,6.605265140533447,5.7220458984375e-06,nan,1,True,42,512,crpa_contribution,7da51e1b4d30
0,6,459,406,0.675000011920929,nan,6.605259418487549,6.605259418487549,0.0,nan,1,True,42,512,crpa_contribution,7da51e1b4d30
0,4,105,13,0.6744186282157898,nan,6.605259418487549,6.605260848999023,1.430511474609375e-06,nan,1,True,42,512,crpa_contribution,7da51e1b4d30
0,3,116,101,0.6730769276618958,nan,6.605259418487549,6.605259418487549,0.0,nan,1,True,42,512,crpa_contribution,7da51e1b4d30
0,6,245,225,0.6730769276618958,nan,6.605259418487549,6.605259418487549,0.0,nan,1,True,42,512,crpa_contribution,7da51e1b4d30
0,6,245,210,0.6730769276618958,nan,6.605259418487549,6.605260372161865,9.5367431640625e-07,nan,1,True,42,512,crpa_contribution,7da51e1b4d30
0,7,241,168,0.6727272868156433,nan,6.605259418487549,6.605260372161865,9.5367431640625e-07,nan,1,True,42,512,crpa_contribution,7da51e1b4d30
0,7,241,152,0.6727272868156433,nan,6.605259418487549,6.605259418487549,0.0,nan,1,True,42,512,crpa_contribution,7da51e1b4d30
0,3,371,367,0.6724137663841248,nan,6.605259418487549,6.605258941650391,-4.76837158203125e-07,nan,1,True,42,512,crpa_contribution,7da51e1b4d30
0,0,79,72,0.6666666865348816,nan,6.605259418487549,6.605259418487549,0.0,nan,1,True,42,512,crpa_contribution,7da51e1b4d30
0,1,8,6,0.6666666865348816,nan,6.605259418487549,6.605254650115967,-4.76837158203125e-06,nan,1,True,42,512,crpa_contribution,7da51e1b4d30
0,2,4,1,0.6666666865348816,nan,6.605259418487549,6.605245113372803,-1.430511474609375e-05,nan,1,True,42,512,crpa_contribution,7da51e1b4d30
0,2,426,397,0.6666666865348816,nan,6.605259418487549,6.605259895324707,4.76837158203125e-07,nan,1,True,42,512,crpa_contribution,7da51e1b4d30
0,3,430,418,0.6666666865348816,nan,6.605259418487549,6.605258464813232,-9.5367431640625e-07,nan,1,True,42,512,crpa_contribution,7da51e1b4d30
0,3,430,412,0.6666666865348816,nan,6.605259418487549,6.605258464813232,-9.5367431640625e-07,nan,1,True,42,512,crpa_contribution,7da51e1b4d30
0,3,355,261,0.6666666865348816,nan,6.605259418487549,6.605259895324707,4.76837158203125e-07,nan,1,True,42,512,crpa_contribution,7da51e1b4d30
0,3,454,431,0.6666666865348816,nan,6.605259418487549,6.605260372161865,9.5367431640625e-07,nan,1,True,42,512,crpa_contribution,7da51e1b4d30
0,3,95,66,0.6666666865348816,nan,6.605259418487549,6.605258941650391,-4.76837158203125e-07,nan,1,True,42,512,crpa_contribution,7da51e1b4d30
0,4,235,151,0.6666666865348816,nan,6.605259418487549,6.605259418487549,0.0,nan,1,True,42,512,crpa_contribution,7da51e1b4d30
0,4,40,9,0.6666666865348816,nan,6.605259418487549,6.605257511138916,-1.9073486328125e-06,nan,1,True,42,512,crpa_contribution,7da51e1b4d30
0,4,143,132,0.6666666865348816,nan,6.605259418487549,6.60526180267334,2.384185791015625e-06,nan,1,True,42,512,crpa_contribution,7da51e1b4d30
0,5,182,158,0.6666666865348816,nan,6.605259418487549,6.605262279510498,2.86102294921875e-06,nan,1,True,42,512,crpa_contribution,7da51e1b4d30
0,5,182,170,0.6666666865348816,nan,6.605259418487549,6.605262279510498,2.86102294921875e-06,nan,1,True,42,512,crpa_contribution,7da51e1b4d30
0,5,19,15,0.6666666865348816,nan,6.605259418487549,6.605258941650391,-4.76837158203125e-07,nan,1,True,42,512,crpa_contribution,7da51e1b4d30
0,5,52,1,0.6666666865348816,nan,6.605259418487549,6.605260372161865,9.5367431640625e-07,nan,1,True,42,512,crpa_contribution,7da51e1b4d30
0,6,2,2,0.6666666865348816,nan,6.605259418487549,6.6053690910339355,0.00010967254638671875,nan,1,True,42,512,crpa_contribution,7da51e1b4d30
0,6,126,100,0.6666666865348816,nan,6.605259418487549,6.605259895324707,4.76837158203125e-07,nan,1,True,42,512,crpa_contribution,7da51e1b4d30
0,6,4,4,0.6666666865348816,nan,6.605259418487549,6.605404376983643,0.00014495849609375,nan,1,True,42,512,crpa_contribution,7da51e1b4d30
0,6,123,42,0.6666666865348816,nan,6.605259418487549,6.605259418487549,0.0,nan,1,True,42,512,crpa_contribution,7da51e1b4d30
0,7,5,2,0.6666666865348816,nan,6.605259418487549,6.605335712432861,7.62939453125e-05,nan,1,True,42,512,crpa_contribution,7da51e1b4d30
0,7,207,137,0.6666666865348816,nan,6.605259418487549,6.605259418487549,0.0,nan,1,True,42,512,crpa_contribution,7da51e1b4d30
0,7,3,1,0.6666666865348816,nan,6.605259418487549,6.6053338050842285,7.43865966796875e-05,nan,1,True,42,512,crpa_contribution,7da51e1b4d30
0,3,70,20,0.6571428775787354,nan,6.605259418487549,6.605262279510498,2.86102294921875e-06,nan,1,True,42,512,crpa_contribution,7da51e1b4d30
0,3,70,15,0.6571428775787354,nan,6.605259418487549,6.605259418487549,0.0,nan,1,True,42,512,crpa_contribution,7da51e1b4d30
0,2,318,278,0.65625,nan,6.605259418487549,6.605259895324707,4.76837158203125e-07,nan,1,True,42,512,crpa_contribution,7da51e1b4d30
0,6,326,274,0.65625,nan,6.605259418487549,6.605260848999023,1.430511474609375e-06,nan,1,True,42,512,crpa_contribution,7da51e1b4d30
0,0,189,139,0.6551724076271057,nan,6.605259418487549,6.605257511138916,-1.9073486328125e-06,nan,1,True,42,512,crpa_contribution,7da51e1b4d30
0,4,255,238,0.6551724076271057,nan,6.605259418487549,6.605260372161865,9.5367431640625e-07,nan,1,True,42,512,crpa_contribution,7da51e1b4d30
0,3,377,287,0.6545454263687134,nan,6.605259418487549,6.605259418487549,0.0,nan,1,True,42,512,crpa_contribution,7da51e1b4d30
0,3,377,305,0.6545454263687134,nan,6.605259418487549,6.605259895324707,4.76837158203125e-07,nan,1,True,42,512,crpa_contribution,7da51e1b4d30
0,3,217,213,0.6511628031730652,nan,6.605259418487549,6.605259418487549,0.0,nan,1,True,42,512,crpa_contribution,7da51e1b4d30
0,7,43,28,0.6499999761581421,nan,6.605259418487549,6.605258941650391,-4.76837158203125e-07,nan,1,True,42,512,crpa_contribution,7da51e1b4d30
0,7,334,290,0.6499999761581421,nan,6.605259418487549,6.605258464813232,-9.5367431640625e-07,nan,1,True,42,512,crpa_contribution,7da51e1b4d30
0,6,359,354,0.6491228342056274,nan,6.605259418487549,6.605259895324707,4.76837158203125e-07,nan,1,True,42,512,crpa_contribution,7da51e1b4d30
0,4,75,62,0.6451612710952759,nan,6.605259418487549,6.605260848999023,1.430511474609375e-06,nan,1,True,42,512,crpa_contribution,7da51e1b4d30
0,6,248,172,0.6451612710952759,nan,6.605259418487549,6.605259418487549,0.0,nan,1,True,42,512,crpa_contribution,7da51e1b4d30
0,6,434,400,0.6451612710952759,nan,6.605259418487549,6.605258941650391,-4.76837158203125e-07,nan,1,True,42,512,crpa_contribution,7da51e1b4d30
0,6,434,434,0.6451612710952759,nan,6.605259418487549,6.605258941650391,-4.76837158203125e-07,nan,1,True,42,512,crpa_contribution,7da51e1b4d30
0,7,377,334,0.6440678238868713,nan,6.605259418487549,6.605259418487549,0.0,nan,1,True,42,512,crpa_contribution,7da51e1b4d30
0,1,405,393,0.6428571343421936,nan,6.605259418487549,6.605262756347656,3.337860107421875e-06,nan,1,True,42,512,crpa_contribution,7da51e1b4d30
0,2,311,283,0.6428571343421936,nan,6.605259418487549,6.605262279510498,2.86102294921875e-06,nan,1,True,42,512,crpa_contribution,7da51e1b4d30
0,6,114,77,0.6428571343421936,nan,6.605259418487549,6.605259895324707,4.76837158203125e-07,nan,1,True,42,512,crpa_contribution,7da51e1b4d30
0,2,149,139,0.6363636255264282,nan,6.605259418487549,6.605260372161865,9.5367431640625e-07,nan,1,True,42,512,crpa_contribution,7da51e1b4d30
0,2,450,447,0.6363636255264282,nan,6.605259418487549,6.605259418487549,0.0,nan,1,True,42,512,crpa_contribution,7da51e1b4d30
0,2,113,18,0.6363636255264282,nan,6.605259418487549,6.605259418487549,0.0,nan,1,True,42,512,crpa_contribution,7da51e1b4d30
0,2,113,14,0.6363636255264282,nan,6.605259418487549,6.605259895324707,4.76837158203125e-07,nan,1,True,42,512,crpa_contribution,7da51e1b4d30
0,2,144,144,0.6363636255264282,nan,6.605259418487549,6.60526180267334,2.384185791015625e-06,nan,1,True,42,512,crpa_contribution,7da51e1b4d30
0,4,28,17,0.6363636255264282,nan,6.605259418487549,6.605260372161865,9.5367431640625e-07,nan,1,True,42,512,crpa_contribution,7da51e1b4d30
0,4,402,397,0.6363636255264282,nan,6.605259418487549,6.605255126953125,-4.291534423828125e-06,nan,1,True,42,512,crpa_contribution,7da51e1b4d30
0,0,87,27,0.6341463327407837,nan,6.605259418487549,6.605259418487549,0.0,nan,1,True,42,512,crpa_contribution,7da51e1b4d30
0,1,195,185,0.6341463327407837,nan,6.605259418487549,6.605261325836182,1.9073486328125e-06,nan,1,True,42,512,crpa_contribution,7da51e1b4d30
0,5,345,303,0.6341463327407837,nan,6.605259418487549,6.605258941650391,-4.76837158203125e-07,nan,1,True,42,512,crpa_contribution,7da51e1b4d30
0,2,38,15,0.6315789222717285,nan,6.605259418487549,6.605263710021973,4.291534423828125e-06,nan,1,True,42,512,crpa_contribution,7da51e1b4d30
0,0,110,78,0.6296296119689941,nan,6.605259418487549,6.605262756347656,3.337860107421875e-06,nan,1,True,42,512,crpa_contribution,7da51e1b4d30
0,4,190,102,0.6296296119689941,nan,6.605259418487549,6.605258464813232,-9.5367431640625e-07,nan,1,True,42,512,crpa_contribution,7da51e1b4d30
0,0,366,345,0.6271186470985413,nan,6.605259418487549,6.605259895324707,4.76837158203125e-07,nan,1,True,42,512,crpa_contribution,7da51e1b4d30
0,0,16,4,0.625,nan,6.605259418487549,6.6052703857421875,1.0967254638671875e-05,nan,1,True,42,512,crpa_contribution,7da51e1b4d30
0,1,55,24,0.625,nan,6.605259418487549,6.605259418487549,0.0,nan,1,True,42,512,crpa_contribution,7da51e1b4d30
0,1,61,23,0.625,nan,6.605259418487549,6.605266571044922,7.152557373046875e-06,nan,1,True,42,512,crpa_contribution,7da51e1b4d30
0,2,177,130,0.625,nan,6.605259418487549,6.605260372161865,9.5367431640625e-07,nan,1,True,42,512,crpa_contribution,7da51e1b4d30
0,2,440,394,0.625,nan,6.605259418487549,6.605258941650391,-4.76837158203125e-07,nan,1,True,42,512,crpa_contribution,7da51e1b4d30
0,2,30,22,0.625,nan,6.605259418487549,6.60525369644165,-5.7220458984375e-06,nan,1,True,42,512,crpa_contribution,7da51e1b4d30
0,5,432,416,0.625,nan,6.605259418487549,6.605259895324707,4.76837158203125e-07,nan,1,True,42,512,crpa_contribution,7da51e1b4d30
0,5,440,439,0.625,nan,6.605259418487549,6.605259418487549,0.0,nan,1,True,42,512,crpa_contribution,7da51e1b4d30
0,5,181,131,0.625,nan,6.605259418487549,6.605266571044922,7.152557373046875e-06,nan,1,True,42,512,crpa_contribution,7da51e1b4d30
0,7,13,2,0.625,nan,6.605259418487549,6.605264186859131,4.76837158203125e-06,nan,1,True,42,512,crpa_contribution,7da51e1b4d30
0,7,83,21,0.625,nan,6.605259418487549,6.605261325836182,1.9073486328125e-06,nan,1,True,42,512,crpa_contribution,7da51e1b4d30
0,2,457,443,0.6216216087341309,nan,6.605259418487549,6.605258941650391,-4.76837158203125e-07,nan,1,True,42,512,crpa_contribution,7da51e1b4d30
0,2,344,332,0.6216216087341309,nan,6.605259418487549,6.605259418487549,0.0,nan,1,True,42,512,crpa_contribution,7da51e1b4d30
0,0,111,106,0.6206896305084229,nan,6.605259418487549,6.605259895324707,4.76837158203125e-07,nan,1,True,42,512,crpa_contribution,7da51e1b4d30
0,0,117,13,0.6206896305084229,nan,6.605259418487549,6.605259418487549,0.0,nan,1,True,42,512,crpa_contribution,7da51e1b4d30
0,2,57,6,0.6206896305084229,nan,6.605259418487549,6.605259895324707,4.76837158203125e-07,nan,1,True,42,512,crpa_contribution,7da51e1b4d30
0,2,418,397,0.6190476417541504,nan,6.605259418487549,6.605257511138916,-1.9073486328125e-06,nan,1,True,42,512,crpa_contribution,7da51e1b4d30
0,1,59,32,0.6176470518112183,nan,6.605259418487549,6.605259418487549,0.0,nan,1,True,42,512,crpa_contribution,7da51e1b4d30
0,1,25,0,0.6153846383094788,nan,6.605259418487549,6.605267524719238,8.106231689453125e-06,nan,1,True,42,512,crpa_contribution,7da51e1b4d30
0,5,193,165,0.6153846383094788,nan,6.605259418487549,6.605258464813232,-9.5367431640625e-07,nan,1,True,42,512,crpa_contribution,7da51e1b4d30
0,5,193,132,0.6153846383094788,nan,6.605259418487549,6.605262756347656,3.337860107421875e-06,nan,1,True,42,512,crpa_contribution,7da51e1b4d30
0,7,22,21,0.6153846383094788,nan,6.605259418487549,6.605257511138916,-1.9073486328125e-06,nan,1,True,42,512,crpa_contribution,7da51e1b4d30
0,2,448,434,0.6129032373428345,nan,6.605259418487549,6.605259895324707,4.76837158203125e-07,nan,1,True,42,512,crpa_contribution,7da51e1b4d30
0,2,237,170,0.6122449040412903,nan,6.605259418487549,6.605259895324707,4.76837158203125e-07,nan,1,True,42,512,crpa_contribution,7da51e1b4d30
0,0,39,29,0.6111111044883728,nan,6.605259418487549,6.605262279510498,2.86102294921875e-06,nan,1,True,42,512,crpa_contribution,7da51e1b4d30
0,1,33,27,0.6111111044883728,nan,6.605259418487549,6.6052632331848145,3.814697265625e-06,nan,1,True,42,512,crpa_contribution,7da51e1b4d30
0,7,286,264,0.6111111044883728,nan,6.605259418487549,6.605260372161865,9.5367431640625e-07,nan,1,True,42,512,crpa_contribution,7da51e1b4d30
0,0,417,411,0.6086956262588501,nan,6.605259418487549,6.605259418487549,0.0,nan,1,True,42,512,crpa_contribution,7da51e1b4d30
0,0,417,393,0.6086956262588501,nan,6.605259418487549,6.605262756347656,3.337860107421875e-06,nan,1,True,42,512,crpa_contribution,7da51e1b4d30
0,0,427,398,0.6086956262588501,nan,6.605259418487549,6.605260848999023,1.430511474609375e-06,nan,1,True,42,512,crpa_contribution,7da51e1b4d30
0,7,338,303,0.6071428656578064,nan,6.605259418487549,6.605257987976074,-1.430511474609375e-06,nan,1,True,42,512,crpa_contribution,7da51e1b4d30
0,5,465,398,0.6052631735801697,nan,6.605259418487549,6.605258464813232,-9.5367431640625e-07,nan,1,True,42,512,crpa_contribution,7da51e1b4d30
0,5,465,393,0.6052631735801697,nan,6.605259418487549,6.605258464813232,-9.5367431640625e-07,nan,1,True,42,512,crpa_contribution,7da51e1b4d30
0,7,94,19,0.604651153087616,nan,6.605259418487549,6.605260372161865,9.5367431640625e-07,nan,1,True,42,512,crpa_contribution,7da51e1b4d30
0,7,89,71,0.604651153087616,nan,6.605259418487549,6.605259895324707,4.76837158203125e-07,nan,1,True,42,512,crpa_contribution,7da51e1b4d30
0,0,249,197,0.60317462682724,nan,6.605259418487549,6.60525369644165,-5.7220458984375e-06,nan,1,True,42,512,crpa_contribution,7da51e1b4d30
0,7,371,319,0.60317462682724,nan,6.605259418487549,6.605258941650391,-4.76837158203125e-07,nan,1,True,42,512,crpa_contribution,7da51e1b4d30
0,0,357,334,0.6000000238418579,nan,6.605259418487549,6.605259418487549,0.0,nan,1,True,42,512,crpa_contribution,7da51e1b4d30
0,1,140,102,0.6000000238418579,nan,6.605259418487549,6.605258941650391,-4.76837158203125e-07,nan,1,True,42,512,crpa_contribution,7da51e1b4d30
0,1,244,232,0.6000000238418579,nan,6.605259418487549,6.605260372161865,9.5367431640625e-07,nan,1,True,42,512,crpa_contribution,7da51e1b4d30
0,5,202,135,0.6000000238418579,nan,6.605259418487549,6.605258464813232,-9.5367431640625e-07,nan,1,True,42,512,crpa_contribution,7da51e1b4d30
0,5,227,164,0.6000000238418579,nan,6.605259418487549,6.605259418487549,0.0,nan,1,True,42,512,crpa_contribution,7da51e1b4d30
0,5,474,434,0.6000000238418579,nan,6.605259418487549,6.605260372161865,9.5367431640625e-07,nan,1,True,42,512,crpa_contribution,7da51e1b4d30
0,5,474,388,0.6000000238418579,nan,6.605259418487549,6.605258941650391,-4.76837158203125e-07,nan,1,True,42,512,crpa_contribution,7da51e1b4d30
0,5,234,205,0.6000000238418579,nan,6.605259418487549,6.605255603790283,-3.814697265625e-06,nan,1,True,42,512,crpa_contribution,7da51e1b4d30
0,5,24,14,0.6000000238418579,nan,6.605259418487549,6.60525369644165,-5.7220458984375e-06,nan,1,True,42,512,crpa_contribution,7da51e1b4d30
0,5,473,423,0.6000000238418579,nan,6.605259418487549,6.605258464813232,-9.5367431640625e-07,nan,1,True,42,512,crpa_contribution,7da51e1b4d30
0,5,251,205,0.6000000238418579,nan,6.605259418487549,6.605260372161865,9.5367431640625e-07,nan,1,True,42,512,crpa_contribution,7da51e1b4d30
0,5,474,423,0.6000000238418579,nan,6.605259418487549,6.605258464813232,-9.5367431640625e-07,nan,1,True,42,512,crpa_contribution,7da51e1b4d30
0,1,104,10,0.5964912176132202,nan,6.605259418487549,6.605260372161865,9.5367431640625e-07,nan,1,True,42,512,crpa_contribution,7da51e1b4d30
0,1,212,137,0.5961538553237915,nan,6.605259418487549,6.605254650115967,-4.76837158203125e-06,nan,1,True,42,512,crpa_contribution,7da51e1b4d30
0,1,499,453,0.59375,nan,6.605259418487549,6.605259895324707,4.76837158203125e-07,nan,1,True,42,512,crpa_contribution,7da51e1b4d30
0,1,419,409,0.5925925970077515,nan,6.605259418487549,6.605266094207764,6.67572021484375e-06,nan,1,True,42,512,crpa_contribution,7da51e1b4d30
0,1,231,170,0.5901639461517334,nan,6.605259418487549,6.605258941650391,-4.76837158203125e-07,nan,1,True,42,512,crpa_contribution,7da51e1b4d30
0,1,40,4,0.5882353186607361,nan,6.605259418487549,6.605256080627441,-3.337860107421875e-06,nan,1,True,42,512,crpa_contribution,7da51e1b4d30
0,0,85,0,0.5869565010070801,nan,6.605259418487549,6.605260372161865,9.5367431640625e-07,nan,1,True,42,512,crpa_contribution,7da51e1b4d30
0,0,90,0,0.5869565010070801,nan,6.605259418487549,6.605258464813232,-9.5367431640625e-07,nan,1,True,42,512,crpa_contribution,7da51e1b4d30
0,0,50,21,0.5833333134651184,nan,6.605259418487549,6.605257511138916,-1.9073486328125e-06,nan,1,True,42,512,crpa_contribution,7da51e1b4d30
0,0,50,29,0.5833333134651184,nan,6.605259418487549,6.6052632331848145,3.814697265625e-06,nan,1,True,42,512,crpa_contribution,7da51e1b4d30
0,1,313,302,0.5833333134651184,nan,6.605259418487549,6.605261325836182,1.9073486328125e-06,nan,1,True,42,512,crpa_contribution,7da51e1b4d30
0,1,432,102,0.5833333134651184,nan,6.605259418487549,6.605261325836182,1.9073486328125e-06,nan,1,True,42,512,crpa_contribution,7da51e1b4d30
0,1,313,300,0.5833333134651184,nan,6.605259418487549,6.605258464813232,-9.5367431640625e-07,nan,1,True,42,512,crpa_contribution,7da51e1b4d30
0,0,211,210,0.5813953280448914,nan,6.605259418487549,6.605259418487549,0.0,nan,1,True,42,512,crpa_contribution,7da51e1b4d30
1,0,49,15,1.0,nan,6.605259418487549,6.605259418487549,0.0,nan,1,True,42,512,crpa_contribution,7da51e1b4d30
1,0,416,397,1.0,nan,6.605259418487549,6.605259418487549,0.0,nan,1,True,42,512,crpa_contribution,7da51e1b4d30
1,1,8,3,1.0,nan,6.605259418487549,6.605246543884277,-1.2874603271484375e-05,nan,1,True,42,512,crpa_contribution,7da51e1b4d30
1,1,8,7,1.0,nan,6.605259418487549,6.605251312255859,-8.106231689453125e-06,nan,1,True,42,512,crpa_contribution,7da51e1b4d30
1,1,2,0,1.0,nan,6.605259418487549,6.605278968811035,1.9550323486328125e-05,nan,1,True,42,512,crpa_contribution,7da51e1b4d30
1,3,7,4,1.0,nan,6.605259418487549,6.605262279510498,2.86102294921875e-06,nan,1,True,42,512,crpa_contribution,7da51e1b4d30
1,3,2,1,1.0,nan,6.605259418487549,6.605244159698486,-1.52587890625e-05,nan,1,True,42,512,crpa_contribution,7da51e1b4d30
1,4,2,1,1.0,nan,6.605259418487549,6.605260372161865,9.5367431640625e-07,nan,1,True,42,512,crpa_contribution,7da51e1b4d30
1,6,2,2,1.0,nan,6.605259418487549,6.605257987976074,-1.430511474609375e-06,nan,1,True,42,512,crpa_contribution,7da51e1b4d30
1,6,3,2,1.0,nan,6.605259418487549,6.60526704788208,7.62939453125e-06,nan,1,True,42,512,crpa_contribution,7da51e1b4d30
1,6,6,1,1.0,nan,6.605259418487549,6.605255126953125,-4.291534423828125e-06,nan,1,True,42,512,crpa_contribution,7da51e1b4d30
1,6,5,3,1.0,nan,6.605259418487549,6.605236530303955,-2.288818359375e-05,nan,1,True,42,512,crpa_contribution,7da51e1b4d30
1,0,79,50,0.9230769276618958,nan,6.605259418487549,6.605259895324707,4.76837158203125e-07,nan,1,True,42,512,crpa_contribution,7da51e1b4d30
1,0,79,21,0.9230769276618958,nan,6.605259418487549,6.605259895324707,4.76837158203125e-07,nan,1,True,42,512,crpa_contribution,7da51e1b4d30
1,7,17,2,0.875,nan,6.605259418487549,6.605259895324707,4.76837158203125e-07,nan,1,True,42,512,crpa_contribution,7da51e1b4d30
1,5,15,14,0.8571428656578064,nan,6.605259418487549,6.605264663696289,5.245208740234375e-06,nan,1,True,42,512,crpa_contribution,7da51e1b4d30
1,2,401,395,0.8333333134651184,nan,6.605259418487549,6.605259418487549,0.0,nan,1,True,42,512,crpa_contribution,7da51e1b4d30
1,3,426,395,0.8333333134651184,nan,6.605259418487549,6.605259895324707,4.76837158203125e-07,nan,1,True,42,512,crpa_contribution,7da51e1b4d30
1,1,17,7,0.800000011920929,nan,6.605259418487549,6.605260848999023,1.430511474609375e-06,nan,1,True,42,512,crpa_contribution,7da51e1b4d30
1,5,171,161,0.800000011920929,nan,6.605259418487549,6.605259418487549,0.0,nan,1,True,42,512,crpa_contribution,7da51e1b4d30
1,1,109,4,0.7666666507720947,nan,6.605259418487549,6.605259418487549,0.0,nan,1,True,42,512,crpa_contribution,7da51e1b4d30
1,5,69,45,0.761904776096344,nan,6.605259418487549,6.605259895324707,4.76837158203125e-07,nan,1,True,42,512,crpa_contribution,7da51e1b4d30
1,1,325,257,0.7599999904632568,nan,6.605259418487549,6.605259895324707,4.76837158203125e-07,nan,1,True,42,512,crpa_contribution,7da51e1b4d30
1,1,328,263,0.7599999904632568,nan,6.605259418487549,6.605259895324707,4.76837158203125e-07,nan,1,True,42,512,crpa_contribution,7da51e1b4d30
1,1,328,293,0.7599999904632568,nan,6.605259418487549,6.605259418487549,0.0,nan,1,True,42,512,crpa_contribution,7da51e1b4d30
1,0,278,266,0.75,nan,6.605259418487549,6.605259895324707,4.76837158203125e-07,nan,1,True,42,512,crpa_contribution,7da51e1b4d30
1,0,281,266,0.75,nan,6.605259418487549,6.605259418487549,0.0,nan,1,True,42,512,crpa_contribution,7da51e1b4d30
1,0,281,262,0.75,nan,6.605259418487549,6.605258941650391,-4.76837158203125e-07,nan,1,True,42,512,crpa_contribution,7da51e1b4d30
1,1,21,7,0.75,nan,6.605259418487549,6.605259418487549,0.0,nan,1,True,42,512,crpa_contribution,7da51e1b4d30
1,1,152,133,0.75,nan,6.605259418487549,6.605259895324707,4.76837158203125e-07,nan,1,True,42,512,crpa_contribution,7da51e1b4d30
1,1,152,142,0.75,nan,6.605259418487549,6.605260372161865,9.5367431640625e-07,nan,1,True,42,512,crpa_contribution,7da51e1b4d30
1,1,152,131,0.75,nan,6.605259418487549,6.605259895324707,4.76837158203125e-07,nan,1,True,42,512,crpa_contribution,7da51e1b4d30
1,1,11,7,0.75,nan,6.605259418487549,6.605257987976074,-1.430511474609375e-06,nan,1,True,42,512,crpa_contribution,7da51e1b4d30
1,3,38,37,0.75,nan,6.605259418487549,6.605259895324707,4.76837158203125e-07,nan,1,True,42,512,crpa_contribution,7da51e1b4d30
1,3,49,29,0.75,nan,6.605259418487549,6.605259895324707,4.76837158203125e-07,nan,1,True,42,512,crpa_contribution,7da51e1b4d30
1,4,54,33,0.75,nan,6.605259418487549,6.605260848999023,1.430511474609375e-06,nan,1,True,42,512,crpa_contribution,7da51e1b4d30
1,6,131,131,0.75,nan,6.605259418487549,6.605261325836182,1.9073486328125e-06,nan,1,True,42,512,crpa_contribution,7da51e1b4d30
1,5,229,182,0.7428571581840515,nan,6.605259418487549,6.605259418487549,0.0,nan,1,True,42,512,crpa_contribution,7da51e1b4d30
1,5,229,131,0.7428571581840515,nan,6.605259418487549,6.605259895324707,4.76837158203125e-07,nan,1,True,42,512,crpa_contribution,7da51e1b4d30
1,0,236,228,0.7368420958518982,nan,6.605259418487549,6.605259418487549,0.0,nan,1,True,42,512,crpa_contribution,7da51e1b4d30
1,0,236,177,0.7368420958518982,nan,6.605259418487549,6.605259418487549,0.0,nan,1,True,42,512,crpa_contribution,7da51e1b4d30
1,6,119,58,0.7368420958518982,nan,6.605259418487549,6.605259418487549,0.0,nan,1,True,42,512,crpa_contribution,7da51e1b4d30
1,7,107,1,0.7307692170143127,nan,6.605259418487549,6.605259895324707,4.76837158203125e-07,nan,1,True,42,512,crpa_contribution,7da51e1b4d30
1,3,27,11,0.7142857313156128,nan,6.605259418487549,6.605261325836182,1.9073486328125e-06,nan,1,True,42,512,crpa_contribution,7da51e1b4d30
1,4,169,149,0.7142857313156128,nan,6.605259418487549,6.605258464813232,-9.5367431640625e-07,nan,1,True,42,512,crpa_contribution,7da51e1b4d30
1,1,168,163,0.7058823704719543,nan,6.605259418487549,6.605260848999023,1.430511474609375e-06,nan,1,True,42,512,crpa_contribution,7da51e1b4d30
1,1,434,387,0.7058823704719543,nan,6.605259418487549,6.605259895324707,4.76837158203125e-07,nan,1,True,42,512,crpa_contribution,7da51e1b4d30
1,4,463,451,0.7058823704719543,nan,6.605259418487549,6.605259895324707,4.76837158203125e-07,nan,1,True,42,512,crpa_contribution,7da51e1b4d30
1,4,463,452,0.7058823704719543,nan,6.605259418487549,6.605259895324707,4.76837158203125e-07,nan,1,True,42,512,crpa_contribution,7da51e1b4d30
1,1,102,93,0.7037037014961243,nan,6.605259418487549,6.605259895324707,4.76837158203125e-07,nan,1,True,42,512,crpa_contribution,7da51e1b4d30
1,0,154,129,0.699999988079071,nan,6.605259418487549,6.60526180267334,2.384185791015625e-06,nan,1,True,42,512,crpa_contribution,7da51e1b4d30
1,1,187,133,0.699999988079071,nan,6.605259418487549,6.605260848999023,1.430511474609375e-06,nan,1,True,42,512,crpa_contribution,7da51e1b4d30
1,7,75,22,0.695652186870575,nan,6.605259418487549,6.605259895324707,4.76837158203125e-07,nan,1,True,42,512,crpa_contribution,7da51e1b4d30
1,7,74,37,0.695652186870575,nan,6.605259418487549,6.605260372161865,9.5367431640625e-07,nan,1,True,42,512,crpa_contribution,7da51e1b4d30
1,7,74,2,0.695652186870575,nan,6.605259418487549,6.605259895324707,4.76837158203125e-07,nan,1,True,42,512,crpa_contribution,7da51e1b4d30
1,1,94,31,0.692307710647583,nan,6.605259418487549,6.605259418487549,0.0,nan,1,True,42,512,crpa_contribution,7da51e1b4d30
1,4,24,23,0.692307710647583,nan,6.605259418487549,6.605259895324707,4.76837158203125e-07,nan,1,True,42,512,crpa_contribution,7da51e1b4d30
1,1,498,426,0.6888889074325562,nan,6.605259418487549,6.605259418487549,0.0,nan,1,True,42,512,crpa_contribution,7da51e1b4d30
1,2,500,471,0.6888889074325562,nan,6.605259418487549,6.605259418487549,0.0,nan,1,True,42,512,crpa_contribution,7da51e1b4d30
1,2,500,402,0.6888889074325562,nan,6.605259418487549,6.605259418487549,0.0,nan,1,True,42,512,crpa_contribution,7da51e1b4d30
1,1,179,139,0.6875,nan,6.605259418487549,6.605259895324707,4.76837158203125e-07,nan,1,True,42,512,crpa_contribution,7da51e1b4d30
1,1,181,155,0.6875,nan,6.605259418487549,6.605259418487549,0.0,nan,1,True,42,512,crpa_contribution,7da51e1b4d30
1,2,38,33,0.6875,nan,6.605259418487549,6.605259895324707,4.76837158203125e-07,nan,1,True,42,512,crpa_contribution,7da51e1b4d30
1,6,292,274,0.6875,nan,6.605259418487549,6.605258941650391,-4.76837158203125e-07,nan,1,True,42,512,crpa_contribution,7da51e1b4d30
1,7,312,303,0.6842105388641357,nan,6.605259418487549,6.605259895324707,4.76837158203125e-07,nan,1,True,42,512,crpa_contribution,7da51e1b4d30
1,1,323,263,0.6818181872367859,nan,6.605259418487549,6.605259418487549,0.0,nan,1,True,42,512,crpa_contribution,7da51e1b4d30
1,5,192,130,0.6800000071525574,nan,6.605259418487549,6.605259895324707,4.76837158203125e-07,nan,1,True,42,512,crpa_contribution,7da51e1b4d30
1,6,305,259,0.6800000071525574,nan,6.605259418487549,6.605259418487549,0.0,nan,1,True,42,512,crpa_contribution,7da51e1b4d30
1,1,474,418,0.6785714030265808,nan,6.605259418487549,6.605259418487549,0.0,nan,1,True,42,512,crpa_contribution,7da51e1b4d30
1,1,468,443,0.6785714030265808,nan,6.605259418487549,6.605259895324707,4.76837158203125e-07,nan,1,True,42,512,crpa_contribution,7da51e1b4d30
1,0,69,59,0.6666666865348816,nan,6.605259418487549,6.605259895324707,4.76837158203125e-07,nan,1,True,42,512,crpa_contribution,7da51e1b4d30
1,3,9,3,0.6666666865348816,nan,6.605259418487549,6.605257034301758,-2.384185791015625e-06,nan,1,True,42,512,crpa_contribution,7da51e1b4d30
1,4,415,392,0.6666666865348816,nan,6.605259418487549,6.605259418487549,0.0,nan,1,True,42,512,crpa_contribution,7da51e1b4d30
1,4,6,2,0.6666666865348816,nan,6.605259418487549,6.605261325836182,1.9073486328125e-06,nan,1,True,42,512,crpa_contribution,7da51e1b4d30
1,4,3,0,0.6666666865348816,nan,6.605259418487549,6.605259895324707,4.76837158203125e-07,nan,1,True,42,512,crpa_contribution,7da51e1b4d30
1,5,4,3,0.6666666865348816,nan,6.605259418487549,6.6052656173706055,6.198883056640625e-06,nan,1,True,42,512,crpa_contribution,7da51e1b4d30
1,5,24,13,0.6666666865348816,nan,6.605259418487549,6.605259895324707,4.76837158203125e-07,nan,1,True,42,512,crpa_contribution,7da51e1b4d30
1,5,62,0,0.6666666865348816,nan,6.605259418487549,6.605260848999023,1.430511474609375e-06,nan,1,True,42,512,crpa_contribution,7da51e1b4d30
1,5,52,1,0.6666666865348816,nan,6.605259418487549,6.605259895324707,4.76837158203125e-07,nan,1,True,42,512,crpa_contribution,7da51e1b4d30
1,6,31,1,0.6666666865348816,nan,6.605259418487549,6.605258464813232,-9.5367431640625e-07,nan,1,True,42,512,crpa_contribution,7da51e1b4d30
1,7,19,7,0.6666666865348816,nan,6.605259418487549,6.60526180267334,2.384185791015625e-06,nan,1,True,42,512,crpa_contribution,7da51e1b4d30
1,7,325,294,0.6666666865348816,nan,6.605259418487549,6.605259895324707,4.76837158203125e-07,nan,1,True,42,512,crpa_contribution,7da51e1b4d30
1,4,87,23,0.6595744490623474,nan,6.605259418487549,6.605259418487549,0.0,nan,1,True,42,512,crpa_contribution,7da51e1b4d30
1,5,467,450,0.65625,nan,6.605259418487549,6.605259418487549,0.0,nan,1,True,42,512,crpa_contribution,7da51e1b4d30
1,6,86,26,0.65625,nan,6.605259418487549,6.605259895324707,4.76837158203125e-07,nan,1,True,42,512,crpa_contribution,7da51e1b4d30
1,2,69,43,0.6521739363670349,nan,6.605259418487549,6.605259418487549,0.0,nan,1,True,42,512,crpa_contribution,7da51e1b4d30
1,7,331,290,0.6521739363670349,nan,6.605259418487549,6.605259895324707,4.76837158203125e-07,nan,1,True,42,512,crpa_contribution,7da51e1b4d30
1,0,192,153,0.6499999761581421,nan,6.605259418487549,6.605259895324707,4.76837158203125e-07,nan,1,True,42,512,crpa_contribution,7da51e1b4d30
1,0,473,397,0.6470588445663452,nan,6.605259418487549,6.605259418487549,0.0,nan,1,True,42,512,crpa_contribution,7da51e1b4d30
1,2,126,82,0.6470588445663452,nan,6.605259418487549,6.605259418487549,0.0,nan,1,True,42,512,crpa_contribution,7da51e1b4d30
1,4,491,419,0.6470588445663452,nan,6.605259418487549,6.605259895324707,4.76837158203125e-07,nan,1,True,42,512,crpa_contribution,7da51e1b4d30
1,0,181,155,0.6428571343421936,nan,6.605259418487549,6.605259418487549,0.0,nan,1,True,42,512,crpa_contribution,7da51e1b4d30
1,6,30,29,0.6428571343421936,nan,6.605259418487549,6.605261325836182,1.9073486328125e-06,nan,1,True,42,512,crpa_contribution,7da51e1b4d30
1,6,126,7,0.6428571343421936,nan,6.605259418487549,6.605260848999023,1.430511474609375e-06,nan,1,True,42,512,crpa_contribution,7da51e1b4d30
1,7,351,339,0.6428571343421936,nan,6.605259418487549,6.605259895324707,4.76837158203125e-07,nan,1,True,42,512,crpa_contribution,7da51e1b4d30
1,5,238,203,0.6415094137191772,nan,6.605259418487549,6.605259418487549,0.0,nan,1,True,42,512,crpa_contribution,7da51e1b4d30
1,7,462,440,0.6399999856948853,nan,6.605259418487549,6.605259895324707,4.76837158203125e-07,nan,1,True,42,512,crpa_contribution,7da51e1b4d30
1,7,199,189,0.6399999856948853,nan,6.605259418487549,6.605259418487549,0.0,nan,1,True,42,512,crpa_contribution,7da51e1b4d30
1,3,435,397,0.6363636255264282,nan,6.605259418487549,6.605258464813232,-9.5367431640625e-07,nan,1,True,42,512,crpa_contribution,7da51e1b4d30
1,3,214,153,0.6363636255264282,nan,6.605259418487549,6.605259418487549,0.0,nan,1,True,42,512,crpa_contribution,7da51e1b4d30
1,6,360,354,0.6363636255264282,nan,6.605259418487549,6.605259895324707,4.76837158203125e-07,nan,1,True,42,512,crpa_contribution,7da51e1b4d30
1,7,36,4,0.6363636255264282,nan,6.605259418487549,6.605259418487549,0.0,nan,1,True,42,512,crpa_contribution,7da51e1b4d30
1,5,103,13,0.6333333253860474,nan,6.605259418487549,6.605259895324707,4.76837158203125e-07,nan,1,True,42,512,crpa_contribution,7da51e1b4d30
1,7,106,22,0.6333333253860474,nan,6.605259418487549,6.605259418487549,0.0,nan,1,True,42,512,crpa_contribution,7da51e1b4d30
1,0,82,16,0.6315789222717285,nan,6.605259418487549,6.605259418487549,0.0,nan,1,True,42,512,crpa_contribution,7da51e1b4d30
1,7,206,151,0.6315789222717285,nan,6.605259418487549,6.605259418487549,0.0,nan,1,True,42,512,crpa_contribution,7da51e1b4d30
1,7,84,20,0.6296296119689941,nan,6.605259418487549,6.605259895324707,4.76837158203125e-07,nan,1,True,42,512,crpa_contribution,7da51e1b4d30
1,4,122,25,0.6271186470985413,nan,6.605259418487549,6.605259418487549,0.0,nan,1,True,42,512,crpa_contribution,7da51e1b4d30
1,0,466,395,0.625,nan,6.605259418487549,6.605259418487549,0.0,nan,1,True,42,512,crpa_contribution,7da51e1b4d30
1,0,214,165,0.625,nan,6.605259418487549,6.605259418487549,0.0,nan,1,True,42,512,crpa_contribution,7da51e1b4d30
1,2,39,25,0.625,nan,6.605259418487549,6.605257987976074,-1.430511474609375e-06,nan,1,True,42,512,crpa_contribution,7da51e1b4d30
1,5,217,151,0.625,nan,6.605259418487549,6.605259895324707,4.76837158203125e-07,nan,1,True,42,512,crpa_contribution,7da51e1b4d30
1,5,96,26,0.625,nan,6.605259418487549,6.605259418487549,0.0,nan,1,True,42,512,crpa_contribution,7da51e1b4d30
1,6,20,11,0.625,nan,6.605259418487549,6.605262756347656,3.337860107421875e-06,nan,1,True,42,512,crpa_contribution,7da51e1b4d30
1,7,215,167,0.625,nan,6.605259418487549,6.605259418487549,0.0,nan,1,True,42,512,crpa_contribution,7da51e1b4d30
1,7,22,1,0.625,nan,6.605259418487549,6.605263710021973,4.291534423828125e-06,nan,1,True,42,512,crpa_contribution,7da51e1b4d30
1,7,22,20,0.625,nan,6.605259418487549,6.605258464813232,-9.5367431640625e-07,nan,1,True,42,512,crpa_contribution,7da51e1b4d30
1,7,335,298,0.625,nan,6.605259418487549,6.605259895324707,4.76837158203125e-07,nan,1,True,42,512,crpa_contribution,7da51e1b4d30
1,4,116,53,0.6226415038108826,nan,6.605259418487549,6.605259418487549,0.0,nan,1,True,42,512,crpa_contribution,7da51e1b4d30
1,4,105,12,0.6226415038108826,nan,6.605259418487549,6.605259895324707,4.76837158203125e-07,nan,1,True,42,512,crpa_contribution,7da51e1b4d30
1,4,116,29,0.6226415038108826,nan,6.605259418487549,6.605259418487549,0.0,nan,1,True,42,512,crpa_contribution,7da51e1b4d30
1,6,109,23,0.6216216087341309,nan,6.605259418487549,6.605259895324707,4.76837158203125e-07,nan,1,True,42,512,crpa_contribution,7da51e1b4d30
1,7,202,192,0.6206896305084229,nan,6.605259418487549,6.605259895324707,4.76837158203125e-07,nan,1,True,42,512,crpa_contribution,7da51e1b4d30
1,0,230,225,0.6153846383094788,nan,6.605259418487549,6.605259418487549,0.0,nan,1,True,42,512,crpa_contribution,7da51e1b4d30
1,7,192,136,0.6153846383094788,nan,6.605259418487549,6.605259895324707,4.76837158203125e-07,nan,1,True,42,512,crpa_contribution,7da51e1b4d30
1,4,77,74,0.6136363744735718,nan,6.605259418487549,6.605259418487549,0.0,nan,1,True,42,512,crpa_contribution,7da51e1b4d30
1,7,214,170,0.6129032373428345,nan,6.605259418487549,6.605259418487549,0.0,nan,1,True,42,512,crpa_contribution,7da51e1b4d30
1,2,169,167,0.6111111044883728,nan,6.605259418487549,6.605259895324707,4.76837158203125e-07,nan,1,True,42,512,crpa_contribution,7da51e1b4d30
1,2,173,151,0.6111111044883728,nan,6.605259418487549,6.605259418487549,0.0,nan,1,True,42,512,crpa_contribution,7da51e1b4d30
1,2,173,162,0.6111111044883728,nan,6.605259418487549,6.605260848999023,1.430511474609375e-06,nan,1,True,42,512,crpa_contribution,7da51e1b4d30
1,4,413,407,0.6111111044883728,nan,6.605259418487549,6.605260372161865,9.5367431640625e-07,nan,1,True,42,512,crpa_contribution,7da51e1b4d30
1,4,459,411,0.6111111044883728,nan,6.605259418487549,6.605259895324707,4.76837158203125e-07,nan,1,True,42,512,crpa_contribution,7da51e1b4d30
1,6,46,13,0.6111111044883728,nan,6.605259418487549,6.605259895324707,4.76837158203125e-07,nan,1,True,42,512,crpa_contribution,7da51e1b4d30
1,7,375,363,0.6097561120986938,nan,6.605259418487549,6.605259418487549,0.0,nan,1,True,42,512,crpa_contribution,7da51e1b4d30
1,2,435,422,0.6086956262588501,nan,6.605259418487549,6.605259895324707,4.76837158203125e-07,nan,1,True,42,512,crpa_contribution,7da51e1b4d30
1,5,312,281,0.6086956262588501,nan,6.605259418487549,6.605259418487549,0.0,nan,1,True,42,512,crpa_contribution,7da51e1b4d30
1,6,65,7,0.6086956262588501,nan,6.605259418487549,6.605259895324707,4.76837158203125e-07,nan,1,True,42,512,crpa_contribution,7da51e1b4d30
1,0,112,81,0.6071428656578064,nan,6.605259418487549,6.605259895324707,4.76837158203125e-07,nan,1,True,42,512,crpa_contribution,7da51e1b4d30
1,5,71,63,0.6071428656578064,nan,6.605259418487549,6.605259895324707,4.76837158203125e-07,nan,1,True,42,512,crpa_contribution,7da51e1b4d30
1,5,199,165,0.6071428656578064,nan,6.605259418487549,6.605259895324707,4.76837158203125e-07,nan,1,True,42,512,crpa_contribution,7da51e1b4d30
1,2,218,181,0.6052631735801697,nan,6.605259418487549,6.605259895324707,4.76837158203125e-07,nan,1,True,42,512,crpa_contribution,7da51e1b4d30
1,2,218,153,0.6052631735801697,nan,6.605259418487549,6.605259895324707,4.76837158203125e-07,nan,1,True,42,512,crpa_contribution,7da51e1b4d30
1,2,214,163,0.6052631735801697,nan,6.605259418487549,6.605258941650391,-4.76837158203125e-07,nan,1,True,42,512,crpa_contribution,7da51e1b4d30
1,5,81,45,0.6052631735801697,nan,6.605259418487549,6.605259895324707,4.76837158203125e-07,nan,1,True,42,512,crpa_contribution,7da51e1b4d30
1,6,218,129,0.6052631735801697,nan,6.605259418487549,6.605259895324707,4.76837158203125e-07,nan,1,True,42,512,crpa_contribution,7da51e1b4d30
1,2,122,94,0.6041666865348816,nan,6.605259418487549,6.605259418487549,0.0,nan,1,True,42,512,crpa_contribution,7da51e1b4d30
1,2,495,440,0.6041666865348816,nan,6.605259418487549,6.605259895324707,4.76837158203125e-07,nan,1,True,42,512,crpa_contribution,7da51e1b4d30
1,2,495,439,0.6041666865348816,nan,6.605259418487549,6.605262279510498,2.86102294921875e-06,nan,1,True,42,512,crpa_contribution,7da51e1b4d30
1,0,11,7,0.6000000238418579,nan,6.605259418487549,6.605260372161865,9.5367431640625e-07,nan,1,True,42,512,crpa_contribution,7da51e1b4d30
1,0,438,428,0.6000000238418579,nan,6.605259418487549,6.605258941650391,-4.76837158203125e-07,nan,1,True,42,512,crpa_contribution,7da51e1b4d30
1,0,339,293,0.6000000238418579,nan,6.605259418487549,6.605258941650391,-4.76837158203125e-07,nan,1,True,42,512,crpa_contribution,7da51e1b4d30
1,0,57,50,0.6000000238418579,nan,6.605259418487549,6.605259895324707,4.76837158203125e-07,nan,1,True,42,512,crpa_contribution,7da51e1b4d30
1,0,189,148,0.6000000238418579,nan,6.605259418487549,6.605259418487549,0.0,nan,1,True,42,512,crpa_contribution,7da51e1b4d30
1,3,272,258,0.6000000238418579,nan,6.605259418487549,6.605260372161865,9.5367431640625e-07,nan,1,True,42,512,crpa_contribution,7da51e1b4d30
1,3,407,391,0.6000000238418579,nan,6.605259418487549,6.605259895324707,4.76837158203125e-07,nan,1,True,42,512,crpa_contribution,7da51e1b4d30
1,3,51,15,0.6000000238418579,nan,6.605259418487549,6.605259895324707,4.76837158203125e-07,nan,1,True,42,512,crpa_contribution,7da51e1b4d30
1,4,16,8,0.6000000238418579,nan,6.605259418487549,6.605259895324707,4.76837158203125e-07,nan,1,True,42,512,crpa_contribution,7da51e1b4d30
1,4,52,21,0.6000000238418579,nan,6.605259418487549,6.605259895324707,4.76837158203125e-07,nan,1,True,42,512,crpa_contribution,7da51e1b4d30
1,4,447,420,0.6000000238418579,nan,6.605259418487549,6.605259418487549,0.0,nan,1,True,42,512,crpa_contribution,7da51e1b4d30
1,4,372,352,0.6000000238418579,nan,6.605259418487549,6.605259895324707,4.76837158203125e-07,nan,1,True,42,512,crpa_contribution,7da51e1b4d30
1,4,478,460,0.6000000238418579,nan,6.605259418487549,6.605259418487549,0.0,nan,1,True,42,512,crpa_contribution,7da51e1b4d30
1,5,299,293,0.6000000238418579,nan,6.605259418487549,6.605259895324707,4.76837158203125e-07,nan,1,True,42,512,crpa_contribution,7da51e1b4d30
1,5,94,87,0.6000000238418579,nan,6.605259418487549,6.605259418487549,0.0,nan,1,True,42,512,crpa_contribution,7da51e1b4d30
1,5,464,424,0.6000000238418579,nan,6.605259418487549,6.605259895324707,4.76837158203125e-07,nan,1,True,42,512,crpa_contribution,7da51e1b4d30
1,5,151,102,0.6000000238418579,nan,6.605259418487549,6.605255603790283,-3.814697265625e-06,nan,1,True,42,512,crpa_contribution,7da51e1b4d30
1,5,195,147,0.6000000238418579,nan,6.605259418487549,6.605259895324707,4.76837158203125e-07,nan,1,True,42,512,crpa_contribution,7da51e1b4d30
1,6,387,385,0.6000000238418579,nan,6.605259418487549,6.605262756347656,3.337860107421875e-06,nan,1,True,42,512,crpa_contribution,7da51e1b4d30
1,6,29,14,0.6000000238418579,nan,6.605259418487549,6.605260372161865,9.5367431640625e-07,nan,1,True,42,512,crpa_contribution,7da51e1b4d30
1,6,364,102,0.6000000238418579,nan,6.605259418487549,6.605259895324707,4.76837158203125e-07,nan,1,True,42,512,crpa_contribution,7da51e1b4d30
1,6,357,102,0.6000000238418579,nan,6.605259418487549,6.605259895324707,4.76837158203125e-07,nan,1,True,42,512,crpa_contribution,7da51e1b4d30
1,6,364,308,0.6000000238418579,nan,6.605259418487549,6.605259418487549,0.0,nan,1,True,42,512,crpa_contribution,7da51e1b4d30
1,6,27,24,0.6000000238418579,nan,6.605259418487549,6.605259418487549,0.0,nan,1,True,42,512,crpa_contribution,7da51e1b4d30
1,2,461,425,0.59375,nan,6.605259418487549,6.605258941650391,-4.76837158203125e-07,nan,1,True,42,512,crpa_contribution,7da51e1b4d30
1,2,460,394,0.59375,nan,6.605259418487549,6.605258464813232,-9.5367431640625e-07,nan,1,True,42,512,crpa_contribution,7da51e1b4d30
1,3,345,308,0.5909090638160706,nan,6.605259418487549,6.605259895324707,4.76837158203125e-07,nan,1,True,42,512,crpa_contribution,7da51e1b4d30
1,3,180,165,0.5882353186607361,nan,6.605259418487549,6.605259895324707,4.76837158203125e-07,nan,1,True,42,512,crpa_contribution,7da51e1b4d30
1,4,34,10,0.5882353186607361,nan,6.605259418487549,6.605259895324707,4.76837158203125e-07,nan,1,True,42,512,crpa_contribution,7da51e1b4d30
1,2,456,445,0.5862069129943848,nan,6.605259418487549,6.605260372161865,9.5367431640625e-07,nan,1,True,42,512,crpa_contribution,7da51e1b4d30
1,3,234,167,0.5833333134651184,nan,6.605259418487549,6.605259895324707,4.76837158203125e-07,nan,1,True,42,512,crpa_contribution,7da51e1b4d30
1,2,175,134,0.5789473652839661,nan,6.605259418487549,6.605260372161865,9.5367431640625e-07,nan,1,True,42,512,crpa_contribution,7da51e1b4d30
1,2,53,15,0.5789473652839661,nan,6.605259418487549,6.605258464813232,-9.5367431640625e-07,nan,1,True,42,512,crpa_contribution,7da51e1b4d30
1,2,499,439,0.5777778029441833,nan,6.605259418487549,6.605258941650391,-4.76837158203125e-07,nan,1,True,42,512,crpa_contribution,7da51e1b4d30
1,2,210,141,0.5714285969734192,nan,6.605259418487549,6.605260372161865,9.5367431640625e-07,nan,1,True,42,512,crpa_contribution,7da51e1b4d30
1,3,72,37,0.5714285969734192,nan,6.605259418487549,6.605259418487549,0.0,nan,1,True,42,512,crpa_contribution,7da51e1b4d30
1,3,464,273,0.5555555820465088,nan,6.605259418487549,6.605260372161865,9.5367431640625e-07,nan,1,True,42,512,crpa_contribution,7da51e1b4d30
1,3,190,155,0.5555555820465088,nan,6.605259418487549,6.605260848999023,1.430511474609375e-06,nan,1,True,42,512,crpa_contribution,7da51e1b4d30
1,3,145,135,0.5555555820465088,nan,6.605259418487549,6.605259418487549,0.0,nan,1,True,42,512,crpa_contribution,7da51e1b4d30
1,3,443,439,0.5555555820465088,nan,6.605259418487549,6.605259418487549,0.0,nan,1,True,42,512,crpa_contribution,7da51e1b4d30
1,3,26,3,0.5555555820465088,nan,6.605259418487549,6.605259895324707,4.76837158203125e-07,nan,1,True,42,512,crpa_contribution,7da51e1b4d30
1,3,101,92,0.5517241358757019,nan,6.605259418487549,6.605259895324707,4.76837158203125e-07,nan,1,True,42,512,crpa_contribution,7da51e1b4d30
1,3,84,32,0.550000011920929,nan,6.605259418487549,6.605259895324707,4.76837158203125e-07,nan,1,True,42,512,crpa_contribution,7da51e1b4d30
1,3,116,3,0.5416666865348816,nan,6.605259418487549,6.605259895324707,4.76837158203125e-07,nan,1,True,42,512,crpa_contribution,7da51e1b4d30
2,4,419,407,1.0,nan,6.605259418487549,6.605259895324707,4.76837158203125e-07,nan,1,True,42,512,crpa_contribution,7da51e1b4d30
2,0,21,15,0.8888888955116272,nan,6.605259418487549,6.605259895324707,4.76837158203125e-07,nan,1,True,42,512,crpa_contribution,7da51e1b4d30
2,6,113,10,0.8823529481887817,nan,6.605259418487549,6.605260372161865,9.5367431640625e-07,nan,1,True,42,512,crpa_contribution,7da51e1b4d30
2,6,113,77,0.8823529481887817,nan,6.605259418487549,6.605259418487549,0.0,nan,1,True,42,512,crpa_contribution,7da51e1b4d30
2,6,235,160,0.8571428656578064,nan,6.605259418487549,6.605257987976074,-1.430511474609375e-06,nan,1,True,42,512,crpa_contribution,7da51e1b4d30
2,6,233,154,0.8571428656578064,nan,6.605259418487549,6.605259418487549,0.0,nan,1,True,42,512,crpa_contribution,7da51e1b4d30
2,4,393,391,0.8333333134651184,nan,6.605259418487549,6.605259895324707,4.76837158203125e-07,nan,1,True,42,512,crpa_contribution,7da51e1b4d30
2,6,509,445,0.8333333134651184,nan,6.605259418487549,6.605260848999023,1.430511474609375e-06,nan,1,True,42,512,crpa_contribution,7da51e1b4d30
2,0,11,9,0.800000011920929,nan,6.605259418487549,6.605259418487549,0.0,nan,1,True,42,512,crpa_contribution,7da51e1b4d30
2,5,9,3,0.800000011920929,nan,6.605259418487549,6.605259418487549,0.0,nan,1,True,42,512,crpa_contribution,7da51e1b4d30
2,5,7,7,0.800000011920929,nan,6.605259418487549,6.605255126953125,-4.291534423828125e-06,nan,1,True,42,512,crpa_contribution,7da51e1b4d30
2,7,36,25,0.800000011920929,nan,6.605259418487549,6.605260372161865,9.5367431640625e-07,nan,1,True,42,512,crpa_contribution,7da51e1b4d30
2,4,85,79,0.7857142686843872,nan,6.605259418487549,6.605260372161865,9.5367431640625e-07,nan,1,True,42,512,crpa_contribution,7da51e1b4d30
2,6,501,445,0.7777777910232544,nan,6.605259418487549,6.605259895324707,4.76837158203125e-07,nan,1,True,42,512,crpa_contribution,7da51e1b4d30
2,6,501,476,0.7777777910232544,nan,6.605259418487549,6.605259895324707,4.76837158203125e-07,nan,1,True,42,512,crpa_contribution,7da51e1b4d30
2,6,108,26,0.7727272510528564,nan,6.605259418487549,6.605260372161865,9.5367431640625e-07,nan,1,True,42,512,crpa_contribution,7da51e1b4d30
2,0,6,1,0.75,nan,6.605259418487549,6.605256080627441,-3.337860107421875e-06,nan,1,True,42,512,crpa_contribution,7da51e1b4d30
2,0,5,0,0.75,nan,6.605259418487549,6.605259895324707,4.76837158203125e-07,nan,1,True,42,512,crpa_contribution,7da51e1b4d30
2,3,172,161,0.75,nan,6.605259418487549,6.605259418487549,0.0,nan,1,True,42,512,crpa_contribution,7da51e1b4d30
2,4,273,102,0.75,nan,6.605259418487549,6.605259895324707,4.76837158203125e-07,nan,1,True,42,512,crpa_contribution,7da51e1b4d30
2,4,274,272,0.75,nan,6.605259418487549,6.605258941650391,-4.76837158203125e-07,nan,1,True,42,512,crpa_contribution,7da51e1b4d30
2,6,83,67,0.75,nan,6.605259418487549,6.605259895324707,4.76837158203125e-07,nan,1,True,42,512,crpa_contribution,7da51e1b4d30
2,6,448,438,0.75,nan,6.605259418487549,6.605258941650391,-4.76837158203125e-07,nan,1,True,42,512,crpa_contribution,7da51e1b4d30
2,6,7,6,0.75,nan,6.605259418487549,6.605262756347656,3.337860107421875e-06,nan,1,True,42,512,crpa_contribution,7da51e1b4d30
2,7,71,60,0.75,nan,6.605259418487549,6.605260372161865,9.5367431640625e-07,nan,1,True,42,512,crpa_contribution,7da51e1b4d30
2,1,369,287,0.7450980544090271,nan,6.605259418487549,6.605259418487549,0.0,nan,1,True,42,512,crpa_contribution,7da51e1b4d30
2,2,82,52,0.7428571581840515,nan,6.605259418487549,6.605259418487549,0.0,nan,1,True,42,512,crpa_contribution,7da51e1b4d30
2,1,57,18,0.739130437374115,nan,6.605259418487549,6.605259418487549,0.0,nan,1,True,42,512,crpa_contribution,7da51e1b4d30
2,2,103,102,0.739130437374115,nan,6.605259418487549,6.605259895324707,4.76837158203125e-07,nan,1,True,42,512,crpa_contribution,7da51e1b4d30
2,2,103,82,0.739130437374115,nan,6.605259418487549,6.605259895324707,4.76837158203125e-07,nan,1,True,42,512,crpa_contribution,7da51e1b4d30
2,3,375,302,0.7333333492279053,nan,6.605259418487549,6.605259418487549,0.0,nan,1,True,42,512,crpa_contribution,7da51e1b4d30
2,7,496,389,0.7333333492279053,nan,6.605259418487549,6.605259418487549,0.0,nan,1,True,42,512,crpa_contribution,7da51e1b4d30
2,2,86,79,0.7272727489471436,nan,6.605259418487549,6.605259895324707,4.76837158203125e-07,nan,1,True,42,512,crpa_contribution,7da51e1b4d30
2,4,40,7,0.7272727489471436,nan,6.605259418487549,6.605259418487549,0.0,nan,1,True,42,512,crpa_contribution,7da51e1b4d30
2,4,39,37,0.7272727489471436,nan,6.605259418487549,6.605259895324707,4.76837158203125e-07,nan,1,True,42,512,crpa_contribution,7da51e1b4d30
2,4,39,7,0.7272727489471436,nan,6.605259418487549,6.605259895324707,4.76837158203125e-07,nan,1,True,42,512,crpa_contribution,7da51e1b4d30
2,2,110,105,0.7200000286102295,nan,6.605259418487549,6.605259418487549,0.0,nan,1,True,42,512,crpa_contribution,7da51e1b4d30
2,0,174,154,0.7142857313156128,nan,6.605259418487549,6.605259895324707,4.76837158203125e-07,nan,1,True,42,512,crpa_contribution,7da51e1b4d30
2,0,13,7,0.7142857313156128,nan,6.605259418487549,6.605260372161865,9.5367431640625e-07,nan,1,True,42,512,crpa_contribution,7da51e1b4d30
2,0,15,5,0.7142857313156128,nan,6.605259418487549,6.605259418487549,0.0,nan,1,True,42,512,crpa_contribution,7da51e1b4d30
2,1,69,55,0.7142857313156128,nan,6.605259418487549,6.605259895324707,4.76837158203125e-07,nan,1,True,42,512,crpa_contribution,7da51e1b4d30
2,2,9,4,0.7142857313156128,nan,6.605259418487549,6.605259895324707,4.76837158203125e-07,nan,1,True,42,512,crpa_contribution,7da51e1b4d30
2,4,442,400,0.7142857313156128,nan,6.605259418487549,6.605259418487549,0.0,nan,1,True,42,512,crpa_contribution,7da51e1b4d30
2,4,443,391,0.7142857313156128,nan,6.605259418487549,6.605259895324707,4.76837158203125e-07,nan,1,True,42,512,crpa_contribution,7da51e1b4d30
2,4,442,102,0.7142857313156128,nan,6.605259418487549,6.605259895324707,4.76837158203125e-07,nan,1,True,42,512,crpa_contribution,7da51e1b4d30
2,4,443,442,0.7142857313156128,nan,6.605259418487549,6.605259895324707,4.76837158203125e-07,nan,1,True,42,512,crpa_contribution,7da51e1b4d30
2,6,22,14,0.7142857313156128,nan,6.605259418487549,6.605258464813232,-9.5367431640625e-07,nan,1,True,42,512,crpa_contribution,7da51e1b4d30
2,2,63,43,0.7096773982048035,nan,6.605259418487549,6.605259418487549,0.0,nan,1,True,42,512,crpa_contribution,7da51e1b4d30
2,4,362,283,0.7058823704719543,nan,6.605259418487549,6.605259895324707,4.76837158203125e-07,nan,1,True,42,512,crpa_contribution,7da51e1b4d30
2,4,354,264,0.7058823704719543,nan,6.605259418487549,6.605259895324707,4.76837158203125e-07,nan,1,True,42,512,crpa_contribution,7da51e1b4d30
2,2,506,460,0.7049180269241333,nan,6.605259418487549,6.605259418487549,0.0,nan,1,True,42,512,crpa_contribution,7da51e1b4d30
2,2,494,401,0.7049180269241333,nan,6.605259418487549,6.605259418487549,0.0,nan,1,True,42,512,crpa_contribution,7da51e1b4d30
2,1,275,264,0.699999988079071,nan,6.605259418487549,6.605259895324707,4.76837158203125e-07,nan,1,True,42,512,crpa_contribution,7da51e1b4d30
2,2,180,152,0.695652186870575,nan,6.605259418487549,6.605259895324707,4.76837158203125e-07,nan,1,True,42,512,crpa_contribution,7da51e1b4d30
2,2,501,402,0.6935483813285828,nan,6.605259418487549,6.605259418487549,0.0,nan,1,True,42,512,crpa_contribution,7da51e1b4d30
2,2,460,430,0.692307710647583,nan,6.605259418487549,6.605259418487549,0.0,nan,1,True,42,512,crpa_contribution,7da51e1b4d30
2,2,49,49,0.692307710647583,nan,6.605259418487549,6.605259895324707,4.76837158203125e-07,nan,1,True,42,512,crpa_contribution,7da51e1b4d30
2,1,44,9,0.6875,nan,6.605259418487549,6.605259418487549,0.0,nan,1,True,42,512,crpa_contribution,7da51e1b4d30
2,1,52,25,0.6875,nan,6.605259418487549,6.605259895324707,4.76837158203125e-07,nan,1,True,42,512,crpa_contribution,7da51e1b4d30
2,4,422,407,0.6875,nan,6.605259418487549,6.605259895324707,4.76837158203125e-07,nan,1,True,42,512,crpa_contribution,7da51e1b4d30
2,4,432,416,0.6875,nan,6.605259418487549,6.605259895324707,4.76837158203125e-07,nan,1,True,42,512,crpa_contribution,7da51e1b4d30
2,7,34,18,0.6875,nan,6.605259418487549,6.605259418487549,0.0,nan,1,True,42,512,crpa_contribution,7da51e1b4d30
2,4,488,457,0.6842105388641357,nan,6.605259418487549,6.605259418487549,0.0,nan,1,True,42,512,crpa_contribution,7da51e1b4d30
2,6,354,301,0.6842105388641357,nan,6.605259418487549,6.605259895324707,4.76837158203125e-07,nan,1,True,42,512,crpa_contribution,7da51e1b4d30
2,2,88,56,0.6818181872367859,nan,6.605259418487549,6.605259895324707,4.76837158203125e-07,nan,1,True,42,512,crpa_contribution,7da51e1b4d30
2,4,439,426,0.6818181872367859,nan,6.605259418487549,6.605259418487549,0.0,nan,1,True,42,512,crpa_contribution,7da51e1b4d30
2,7,83,50,0.6756756901741028,nan,6.605259418487549,6.605259418487549,0.0,nan,1,True,42,512,crpa_contribution,7da51e1b4d30
2,7,77,56,0.6756756901741028,nan,6.605259418487549,6.605259418487549,0.0,nan,1,True,42,512,crpa_contribution,7da51e1b4d30
2,4,360,297,0.675000011920929,nan,6.605259418487549,6.605259895324707,4.76837158203125e-07,nan,1,True,42,512,crpa_contribution,7da51e1b4d30
2,0,39,25,0.6666666865348816,nan,6.605259418487549,6.605259418487549,0.0,nan,1,True,42,512,crpa_contribution,7da51e1b4d30
2,0,444,412,0.6666666865348816,nan,6.605259418487549,6.605259418487549,0.0,nan,1,True,42,512,crpa_contribution,7da51e1b4d30
2,0,4,0,0.6666666865348816,nan,6.605259418487549,6.605257511138916,-1.9073486328125e-06,nan,1,True,42,512,crpa_contribution,7da51e1b4d30
2,0,444,426,0.6666666865348816,nan,6.605259418487549,6.605259895324707,4.76837158203125e-07,nan,1,True,42,512,crpa_contribution,7da51e1b4d30
2,1,94,60,0.6666666865348816,nan,6.605259418487549,6.605259895324707,4.76837158203125e-07,nan,1,True,42,512,crpa_contribution,7da51e1b4d30
2,1,411,407,0.6666666865348816,nan,6.605259418487549,6.605258941650391,-4.76837158203125e-07,nan,1,True,42,512,crpa_contribution,7da51e1b4d30
2,1,5,3,0.6666666865348816,nan,6.605259418487549,6.605262279510498,2.86102294921875e-06,nan,1,True,42,512,crpa_contribution,7da51e1b4d30
2,1,11,10,0.6666666865348816,nan,6.605259418487549,6.605265140533447,5.7220458984375e-06,nan,1,True,42,512,crpa_contribution,7da51e1b4d30
2,2,15,11,0.6666666865348816,nan,6.605259418487549,6.605264186859131,4.76837158203125e-06,nan,1,True,42,512,crpa_contribution,7da51e1b4d30
2,2,15,6,0.6666666865348816,nan,6.605259418487549,6.605260372161865,9.5367431640625e-07,nan,1,True,42,512,crpa_contribution,7da51e1b4d30
2,3,36,34,0.6666666865348816,nan,6.605259418487549,6.605259895324707,4.76837158203125e-07,nan,1,True,42,512,crpa_contribution,7da51e1b4d30
2,3,36,32,0.6666666865348816,nan,6.605259418487549,6.605258941650391,-4.76837158203125e-07,nan,1,True,42,512,crpa_contribution,7da51e1b4d30
2,3,41,1,0.6666666865348816,nan,6.605259418487549,6.605259895324707,4.76837158203125e-07,nan,1,True,42,512,crpa_contribution,7da51e1b4d30
2,4,17,16,0.6666666865348816,nan,6.605259418487549,6.605260848999023,1.430511474609375e-06,nan,1,True,42,512,crpa_contribution,7da51e1b4d30
2,4,454,428,0.6666666865348816,nan,6.605259418487549,6.605260372161865,9.5367431640625e-07,nan,1,True,42,512,crpa_contribution,7da51e1b4d30
2,6,178,160,0.6666666865348816,nan,6.605259418487549,6.605253219604492,-6.198883056640625e-06,nan,1,True,42,512,crpa_contribution,7da51e1b4d30
2,6,455,401,0.6666666865348816,nan,6.605259418487549,6.605259418487549,0.0,nan,1,True,42,512,crpa_contribution,7da51e1b4d30
2,6,12,8,0.6666666865348816,nan,6.605259418487549,6.605260372161865,9.5367431640625e-07,nan,1,True,42,512,crpa_contribution,7da51e1b4d30
2,7,183,176,0.6666666865348816,nan,6.605259418487549,6.605259418487549,0.0,nan,1,True,42,512,crpa_contribution,7da51e1b4d30
2,7,17,14,0.6666666865348816,nan,6.605259418487549,6.605260372161865,9.5367431640625e-07,nan,1,True,42,512,crpa_contribution,7da51e1b4d30
2,7,2,2,0.6666666865348816,nan,6.605259418487549,6.605254650115967,-4.76837158203125e-06,nan,1,True,42,512,crpa_contribution,7da51e1b4d30
2,7,14,4,0.6666666865348816,nan,6.605259418487549,6.605258464813232,-9.5367431640625e-07,nan,1,True,42,512,crpa_contribution,7da51e1b4d30
2,1,494,455,0.6603773832321167,nan,6.605259418487549,6.605259418487549,0.0,nan,1,True,42,512,crpa_contribution,7da51e1b4d30
2,0,376,340,0.6551724076271057,nan,6.605259418487549,6.605259418487549,0.0,nan,1,True,42,512,crpa_contribution,7da51e1b4d30
2,4,348,102,0.6551724076271057,nan,6.605259418487549,6.605259418487549,0.0,nan,1,True,42,512,crpa_contribution,7da51e1b4d30
2,4,345,306,0.6551724076271057,nan,6.605259418487549,6.605258941650391,-4.76837158203125e-07,nan,1,True,42,512,crpa_contribution,7da51e1b4d30
2,2,209,207,0.6530612111091614,nan,6.605259418487549,6.605259895324707,4.76837158203125e-07,nan,1,True,42,512,crpa_contribution,7da51e1b4d30
2,1,121,65,0.6511628031730652,nan,6.605259418487549,6.605259418487549,0.0,nan,1,True,42,512,crpa_contribution,7da51e1b4d30
2,1,121,46,0.6511628031730652,nan,6.605259418487549,6.605259418487549,0.0,nan,1,True,42,512,crpa_contribution,7da51e1b4d30
2,4,97,79,0.6499999761581421,nan,6.605259418487549,6.605259418487549,0.0,nan,1,True,42,512,crpa_contribution,7da51e1b4d30
2,7,360,333,0.6499999761581421,nan,6.605259418487549,6.605259895324707,4.76837158203125e-07,nan,1,True,42,512,crpa_contribution,7da51e1b4d30
2,2,104,10,0.6481481194496155,nan,6.605259418487549,6.605259418487549,0.0,nan,1,True,42,512,crpa_contribution,7da51e1b4d30
2,2,105,87,0.6481481194496155,nan,6.605259418487549,6.605259418487549,0.0,nan,1,True,42,512,crpa_contribution,7da51e1b4d30
2,2,104,51,0.6481481194496155,nan,6.605259418487549,6.605259418487549,0.0,nan,1,True,42,512,crpa_contribution,7da51e1b4d30
2,1,124,72,0.6470588445663452,nan,6.605259418487549,6.605259895324707,4.76837158203125e-07,nan,1,True,42,512,crpa_contribution,7da51e1b4d30
2,2,451,420,0.6470588445663452,nan,6.605259418487549,6.605259895324707,4.76837158203125e-07,nan,1,True,42,512,crpa_contribution,7da51e1b4d30
2,6,237,176,0.6470588445663452,nan,6.605259418487549,6.605259418487549,0.0,nan,1,True,42,512,crpa_contribution,7da51e1b4d30
2,7,116,37,0.6458333134651184,nan,6.605259418487549,6.605259418487549,0.0,nan,1,True,42,512,crpa_contribution,7da51e1b4d30
2,2,115,51,0.6451612710952759,nan,6.605259418487549,6.605259895324707,4.76837158203125e-07,nan,1,True,42,512,crpa_contribution,7da51e1b4d30
2,2,118,61,0.6451612710952759,nan,6.605259418487549,6.605259418487549,0.0,nan,1,True,42,512,crpa_contribution,7da51e1b4d30
2,2,115,22,0.6451612710952759,nan,6.605259418487549,6.605259418487549,0.0,nan,1,True,42,512,crpa_contribution,7da51e1b4d30
2,6,82,67,0.6451612710952759,nan,6.605259418487549,6.605259895324707,4.76837158203125e-07,nan,1,True,42,512,crpa_contribution,7da51e1b4d30
2,6,91,69,0.6451612710952759,nan,6.605259418487549,6.605259895324707,4.76837158203125e-07,nan,1,True,42,512,crpa_contribution,7da51e1b4d30
2,1,316,302,0.6428571343421936,nan,6.605259418487549,6.605258941650391,-4.76837158203125e-07,nan,1,True,42,512,crpa_contribution,7da51e1b4d30
2,1,320,292,0.6428571343421936,nan,6.605259418487549,6.605259895324707,4.76837158203125e-07,nan,1,True,42,512,crpa_contribution,7da51e1b4d30
2,1,316,273,0.6428571343421936,nan,6.605259418487549,6.605259418487549,0.0,nan,1,True,42,512,crpa_contribution,7da51e1b4d30
2,5,406,385,0.6428571343421936,nan,6.605259418487549,6.605259418487549,0.0,nan,1,True,42,512,crpa_contribution,7da51e1b4d30
2,5,410,390,0.6428571343421936,nan,6.605259418487549,6.605259418487549,0.0,nan,1,True,42,512,crpa_contribution,7da51e1b4d30
2,0,112,54,0.6415094137191772,nan,6.605259418487549,6.605259895324707,4.76837158203125e-07,nan,1,True,42,512,crpa_contribution,7da51e1b4d30
2,1,351,263,0.6388888955116272,nan,6.605259418487549,6.605259895324707,4.76837158203125e-07,nan,1,True,42,512,crpa_contribution,7da51e1b4d30
2,1,226,165,0.6382978558540344,nan,6.605259418487549,6.605259895324707,4.76837158203125e-07,nan,1,True,42,512,crpa_contribution,7da51e1b4d30
2,1,113,93,0.6363636255264282,nan,6.605259418487549,6.605259418487549,0.0,nan,1,True,42,512,crpa_contribution,7da51e1b4d30
2,1,366,358,0.6363636255264282,nan,6.605259418487549,6.605259418487549,0.0,nan,1,True,42,512,crpa_contribution,7da51e1b4d30
2,6,81,10,0.6363636255264282,nan,6.605259418487549,6.605259418487549,0.0,nan,1,True,42,512,crpa_contribution,7da51e1b4d30
2,7,21,11,0.6363636255264282,nan,6.605259418487549,6.605260848999023,1.430511474609375e-06,nan,1,True,42,512,crpa_contribution,7da51e1b4d30
2,7,210,165,0.6341463327407837,nan,6.605259418487549,6.605259895324707,4.76837158203125e-07,nan,1,True,42,512,crpa_contribution,7da51e1b4d30
2,7,210,153,0.6341463327407837,nan,6.605259418487549,6.605259895324707,4.76837158203125e-07,nan,1,True,42,512,crpa_contribution,7da51e1b4d30
2,0,472,455,0.6326530575752258,nan,6.605259418487549,6.605259418487549,0.0,nan,1,True,42,512,crpa_contribution,7da51e1b4d30
2,1,424,401,0.6315789222717285,nan,6.605259418487549,6.605259895324707,4.76837158203125e-07,nan,1,True,42,512,crpa_contribution,7da51e1b4d30
2,7,199,159,0.6315789222717285,nan,6.605259418487549,6.605259895324707,4.76837158203125e-07,nan,1,True,42,512,crpa_contribution,7da51e1b4d30
2,1,438,405,0.6296296119689941,nan,6.605259418487549,6.605255126953125,-4.291534423828125e-06,nan,1,True,42,512,crpa_contribution,7da51e1b4d30
2,0,60,57,0.625,nan,6.605259418487549,6.605259418487549,0.0,nan,1,True,42,512,crpa_contribution,7da51e1b4d30
2,0,268,264,0.625,nan,6.605259418487549,6.605258941650391,-4.76837158203125e-07,nan,1,True,42,512,crpa_contribution,7da51e1b4d30
2,0,72,29,0.625,nan,6.605259418487549,6.605259418487549,0.0,nan,1,True,42,512,crpa_contribution,7da51e1b4d30
2,1,414,385,0.625,nan,6.605259418487549,6.605259418487549,0.0,nan,1,True,42,512,crpa_contribution,7da51e1b4d30
2,3,11,11,0.625,nan,6.605259418487549,6.605257034301758,-2.384185791015625e-06,nan,1,True,42,512,crpa_contribution,7da51e1b4d30
2,5,265,260,0.625,nan,6.605259418487549,6.605259895324707,4.76837158203125e-07,nan,1,True,42,512,crpa_contribution,7da51e1b4d30
2,6,36,26,0.625,nan,6.605259418487549,6.605259895324707,4.76837158203125e-07,nan,1,True,42,512,crpa_contribution,7da51e1b4d30
2,6,68,31,0.625,nan,6.605259418487549,6.60526180267334,2.384185791015625e-06,nan,1,True,42,512,crpa_contribution,7da51e1b4d30
2,6,25,18,0.625,nan,6.605259418487549,6.605259895324707,4.76837158203125e-07,nan,1,True,42,512,crpa_contribution,7da51e1b4d30
2,6,112,61,0.625,nan,6.605259418487549,6.605259895324707,4.76837158203125e-07,nan,1,True,42,512,crpa_contribution,7da51e1b4d30
2,0,218,137,0.6222222447395325,nan,6.605259418487549,6.605259418487549,0.0,nan,1,True,42,512,crpa_contribution,7da51e1b4d30
2,7,119,50,0.6222222447395325,nan,6.605259418487549,6.605259895324707,4.76837158203125e-07,nan,1,True,42,512,crpa_contribution,7da51e1b4d30
2,0,312,264,0.6206896305084229,nan,6.605259418487549,6.605259895324707,4.76837158203125e-07,nan,1,True,42,512,crpa_contribution,7da51e1b4d30
2,0,309,263,0.6206896305084229,nan,6.605259418487549,6.605259418487549,0.0,nan,1,True,42,512,crpa_contribution,7da51e1b4d30
2,7,478,455,0.6200000047683716,nan,6.605259418487549,6.605259418487549,0.0,nan,1,True,42,512,crpa_contribution,7da51e1b4d30
2,5,274,266,0.6153846383094788,nan,6.605259418487549,6.605259895324707,4.76837158203125e-07,nan,1,True,42,512,crpa_contribution,7da51e1b4d30
2,5,274,264,0.6153846383094788,nan,6.605259418487549,6.605259895324707,4.76837158203125e-07,nan,1,True,42,512,crpa_contribution,7da51e1b4d30
2,0,243,223,0.6101694703102112,nan,6.605259418487549,6.605259895324707,4.76837158203125e-07,nan,1,True,42,512,crpa_contribution,7da51e1b4d30
2,7,415,396,0.6086956262588501,nan,6.605259418487549,6.605259895324707,4.76837158203125e-07,nan,1,True,42,512,crpa_contribution,7da51e1b4d30
2,7,420,392,0.6086956262588501,nan,6.605259418487549,6.605259895324707,4.76837158203125e-07,nan,1,True,42,512,crpa_contribution,7da51e1b4d30
2,0,79,53,0.6071428656578064,nan,6.605259418487549,6.605259895324707,4.76837158203125e-07,nan,1,True,42,512,crpa_contribution,7da51e1b4d30
2,3,376,340,0.6071428656578064,nan,6.605259418487549,6.605259418487549,0.0,nan,1,True,42,512,crpa_contribution,7da51e1b4d30
2,0,7,6,0.6000000238418579,nan,6.605259418487549,6.605259895324707,4.76837158203125e-07,nan,1,True,42,512,crpa_contribution,7da51e1b4d30
2,0,22,18,0.6000000238418579,nan,6.605259418487549,6.605259895324707,4.76837158203125e-07,nan,1,True,42,512,crpa_contribution,7da51e1b4d30
2,3,70,10,0.6000000238418579,nan,6.605259418487549,6.605259418487549,0.0,nan,1,True,42,512,crpa_contribution,7da51e1b4d30
2,3,42,17,0.6000000238418579,nan,6.605259418487549,6.605259895324707,4.76837158203125e-07,nan,1,True,42,512,crpa_contribution,7da51e1b4d30
2,5,41,38,0.6000000238418579,nan,6.605259418487549,6.605259418487549,0.0,nan,1,True,42,512,crpa_contribution,7da51e1b4d30
2,7,406,389,0.6000000238418579,nan,6.605259418487549,6.605259895324707,4.76837158203125e-07,nan,1,True,42,512,crpa_contribution,7da51e1b4d30
2,7,174,168,0.6000000238418579,nan,6.605259418487549,6.605260848999023,1.430511474609375e-06,nan,1,True,42,512,crpa_contribution,7da51e1b4d30
2,7,226,211,0.5961538553237915,nan,6.605259418487549,6.605259418487549,0.0,nan,1,True,42,512,crpa_contribution,7da51e1b4d30
2,7,240,165,0.5961538553237915,nan,6.605259418487549,6.605259895324707,4.76837158203125e-07,nan,1,True,42,512,crpa_contribution,7da51e1b4d30
2,3,358,317,0.5882353186607361,nan,6.605259418487549,6.605259418487549,0.0,nan,1,True,42,512,crpa_contribution,7da51e1b4d30
2,5,95,34,0.5833333134651184,nan,6.605259418487549,6.605259895324707,4.76837158203125e-07,nan,1,True,42,512,crpa_contribution,7da51e1b4d30
2,5,404,400,0.5833333134651184,nan,6.605259418487549,6.605260372161865,9.5367431640625e-07,nan,1,True,42,512,crpa_contribution,7da51e1b4d30
2,5,95,95,0.5833333134651184,nan,6.605259418487549,6.605259895324707,4.76837158203125e-07,nan,1,True,42,512,crpa_contribution,7da51e1b4d30
2,3,127,85,0.5806451439857483,nan,6.605259418487549,6.605259895324707,4.76837158203125e-07,nan,1,True,42,512,crpa_contribution,7da51e1b4d30
2,5,47,8,0.5789473652839661,nan,6.605259418487549,6.605259895324707,4.76837158203125e-07,nan,1,True,42,512,crpa_contribution,7da51e1b4d30
2,5,354,278,0.5744680762290955,nan,6.605259418487549,6.605259895324707,4.76837158203125e-07,nan,1,True,42,512,crpa_contribution,7da51e1b4d30
2,3,149,131,0.5714285969734192,nan,6.605259418487549,6.605258941650391,-4.76837158203125e-07,nan,1,True,42,512,crpa_contribution,7da51e1b4d30
2,3,149,136,0.5714285969734192,nan,6.605259418487549,6.605259895324707,4.76837158203125e-07,nan,1,True,42,512,crpa_contribution,7da51e1b4d30
2,5,16,10,0.5714285969734192,nan,6.605259418487549,6.605260372161865,9.5367431640625e-07,nan,1,True,42,512,crpa_contribution,7da51e1b4d30
2,5,15,5,0.5714285969734192,nan,6.605259418487549,6.605259418487549,0.0,nan,1,True,42,512,crpa_contribution,7da51e1b4d30
2,5,219,142,0.5714285969734192,nan,6.605259418487549,6.605259895324707,4.76837158203125e-07,nan,1,True,42,512,crpa_contribution,7da51e1b4d30
2,5,165,145,0.5625,nan,6.605259418487549,6.605259418487549,0.0,nan,1,True,42,512,crpa_contribution,7da51e1b4d30
2,5,160,128,0.5625,nan,6.605259418487549,6.605259895324707,4.76837158203125e-07,nan,1,True,42,512,crpa_contribution,7da51e1b4d30
2,3,143,129,0.5555555820465088,nan,6.605259418487549,6.605259418487549,0.0,nan,1,True,42,512,crpa_contribution,7da51e1b4d30
2,5,269,258,0.5555555820465088,nan,6.605259418487549,6.605259895324707,4.76837158203125e-07,nan,1,True,42,512,crpa_contribution,7da51e1b4d30
2,5,18,17,0.5555555820465088,nan,6.605259418487549,6.6052632331848145,3.814697265625e-06,nan,1,True,42,512,crpa_contribution,7da51e1b4d30
2,3,92,11,0.5531914830207825,nan,6.605259418487549,6.605258464813232,-9.5367431640625e-07,nan,1,True,42,512,crpa_contribution,7da51e1b4d30
2,3,92,67,0.5531914830207825,nan,6.605259418487549,6.605259418487549,0.0,nan,1,True,42,512,crpa_contribution,7da51e1b4d30
2,5,460,416,0.550000011920929,nan,6.605259418487549,6.605259418487549,0.0,nan,1,True,42,512,crpa_contribution,7da51e1b4d30
2,3,212,130,0.5483871102333069,nan,6.605259418487549,6.605259418487549,0.0,nan,1,True,42,512,crpa_contribution,7da51e1b4d30
2,5,223,199,0.5476190447807312,nan,6.605259418487549,6.605259418487549,0.0,nan,1,True,42,512,crpa_contribution,7da51e1b4d30
2,3,122,74,0.546875,nan,6.605259418487549,6.605259418487549,0.0,nan,1,True,42,512,crpa_contribution,7da51e1b4d30
2,3,156,129,0.5454545617103577,nan,6.605259418487549,6.605259418487549,0.0,nan,1,True,42,512,crpa_contribution,7da51e1b4d30
2,5,25,18,0.5454545617103577,nan,6.605259418487549,6.605260372161865,9.5367431640625e-07,nan,1,True,42,512,crpa_contribution,7da51e1b4d30
2,5,25,10,0.5454545617103577,nan,6.605259418487549,6.605260372161865,9.5367431640625e-07,nan,1,True,42,512,crpa_contribution,7da51e1b4d30
2,3,510,498,0.5428571701049805,nan,6.605259418487549,6.605259418487549,0.0,nan,1,True,42,512,crpa_contribution,7da51e1b4d30
2,3,320,295,0.5428571701049805,nan,6.605259418487549,6.605259418487549,0.0,nan,1,True,42,512,crpa_contribution,7da51e1b4d30
2,3,356,271,0.5400000214576721,nan,6.605259418487549,6.605259418487549,0.0,nan,1,True,42,512,crpa_contribution,7da51e1b4d30
2,3,351,309,0.5400000214576721,nan,6.605259418487549,6.605259418487549,0.0,nan,1,True,42,512,crpa_contribution,7da51e1b4d30
2,3,23,7,0.5384615659713745,nan,6.605259418487549,6.605259895324707,4.76837158203125e-07,nan,1,True,42,512,crpa_contribution,7da51e1b4d30
3,2,9,6,1.0,nan,6.605259418487549,6.605260372161865,9.5367431640625e-07,nan,1,True,42,512,crpa_contribution,7da51e1b4d30
3,2,214,161,0.8999999761581421,nan,6.605259418487549,6.605258464813232,-9.5367431640625e-07,nan,1,True,42,512,crpa_contribution,7da51e1b4d30
3,2,48,34,0.8999999761581421,nan,6.605259418487549,6.605259418487549,0.0,nan,1,True,42,512,crpa_contribution,7da51e1b4d30
3,4,10,4,0.8571428656578064,nan,6.605259418487549,6.605259895324707,4.76837158203125e-07,nan,1,True,42,512,crpa_contribution,7da51e1b4d30
3,5,49,41,0.8421052694320679,nan,6.605259418487549,6.605259895324707,4.76837158203125e-07,nan,1,True,42,512,crpa_contribution,7da51e1b4d30
3,5,123,43,0.8409090638160706,nan,6.605259418487549,6.605259418487549,0.0,nan,1,True,42,512,crpa_contribution,7da51e1b4d30
3,4,77,27,0.8181818127632141,nan,6.605259418487549,6.605259418487549,0.0,nan,1,True,42,512,crpa_contribution,7da51e1b4d30
3,5,217,167,0.8157894611358643,nan,6.605259418487549,6.605259418487549,0.0,nan,1,True,42,512,crpa_contribution,7da51e1b4d30
3,5,174,170,0.8125,nan,6.605259418487549,6.605260848999023,1.430511474609375e-06,nan,1,True,42,512,crpa_contribution,7da51e1b4d30
3,6,47,37,0.8125,nan,6.605259418487549,6.605260372161865,9.5367431640625e-07,nan,1,True,42,512,crpa_contribution,7da51e1b4d30
3,5,215,138,0.8108108043670654,nan,6.605259418487549,6.605259418487549,0.0,nan,1,True,42,512,crpa_contribution,7da51e1b4d30
3,2,343,269,0.800000011920929,nan,6.605259418487549,6.605259418487549,0.0,nan,1,True,42,512,crpa_contribution,7da51e1b4d30
3,1,414,402,0.7916666865348816,nan,6.605259418487549,6.605259418487549,0.0,nan,1,True,42,512,crpa_contribution,7da51e1b4d30
3,2,372,290,0.7777777910232544,nan,6.605259418487549,6.605260372161865,9.5367431640625e-07,nan,1,True,42,512,crpa_contribution,7da51e1b4d30
3,2,178,161,0.7777777910232544,nan,6.605259418487549,6.605258464813232,-9.5367431640625e-07,nan,1,True,42,512,crpa_contribution,7da51e1b4d30
3,2,372,102,0.7777777910232544,nan,6.605259418487549,6.605259418487549,0.0,nan,1,True,42,512,crpa_contribution,7da51e1b4d30
3,5,65,18,0.7777777910232544,nan,6.605259418487549,6.605259418487549,0.0,nan,1,True,42,512,crpa_contribution,7da51e1b4d30
3,2,173,169,0.7692307829856873,nan,6.605259418487549,6.605259895324707,4.76837158203125e-07,nan,1,True,42,512,crpa_contribution,7da51e1b4d30
3,6,39,19,0.7692307829856873,nan,6.605259418487549,6.605259895324707,4.76837158203125e-07,nan,1,True,42,512,crpa_contribution,7da51e1b4d30
3,6,44,37,0.7692307829856873,nan,6.605259418487549,6.605261325836182,1.9073486328125e-06,nan,1,True,42,512,crpa_contribution,7da51e1b4d30
3,1,263,259,0.75,nan,6.605259418487549,6.605258941650391,-4.76837158203125e-07,nan,1,True,42,512,crpa_contribution,7da51e1b4d30
3,2,26,1,0.75,nan,6.605259418487549,6.60526180267334,2.384185791015625e-06,nan,1,True,42,512,crpa_contribution,7da51e1b4d30
3,2,59,30,0.75,nan,6.605259418487549,6.605259418487549,0.0,nan,1,True,42,512,crpa_contribution,7da51e1b4d30
3,2,18,1,0.75,nan,6.605259418487549,6.605260372161865,9.5367431640625e-07,nan,1,True,42,512,crpa_contribution,7da51e1b4d30
3,2,449,439,0.75,nan,6.605259418487549,6.605259418487549,0.0,nan,1,True,42,512,crpa_contribution,7da51e1b4d30
3,4,4,4,0.75,nan,6.605259418487549,6.605260372161865,9.5367431640625e-07,nan,1,True,42,512,crpa_contribution,7da51e1b4d30
3,4,4,3,0.75,nan,6.605259418487549,6.605260372161865,9.5367431640625e-07,nan,1,True,42,512,crpa_contribution,7da51e1b4d30
3,4,6,4,0.75,nan,6.605259418487549,6.605259418487549,0.0,nan,1,True,42,512,crpa_contribution,7da51e1b4d30
3,5,170,170,0.75,nan,6.605259418487549,6.605259895324707,4.76837158203125e-07,nan,1,True,42,512,crpa_contribution,7da51e1b4d30
3,5,48,18,0.75,nan,6.605259418487549,6.605259418487549,0.0,nan,1,True,42,512,crpa_contribution,7da51e1b4d30
3,5,48,43,0.75,nan,6.605259418487549,6.605259418487549,0.0,nan,1,True,42,512,crpa_contribution,7da51e1b4d30
3,5,170,152,0.75,nan,6.605259418487549,6.605259895324707,4.76837158203125e-07,nan,1,True,42,512,crpa_contribution,7da51e1b4d30
3,5,465,398,0.75,nan,6.605259418487549,6.605259418487549,0.0,nan,1,True,42,512,crpa_contribution,7da51e1b4d30
3,5,313,300,0.75,nan,6.605259418487549,6.605259418487549,0.0,nan,1,True,42,512,crpa_contribution,7da51e1b4d30
3,5,431,396,0.75,nan,6.605259418487549,6.605259895324707,4.76837158203125e-07,nan,1,True,42,512,crpa_contribution,7da51e1b4d30
3,7,6,4,0.75,nan,6.605259418487549,6.605260848999023,1.430511474609375e-06,nan,1,True,42,512,crpa_contribution,7da51e1b4d30
3,1,459,430,0.7450980544090271,nan,6.605259418487549,6.605259418487549,0.0,nan,1,True,42,512,crpa_contribution,7da51e1b4d30
3,4,48,7,0.7419354915618896,nan,6.605259418487549,6.605259418487549,0.0,nan,1,True,42,512,crpa_contribution,7da51e1b4d30
3,5,244,137,0.7413793206214905,nan,6.605259418487549,6.605259418487549,0.0,nan,1,True,42,512,crpa_contribution,7da51e1b4d30
3,5,244,140,0.7413793206214905,nan,6.605259418487549,6.605259418487549,0.0,nan,1,True,42,512,crpa_contribution,7da51e1b4d30
3,5,249,215,0.7413793206214905,nan,6.605259418487549,6.605259418487549,0.0,nan,1,True,42,512,crpa_contribution,7da51e1b4d30
3,2,381,333,0.7368420958518982,nan,6.605259418487549,6.605259418487549,0.0,nan,1,True,42,512,crpa_contribution,7da51e1b4d30
3,2,381,262,0.7368420958518982,nan,6.605259418487549,6.605259418487549,0.0,nan,1,True,42,512,crpa_contribution,7da51e1b4d30
3,6,307,281,0.7368420958518982,nan,6.605259418487549,6.605258941650391,-4.76837158203125e-07,nan,1,True,42,512,crpa_contribution,7da51e1b4d30
3,1,312,282,0.7352941036224365,nan,6.605259418487549,6.605259895324707,4.76837158203125e-07,nan,1,True,42,512,crpa_contribution,7da51e1b4d30
3,2,67,61,0.7333333492279053,nan,6.605259418487549,6.605259418487549,0.0,nan,1,True,42,512,crpa_contribution,7da51e1b4d30
3,2,243,170,0.7333333492279053,nan,6.605259418487549,6.605259895324707,4.76837158203125e-07,nan,1,True,42,512,crpa_contribution,7da51e1b4d30
3,2,225,170,0.7333333492279053,nan,6.605259418487549,6.605259895324707,4.76837158203125e-07,nan,1,True,42,512,crpa_contribution,7da51e1b4d30
3,2,233,155,0.7333333492279053,nan,6.605259418487549,6.605259418487549,0.0,nan,1,True,42,512,crpa_contribution,7da51e1b4d30
3,5,381,285,0.7333333492279053,nan,6.605259418487549,6.605259418487549,0.0,nan,1,True,42,512,crpa_contribution,7da51e1b4d30
3,5,380,266,0.7333333492279053,nan,6.605259418487549,6.605259418487549,0.0,nan,1,True,42,512,crpa_contribution,7da51e1b4d30
3,5,114,27,0.7254902124404907,nan,6.605259418487549,6.605259418487549,0.0,nan,1,True,42,512,crpa_contribution,7da51e1b4d30
3,5,114,28,0.7254902124404907,nan,6.605259418487549,6.605259418487549,0.0,nan,1,True,42,512,crpa_contribution,7da51e1b4d30
3,5,114,17,0.7254902124404907,nan,6.605259418487549,6.605259418487549,0.0,nan,1,True,42,512,crpa_contribution,7da51e1b4d30
3,5,222,182,0.7250000238418579,nan,6.605259418487549,6.605259418487549,0.0,nan,1,True,42,512,crpa_contribution,7da51e1b4d30
3,5,222,138,0.7250000238418579,nan,6.605259418487549,6.605259418487549,0.0,nan,1,True,42,512,crpa_contribution,7da51e1b4d30
3,4,37,11,0.7200000286102295,nan,6.605259418487549,6.605259418487549,0.0,nan,1,True,42,512,crpa_contribution,7da51e1b4d30
3,4,38,21,0.7200000286102295,nan,6.605259418487549,6.605259418487549,0.0,nan,1,True,42,512,crpa_contribution,7da51e1b4d30
3,5,345,309,0.7200000286102295,nan,6.605259418487549,6.605259418487549,0.0,nan,1,True,42,512,crpa_contribution,7da51e1b4d30
3,7,240,176,0.7200000286102295,nan,6.605259418487549,6.605259418487549,0.0,nan,1,True,42,512,crpa_contribution,7da51e1b4d30
3,7,230,225,0.7200000286102295,nan,6.605259418487549,6.605259418487549,0.0,nan,1,True,42,512,crpa_contribution,7da51e1b4d30
3,3,340,325,0.71875,nan,6.605259418487549,6.605259418487549,0.0,nan,1,True,42,512,crpa_contribution,7da51e1b4d30
3,1,115,64,0.7142857313156128,nan,6.605259418487549,6.605259418487549,0.0,nan,1,True,42,512,crpa_contribution,7da51e1b4d30
3,4,41,16,0.7142857313156128,nan,6.605259418487549,6.605259418487549,0.0,nan,1,True,42,512,crpa_contribution,7da51e1b4d30
3,4,476,427,0.7142857313156128,nan,6.605259418487549,6.605259418487549,0.0,nan,1,True,42,512,crpa_contribution,7da51e1b4d30
3,4,476,474,0.7142857313156128,nan,6.605259418487549,6.605259418487549,0.0,nan,1,True,42,512,crpa_contribution,7da51e1b4d30
3,4,476,391,0.7142857313156128,nan,6.605259418487549,6.605259418487549,0.0,nan,1,True,42,512,crpa_contribution,7da51e1b4d30
3,6,15,7,0.7142857313156128,nan,6.605259418487549,6.605260848999023,1.430511474609375e-06,nan,1,True,42,512,crpa_contribution,7da51e1b4d30
3,1,235,191,0.7101449370384216,nan,6.605259418487549,6.605259418487549,0.0,nan,1,True,42,512,crpa_contribution,7da51e1b4d30
3,0,71,25,0.7083333134651184,nan,6.605259418487549,6.605259418487549,0.0,nan,1,True,42,512,crpa_contribution,7da51e1b4d30
3,4,34,25,0.7083333134651184,nan,6.605259418487549,6.605259418487549,0.0,nan,1,True,42,512,crpa_contribution,7da51e1b4d30
3,4,288,270,0.7083333134651184,nan,6.605259418487549,6.605259895324707,4.76837158203125e-07,nan,1,True,42,512,crpa_contribution,7da51e1b4d30
3,2,349,313,0.7058823704719543,nan,6.605259418487549,6.605258941650391,-4.76837158203125e-07,nan,1,True,42,512,crpa_contribution,7da51e1b4d30
3,6,368,281,0.7058823704719543,nan,6.605259418487549,6.605259895324707,4.76837158203125e-07,nan,1,True,42,512,crpa_contribution,7da51e1b4d30
3,7,37,8,0.7058823704719543,nan,6.605259418487549,6.605259895324707,4.76837158203125e-07,nan,1,True,42,512,crpa_contribution,7da51e1b4d30
3,2,32,21,0.699999988079071,nan,6.605259418487549,6.605259418487549,0.0,nan,1,True,42,512,crpa_contribution,7da51e1b4d30
3,2,453,440,0.699999988079071,nan,6.605259418487549,6.605259895324707,4.76837158203125e-07,nan,1,True,42,512,crpa_contribution,7da51e1b4d30
3,4,457,436,0.699999988079071,nan,6.605259418487549,6.605259895324707,4.76837158203125e-07,nan,1,True,42,512,crpa_contribution,7da51e1b4d30
3,4,454,412,0.699999988079071,nan,6.605259418487549,6.605259418487549,0.0,nan,1,True,42,512,crpa_contribution,7da51e1b4d30
3,2,186,151,0.692307710647583,nan,6.605259418487549,6.605259418487549,0.0,nan,1,True,42,512,crpa_contribution,7da51e1b4d30
3,6,31,7,0.692307710647583,nan,6.605259418487549,6.605259895324707,4.76837158203125e-07,nan,1,True,42,512,crpa_contribution,7da51e1b4d30
3,4,49,20,0.6896551847457886,nan,6.605259418487549,6.605259418487549,0.0,nan,1,True,42,512,crpa_contribution,7da51e1b4d30
3,4,70,46,0.6888889074325562,nan,6.605259418487549,6.605259418487549,0.0,nan,1,True,42,512,crpa_contribution,7da51e1b4d30
3,1,25,21,0.6875,nan,6.605259418487549,6.605259418487549,0.0,nan,1,True,42,512,crpa_contribution,7da51e1b4d30
3,1,27,23,0.6875,nan,6.605259418487549,6.605259895324707,4.76837158203125e-07,nan,1,True,42,512,crpa_contribution,7da51e1b4d30
3,2,376,313,0.6875,nan,6.605259418487549,6.605259418487549,0.0,nan,1,True,42,512,crpa_contribution,7da51e1b4d30
3,2,338,313,0.6875,nan,6.605259418487549,6.605259418487549,0.0,nan,1,True,42,512,crpa_contribution,7da51e1b4d30
3,4,30,8,0.6842105388641357,nan,6.605259418487549,6.605259418487549,0.0,nan,1,True,42,512,crpa_contribution,7da51e1b4d30
3,4,216,201,0.6842105388641357,nan,6.605259418487549,6.605259418487549,0.0,nan,1,True,42,512,crpa_contribution,7da51e1b4d30
3,1,506,306,0.6835442781448364,nan,6.605259418487549,6.605259418487549,0.0,nan,1,True,42,512,crpa_contribution,7da51e1b4d30
3,4,226,218,0.682539701461792,nan,6.605259418487549,6.605259895324707,4.76837158203125e-07,nan,1,True,42,512,crpa_contribution,7da51e1b4d30
3,1,116,2,0.6818181872367859,nan,6.605259418487549,6.605259418487549,0.0,nan,1,True,42,512,crpa_contribution,7da51e1b4d30
3,1,116,42,0.6818181872367859,nan,6.605259418487549,6.605259418487549,0.0,nan,1,True,42,512,crpa_contribution,7da51e1b4d30
3,6,232,202,0.6818181872367859,nan,6.605259418487549,6.605259418487549,0.0,nan,1,True,42,512,crpa_contribution,7da51e1b4d30
3,6,501,102,0.6818181872367859,nan,6.605259418487549,6.605259418487549,0.0,nan,1,True,42,512,crpa_contribution,7da51e1b4d30
3,6,209,202,0.6818181872367859,nan,6.605259418487549,6.605258464813232,-9.5367431640625e-07,nan,1,True,42,512,crpa_contribution,7da51e1b4d30
3,6,232,169,0.6818181872367859,nan,6.605259418487549,6.605262279510498,2.86102294921875e-06,nan,1,True,42,512,crpa_contribution,7da51e1b4d30
3,6,232,144,0.6818181872367859,nan,6.605259418487549,6.605259418487549,0.0,nan,1,True,42,512,crpa_contribution,7da51e1b4d30
3,4,236,185,0.6805555820465088,nan,6.605259418487549,6.605259418487549,0.0,nan,1,True,42,512,crpa_contribution,7da51e1b4d30
3,4,36,36,0.6800000071525574,nan,6.605259418487549,6.605259418487549,0.0,nan,1,True,42,512,crpa_contribution,7da51e1b4d30
3,4,82,35,0.6792452931404114,nan,6.605259418487549,6.605259418487549,0.0,nan,1,True,42,512,crpa_contribution,7da51e1b4d30
3,1,86,61,0.6785714030265808,nan,6.605259418487549,6.605259418487549,0.0,nan,1,True,42,512,crpa_contribution,7da51e1b4d30
3,7,310,286,0.6774193644523621,nan,6.605259418487549,6.605259418487549,0.0,nan,1,True,42,512,crpa_contribution,7da51e1b4d30
3,0,5,5,0.6666666865348816,nan,6.605259418487549,6.605256080627441,-3.337860107421875e-06,nan,1,True,42,512,crpa_contribution,7da51e1b4d30
3,1,455,453,0.6666666865348816,nan,6.605259418487549,6.605259895324707,4.76837158203125e-07,nan,1,True,42,512,crpa_contribution,7da51e1b4d30
3,1,1,0,0.6666666865348816,nan,6.605259418487549,6.605259895324707,4.76837158203125e-07,nan,1,True,42,512,crpa_contribution,7da51e1b4d30
3,1,450,449,0.6666666865348816,nan,6.605259418487549,6.605259418487549,0.0,nan,1,True,42,512,crpa_contribution,7da51e1b4d30
3,3,4,3,0.6666666865348816,nan,6.605259418487549,6.605260848999023,1.430511474609375e-06,nan,1,True,42,512,crpa_contribution,7da51e1b4d30
3,3,10,3,0.6666666865348816,nan,6.605259418487549,6.605258941650391,-4.76837158203125e-07,nan,1,True,42,512,crpa_contribution,7da51e1b4d30
3,3,10,5,0.6666666865348816,nan,6.605259418487549,6.605260372161865,9.5367431640625e-07,nan,1,True,42,512,crpa_contribution,7da51e1b4d30
3,3,5,5,0.6666666865348816,nan,6.605259418487549,6.605258941650391,-4.76837158203125e-07,nan,1,True,42,512,crpa_contribution,7da51e1b4d30
3,6,5,2,0.6666666865348816,nan,6.605259418487549,6.605258941650391,-4.76837158203125e-07,nan,1,True,42,512,crpa_contribution,7da51e1b4d30
3,6,5,3,0.6666666865348816,nan,6.605259418487549,6.605264186859131,4.76837158203125e-06,nan,1,True,42,512,crpa_contribution,7da51e1b4d30
3,6,486,439,0.6666666865348816,nan,6.605259418487549,6.60526180267334,2.384185791015625e-06,nan,1,True,42,512,crpa_contribution,7da51e1b4d30
3,6,443,417,0.6666666865348816,nan,6.605259418487549,6.605259418487549,0.0,nan,1,True,42,512,crpa_contribution,7da51e1b4d30
3,6,140,136,0.6666666865348816,nan,6.605259418487549,6.605257987976074,-1.430511474609375e-06,nan,1,True,42,512,crpa_contribution,7da51e1b4d30
3,6,236,150,0.6666666865348816,nan,6.605259418487549,6.605258464813232,-9.5367431640625e-07,nan,1,True,42,512,crpa_contribution,7da51e1b4d30
3,6,91,10,0.6666666865348816,nan,6.605259418487549,6.605259895324707,4.76837158203125e-07,nan,1,True,42,512,crpa_contribution,7da51e1b4d30
3,6,4,2,0.6666666865348816,nan,6.605259418487549,6.605258464813232,-9.5367431640625e-07,nan,1,True,42,512,crpa_contribution,7da51e1b4d30
3,6,236,163,0.6666666865348816,nan,6.605259418487549,6.605260372161865,9.5367431640625e-07,nan,1,True,42,512,crpa_contribution,7da51e1b4d30
3,0,215,196,0.65625,nan,6.605259418487549,6.605259418487549,0.0,nan,1,True,42,512,crpa_contribution,7da51e1b4d30
3,1,435,397,0.6499999761581421,nan,6.605259418487549,6.605259418487549,0.0,nan,1,True,42,512,crpa_contribution,7da51e1b4d30
3,1,435,430,0.6499999761581421,nan,6.605259418487549,6.605259418487549,0.0,nan,1,True,42,512,crpa_contribution,7da51e1b4d30
3,6,312,262,0.6499999761581421,nan,6.605259418487549,6.605259418487549,0.0,nan,1,True,42,512,crpa_contribution,7da51e1b4d30
3,6,379,299,0.6499999761581421,nan,6.605259418487549,6.605259895324707,4.76837158203125e-07,nan,1,True,42,512,crpa_contribution,7da51e1b4d30
3,6,67,3,0.6499999761581421,nan,6.605259418487549,6.605258941650391,-4.76837158203125e-07,nan,1,True,42,512,crpa_contribution,7da51e1b4d30
3,7,42,20,0.6499999761581421,nan,6.605259418487549,6.605259895324707,4.76837158203125e-07,nan,1,True,42,512,crpa_contribution,7da51e1b4d30
3,1,498,453,0.6481481194496155,nan,6.605259418487549,6.605259418487549,0.0,nan,1,True,42,512,crpa_contribution,7da51e1b4d30
3,7,31,31,0.6470588445663452,nan,6.605259418487549,6.605260372161865,9.5367431640625e-07,nan,1,True,42,512,crpa_contribution,7da51e1b4d30
3,1,214,209,0.6440678238868713,nan,6.605259418487549,6.605259418487549,0.0,nan,1,True,42,512,crpa_contribution,7da51e1b4d30
3,3,170,166,0.6428571343421936,nan,6.605259418487549,6.605259418487549,0.0,nan,1,True,42,512,crpa_contribution,7da51e1b4d30
3,1,331,306,0.6415094137191772,nan,6.605259418487549,6.605259418487549,0.0,nan,1,True,42,512,crpa_contribution,7da51e1b4d30
3,7,199,170,0.6388888955116272,nan,6.605259418487549,6.605259895324707,4.76837158203125e-07,nan,1,True,42,512,crpa_contribution,7da51e1b4d30
3,1,68,51,0.6363636255264282,nan,6.605259418487549,6.605259418487549,0.0,nan,1,True,42,512,crpa_contribution,7da51e1b4d30
3,7,71,63,0.6363636255264282,nan,6.605259418487549,6.605259418487549,0.0,nan,1,True,42,512,crpa_contribution,7da51e1b4d30
3,7,24,15,0.6363636255264282,nan,6.605259418487549,6.605259418487549,0.0,nan,1,True,42,512,crpa_contribution,7da51e1b4d30
3,1,494,418,0.6329113841056824,nan,6.605259418487549,6.605259418487549,0.0,nan,1,True,42,512,crpa_contribution,7da51e1b4d30
3,3,309,102,0.6315789222717285,nan,6.605259418487549,6.605259418487549,0.0,nan,1,True,42,512,crpa_contribution,7da51e1b4d30
3,7,72,17,0.6315789222717285,nan,6.605259418487549,6.605259418487549,0.0,nan,1,True,42,512,crpa_contribution,7da51e1b4d30
3,7,75,26,0.6315789222717285,nan,6.605259418487549,6.605259895324707,4.76837158203125e-07,nan,1,True,42,512,crpa_contribution,7da51e1b4d30
3,7,344,303,0.6296296119689941,nan,6.605259418487549,6.605259418487549,0.0,nan,1,True,42,512,crpa_contribution,7da51e1b4d30
3,7,347,338,0.6296296119689941,nan,6.605259418487549,6.605259418487549,0.0,nan,1,True,42,512,crpa_contribution,7da51e1b4d30
3,3,371,364,0.6290322542190552,nan,6.605259418487549,6.605259418487549,0.0,nan,1,True,42,512,crpa_contribution,7da51e1b4d30
3,3,381,265,0.6290322542190552,nan,6.605259418487549,6.605259418487549,0.0,nan,1,True,42,512,crpa_contribution,7da51e1b4d30
3,7,348,345,0.6279069781303406,nan,6.605259418487549,6.605258941650391,-4.76837158203125e-07,nan,1,True,42,512,crpa_contribution,7da51e1b4d30
3,7,345,335,0.6279069781303406,nan,6.605259418487549,6.605259418487549,0.0,nan,1,True,42,512,crpa_contribution,7da51e1b4d30
3,1,465,446,0.6271186470985413,nan,6.605259418487549,6.605259895324707,4.76837158203125e-07,nan,1,True,42,512,crpa_contribution,7da51e1b4d30
3,1,209,185,0.6271186470985413,nan,6.605259418487549,6.605259418487549,0.0,nan,1,True,42,512,crpa_contribution,7da51e1b4d30
3,0,197,163,0.625,nan,6.605259418487549,6.605259418487549,0.0,nan,1,True,42,512,crpa_contribution,7da51e1b4d30
3,3,398,386,0.625,nan,6.605259418487549,6.605259418487549,0.0,nan,1,True,42,512,crpa_contribution,7da51e1b4d30
3,3,268,265,0.625,nan,6.605259418487549,6.605259418487549,0.0,nan,1,True,42,512,crpa_contribution,7da51e1b4d30
3,3,40,37,0.625,nan,6.605259418487549,6.605260372161865,9.5367431640625e-07,nan,1,True,42,512,crpa_contribution,7da51e1b4d30
3,7,83,83,0.6222222447395325,nan,6.605259418487549,6.605259418487549,0.0,nan,1,True,42,512,crpa_contribution,7da51e1b4d30
3,0,300,284,0.6190476417541504,nan,6.605259418487549,6.605259418487549,0.0,nan,1,True,42,512,crpa_contribution,7da51e1b4d30
3,7,456,445,0.6176470518112183,nan,6.605259418487549,6.605258941650391,-4.76837158203125e-07,nan,1,True,42,512,crpa_contribution,7da51e1b4d30
3,0,26,17,0.6153846383094788,nan,6.605259418487549,6.605259895324707,4.76837158203125e-07,nan,1,True,42,512,crpa_contribution,7da51e1b4d30
3,7,343,299,0.6136363744735718,nan,6.605259418487549,6.605258941650391,-4.76837158203125e-07,nan,1,True,42,512,crpa_contribution,7da51e1b4d30
3,3,300,283,0.6111111044883728,nan,6.605259418487549,6.605259418487549,0.0,nan,1,True,42,512,crpa_contribution,7da51e1b4d30
3,7,241,205,0.6078431606292725,nan,6.605259418487549,6.605259895324707,4.76837158203125e-07,nan,1,True,42,512,crpa_contribution,7da51e1b4d30
3,3,449,393,0.6071428656578064,nan,6.605259418487549,6.605259418487549,0.0,nan,1,True,42,512,crpa_contribution,7da51e1b4d30
3,3,456,419,0.6071428656578064,nan,6.605259418487549,6.605259418487549,0.0,nan,1,True,42,512,crpa_contribution,7da51e1b4d30
3,7,82,72,0.6052631735801697,nan,6.605259418487549,6.605259418487549,0.0,nan,1,True,42,512,crpa_contribution,7da51e1b4d30
3,7,468,398,0.604651153087616,nan,6.605259418487549,6.605257511138916,-1.9073486328125e-06,nan,1,True,42,512,crpa_contribution,7da51e1b4d30
3,3,234,165,0.6041666865348816,nan,6.605259418487549,6.605259418487549,0.0,nan,1,True,42,512,crpa_contribution,7da51e1b4d30
3,7,105,74,0.6037735939025879,nan,6.605259418487549,6.605259418487549,0.0,nan,1,True,42,512,crpa_contribution,7da51e1b4d30
3,7,501,204,0.6034482717514038,nan,6.605259418487549,6.605259418487549,0.0,nan,1,True,42,512,crpa_contribution,7da51e1b4d30
3,0,11,3,0.6000000238418579,nan,6.605259418487549,6.605259895324707,4.76837158203125e-07,nan,1,True,42,512,crpa_contribution,7da51e1b4d30
3,0,256,102,0.6000000238418579,nan,6.605259418487549,6.605257987976074,-1.430511474609375e-06,nan,1,True,42,512,crpa_contribution,7da51e1b4d30
3,3,359,283,0.6000000238418579,nan,6.605259418487549,6.605259418487549,0.0,nan,1,True,42,512,crpa_contribution,7da51e1b4d30
3,3,79,27,0.6000000238418579,nan,6.605259418487549,6.605259895324707,4.76837158203125e-07,nan,1,True,42,512,crpa_contribution,7da51e1b4d30
3,3,318,268,0.6000000238418579,nan,6.605259418487549,6.605259418487549,0.0,nan,1,True,42,512,crpa_contribution,7da51e1b4d30
3,3,49,25,0.6000000238418579,nan,6.605259418487549,6.605259418487549,0.0,nan,1,True,42,512,crpa_contribution,7da51e1b4d30
3,3,146,139,0.6000000238418579,nan,6.605259418487549,6.605259418487549,0.0,nan,1,True,42,512,crpa_contribution,7da51e1b4d30
3,3,69,27,0.6000000238418579,nan,6.605259418487549,6.605259418487549,0.0,nan,1,True,42,512,crpa_contribution,7da51e1b4d30
3,3,74,56,0.5862069129943848,nan,6.605259418487549,6.605259418487549,0.0,nan,1,True,42,512,crpa_contribution,7da51e1b4d30
3,3,56,51,0.5862069129943848,nan,6.605259418487549,6.605258941650391,-4.76837158203125e-07,nan,1,True,42,512,crpa_contribution,7da51e1b4d30
3,0,312,294,0.5833333134651184,nan,6.605259418487549,6.605259418487549,0.0,nan,1,True,42,512,crpa_contribution,7da51e1b4d30
3,0,53,50,0.5714285969734192,nan,6.605259418487549,6.605259418487549,0.0,nan,1,True,42,512,crpa_contribution,7da51e1b4d30
3,0,13,4,0.5714285969734192,nan,6.605259418487549,6.605259418487549,0.0,nan,1,True,42,512,crpa_contribution,7da51e1b4d30
3,0,62,37,0.5714285969734192,nan,6.605259418487549,6.605259418487549,0.0,nan,1,True,42,512,crpa_contribution,7da51e1b4d30
3,0,392,392,0.5714285969734192,nan,6.605259418487549,6.605260848999023,1.430511474609375e-06,nan,1,True,42,512,crpa_contribution,7da51e1b4d30
3,0,450,421,0.5652173757553101,nan,6.605259418487549,6.605259418487549,0.0,nan,1,True,42,512,crpa_contribution,7da51e1b4d30
3,0,289,266,0.5625,nan,6.605259418487549,6.605259418487549,0.0,nan,1,True,42,512,crpa_contribution,7da51e1b4d30
3,0,342,339,0.5555555820465088,nan,6.605259418487549,6.605259418487549,0.0,nan,1,True,42,512,crpa_contribution,7da51e1b4d30
3,0,88,39,0.5555555820465088,nan,6.605259418487549,6.605259418487549,0.0,nan,1,True,42,512,crpa_contribution,7da51e1b4d30
3,0,251,196,0.5428571701049805,nan,6.605259418487549,6.605259418487549,0.0,nan,1,True,42,512,crpa_contribution,7da51e1b4d30
3,0,287,281,0.5384615659713745,nan,6.605259418487549,6.605259418487549,0.0,nan,1,True,42,512,crpa_contribution,7da51e1b4d30
3,0,74,43,0.5357142686843872,nan,6.605259418487549,6.605259418487549,0.0,nan,1,True,42,512,crpa_contribution,7da51e1b4d30
3,0,460,397,0.5357142686843872,nan,6.605259418487549,6.605259418487549,0.0,nan,1,True,42,512,crpa_contribution,7da51e1b4d30
3,0,499,419,0.5333333611488342,nan,6.605259418487549,6.605259418487549,0.0,nan,1,True,42,512,crpa_contribution,7da51e1b4d30
3,0,189,174,0.5333333611488342,nan,6.605259418487549,6.605259418487549,0.0,nan,1,True,42,512,crpa_contribution,7da51e1b4d30
3,0,505,412,0.5333333611488342,nan,6.605259418487549,6.605259418487549,0.0,nan,1,True,42,512,crpa_contribution,7da51e1b4d30
4,0,3,1,1.0,nan,6.605259418487549,6.605258941650391,-4.76837158203125e-07,nan,1,True,42,512,crpa_contribution,7da51e1b4d30
4,0,3,2,1.0,nan,6.605259418487549,6.60526180267334,2.384185791015625e-06,nan,1,True,42,512,crpa_contribution,7da51e1b4d30
4,2,7,1,1.0,nan,6.605259418487549,6.605259895324707,4.76837158203125e-07,nan,1,True,42,512,crpa_contribution,7da51e1b4d30
4,2,6,4,1.0,nan,6.605259418487549,6.605261325836182,1.9073486328125e-06,nan,1,True,42,512,crpa_contribution,7da51e1b4d30
4,7,12,10,0.8571428656578064,nan,6.605259418487549,6.605259895324707,4.76837158203125e-07,nan,1,True,42,512,crpa_contribution,7da51e1b4d30
4,3,9,0,0.8333333134651184,nan,6.605259418487549,6.605258464813232,-9.5367431640625e-07,nan,1,True,42,512,crpa_contribution,7da51e1b4d30
4,2,236,168,0.8095238208770752,nan,6.605259418487549,6.605259418487549,0.0,nan,1,True,42,512,crpa_contribution,7da51e1b4d30
4,3,159,136,0.800000011920929,nan,6.605259418487549,6.605258941650391,-4.76837158203125e-07,nan,1,True,42,512,crpa_contribution,7da51e1b4d30
4,4,6,6,0.800000011920929,nan,6.605259418487549,6.605258941650391,-4.76837158203125e-07,nan,1,True,42,512,crpa_contribution,7da51e1b4d30
4,6,19,1,0.800000011920929,nan,6.605259418487549,6.6052632331848145,3.814697265625e-06,nan,1,True,42,512,crpa_contribution,7da51e1b4d30
4,7,8,8,0.800000011920929,nan,6.605259418487549,6.605264186859131,4.76837158203125e-06,nan,1,True,42,512,crpa_contribution,7da51e1b4d30
4,7,172,142,0.7894737124443054,nan,6.605259418487549,6.605258941650391,-4.76837158203125e-07,nan,1,True,42,512,crpa_contribution,7da51e1b4d30
4,5,18,17,0.7777777910232544,nan,6.605259418487549,6.605258941650391,-4.76837158203125e-07,nan,1,True,42,512,crpa_contribution,7da51e1b4d30
4,6,56,20,0.7727272510528564,nan,6.605259418487549,6.605259418487549,0.0,nan,1,True,42,512,crpa_contribution,7da51e1b4d30
4,2,9,5,0.75,nan,6.605259418487549,6.605259895324707,4.76837158203125e-07,nan,1,True,42,512,crpa_contribution,7da51e1b4d30
4,2,9,3,0.75,nan,6.605259418487549,6.605257987976074,-1.430511474609375e-06,nan,1,True,42,512,crpa_contribution,7da51e1b4d30
4,2,343,317,0.75,nan,6.605259418487549,6.605259418487549,0.0,nan,1,True,42,512,crpa_contribution,7da51e1b4d30
4,2,343,332,0.75,nan,6.605259418487549,6.605258464813232,-9.5367431640625e-07,nan,1,True,42,512,crpa_contribution,7da51e1b4d30
4,2,9,4,0.75,nan,6.605259418487549,6.605261325836182,1.9073486328125e-06,nan,1,True,42,512,crpa_contribution,7da51e1b4d30
4,3,32,11,0.75,nan,6.605259418487549,6.605260372161865,9.5367431640625e-07,nan,1,True,42,512,crpa_contribution,7da51e1b4d30
4,4,22,14,0.75,nan,6.605259418487549,6.605259418487549,0.0,nan,1,True,42,512,crpa_contribution,7da51e1b4d30
4,4,19,14,0.75,nan,6.605259418487549,6.605259895324707,4.76837158203125e-07,nan,1,True,42,512,crpa_contribution,7da51e1b4d30
4,4,19,19,0.75,nan,6.605259418487549,6.605259418487549,0.0,nan,1,True,42,512,crpa_contribution,7da51e1b4d30
4,5,5,3,0.75,nan,6.605259418487549,6.605261325836182,1.9073486328125e-06,nan,1,True,42,512,crpa_contribution,7da51e1b4d30
4,7,50,29,0.75,nan,6.605259418487549,6.605259418487549,0.0,nan,1,True,42,512,crpa_contribution,7da51e1b4d30
4,7,14,5,0.75,nan,6.605259418487549,6.605258941650391,-4.76837158203125e-07,nan,1,True,42,512,crpa_contribution,7da51e1b4d30
4,7,50,49,0.75,nan,6.605259418487549,6.605259895324707,4.76837158203125e-07,nan,1,True,42,512,crpa_contribution,7da51e1b4d30
4,7,55,50,0.7368420958518982,nan,6.605259418487549,6.605259418487549,0.0,nan,1,True,42,512,crpa_contribution,7da51e1b4d30
4,7,54,30,0.7333333492279053,nan,6.605259418487549,6.605260372161865,9.5367431640625e-07,nan,1,True,42,512,crpa_contribution,7da51e1b4d30
4,2,40,23,0.7272727489471436,nan,6.605259418487549,6.605257987976074,-1.430511474609375e-06,nan,1,True,42,512,crpa_contribution,7da51e1b4d30
4,2,49,21,0.7272727489471436,nan,6.605259418487549,6.605258464813232,-9.5367431640625e-07,nan,1,True,42,512,crpa_contribution,7da51e1b4d30
4,5,233,211,0.7254902124404907,nan,6.605259418487549,6.605259895324707,4.76837158203125e-07,nan,1,True,42,512,crpa_contribution,7da51e1b4d30
4,3,97,37,0.7213114500045776,nan,6.605259418487549,6.605259895324707,4.76837158203125e-07,nan,1,True,42,512,crpa_contribution,7da51e1b4d30
4,7,354,324,0.717391312122345,nan,6.605259418487549,6.605259418487549,0.0,nan,1,True,42,512,crpa_contribution,7da51e1b4d30
4,2,197,150,0.7142857313156128,nan,6.605259418487549,6.605259895324707,4.76837158203125e-07,nan,1,True,42,512,crpa_contribution,7da51e1b4d30
4,4,8,1,0.7142857313156128,nan,6.605259418487549,6.605260372161865,9.5367431640625e-07,nan,1,True,42,512,crpa_contribution,7da51e1b4d30
4,4,8,5,0.7142857313156128,nan,6.605259418487549,6.605259418487549,0.0,nan,1,True,42,512,crpa_contribution,7da51e1b4d30
4,1,342,312,0.7090908885002136,nan,6.605259418487549,6.605259895324707,4.76837158203125e-07,nan,1,True,42,512,crpa_contribution,7da51e1b4d30
4,7,56,37,0.7083333134651184,nan,6.605259418487549,6.605259418487549,0.0,nan,1,True,42,512,crpa_contribution,7da51e1b4d30
4,7,64,29,0.7083333134651184,nan,6.605259418487549,6.605259418487549,0.0,nan,1,True,42,512,crpa_contribution,7da51e1b4d30
4,3,109,25,0.6984127163887024,nan,6.605259418487549,6.605259418487549,0.0,nan,1,True,42,512,crpa_contribution,7da51e1b4d30
4,4,36,32,0.695652186870575,nan,6.605259418487549,6.605258941650391,-4.76837158203125e-07,nan,1,True,42,512,crpa_contribution,7da51e1b4d30
4,7,63,38,0.695652186870575,nan,6.605259418487549,6.605259418487549,0.0,nan,1,True,42,512,crpa_contribution,7da51e1b4d30
4,2,79,16,0.692307710647583,nan,6.605259418487549,6.605259418487549,0.0,nan,1,True,42,512,crpa_contribution,7da51e1b4d30
4,7,65,38,0.692307710647583,nan,6.605259418487549,6.605259895324707,4.76837158203125e-07,nan,1,True,42,512,crpa_contribution,7da51e1b4d30
4,7,63,63,0.692307710647583,nan,6.605259418487549,6.605259418487549,0.0,nan,1,True,42,512,crpa_contribution,7da51e1b4d30
4,5,74,71,0.6896551847457886,nan,6.605259418487549,6.605259418487549,0.0,nan,1,True,42,512,crpa_contribution,7da51e1b4d30
4,1,115,19,0.6875,nan,6.605259418487549,6.605259418487549,0.0,nan,1,True,42,512,crpa_contribution,7da51e1b4d30
4,5,321,283,0.6857143044471741,nan,6.605259418487549,6.605259895324707,4.76837158203125e-07,nan,1,True,42,512,crpa_contribution,7da51e1b4d30
4,3,28,25,0.6842105388641357,nan,6.605259418487549,6.605258941650391,-4.76837158203125e-07,nan,1,True,42,512,crpa_contribution,7da51e1b4d30
4,5,109,51,0.6842105388641357,nan,6.605259418487549,6.605259418487549,0.0,nan,1,True,42,512,crpa_contribution,7da51e1b4d30
4,7,233,180,0.6842105388641357,nan,6.605259418487549,6.605259418487549,0.0,nan,1,True,42,512,crpa_contribution,7da51e1b4d30
4,4,191,140,0.6829268336296082,nan,6.605259418487549,6.605259418487549,0.0,nan,1,True,42,512,crpa_contribution,7da51e1b4d30
4,4,206,170,0.6829268336296082,nan,6.605259418487549,6.605259895324707,4.76837158203125e-07,nan,1,True,42,512,crpa_contribution,7da51e1b4d30
4,2,348,339,0.6818181872367859,nan,6.605259418487549,6.605259418487549,0.0,nan,1,True,42,512,crpa_contribution,7da51e1b4d30
4,3,123,121,0.6811594367027283,nan,6.605259418487549,6.605259418487549,0.0,nan,1,True,42,512,crpa_contribution,7da51e1b4d30
4,5,501,492,0.6808510422706604,nan,6.605259418487549,6.605259418487549,0.0,nan,1,True,42,512,crpa_contribution,7da51e1b4d30
4,1,467,448,0.6792452931404114,nan,6.605259418487549,6.605259418487549,0.0,nan,1,True,42,512,crpa_contribution,7da51e1b4d30
4,2,376,283,0.6764705777168274,nan,6.605259418487549,6.605259418487549,0.0,nan,1,True,42,512,crpa_contribution,7da51e1b4d30
4,5,196,142,0.6764705777168274,nan,6.605259418487549,6.605259418487549,0.0,nan,1,True,42,512,crpa_contribution,7da51e1b4d30
4,5,217,153,0.6764705777168274,nan,6.605259418487549,6.605259895324707,4.76837158203125e-07,nan,1,True,42,512,crpa_contribution,7da51e1b4d30
4,5,220,147,0.6764705777168274,nan,6.605259418487549,6.605259418487549,0.0,nan,1,True,42,512,crpa_contribution,7da51e1b4d30
4,7,217,196,0.6756756901741028,nan,6.605259418487549,6.605259418487549,0.0,nan,1,True,42,512,crpa_contribution,7da51e1b4d30
4,7,216,131,0.675000011920929,nan,6.605259418487549,6.605259418487549,0.0,nan,1,True,42,512,crpa_contribution,7da51e1b4d30
4,0,130,130,0.6666666865348816,nan,6.605259418487549,6.605255603790283,-3.814697265625e-06,nan,1,True,42,512,crpa_contribution,7da51e1b4d30
4,1,21,10,0.6666666865348816,nan,6.605259418487549,6.605259895324707,4.76837158203125e-07,nan,1,True,42,512,crpa_contribution,7da51e1b4d30
4,1,21,16,0.6666666865348816,nan,6.605259418487549,6.605259418487549,0.0,nan,1,True,42,512,crpa_contribution,7da51e1b4d30
4,1,179,131,0.6666666865348816,nan,6.605259418487549,6.605259895324707,4.76837158203125e-07,nan,1,True,42,512,crpa_contribution,7da51e1b4d30
4,1,501,453,0.6666666865348816,nan,6.605259418487549,6.605259418487549,0.0,nan,1,True,42,512,crpa_contribution,7da51e1b4d30
4,1,179,139,0.6666666865348816,nan,6.605259418487549,6.605259418487549,0.0,nan,1,True,42,512,crpa_contribution,7da51e1b4d30
4,2,146,133,0.6666666865348816,nan,6.605259418487549,6.605259895324707,4.76837158203125e-07,nan,1,True,42,512,crpa_contribution,7da51e1b4d30
4,2,105,80,0.6666666865348816,nan,6.605259418487549,6.605259418487549,0.0,nan,1,True,42,512,crpa_contribution,7da51e1b4d30
4,2,13,9,0.6666666865348816,nan,6.605259418487549,6.605262279510498,2.86102294921875e-06,nan,1,True,42,512,crpa_contribution,7da51e1b4d30
4,2,4,1,0.6666666865348816,nan,6.605259418487549,6.605265140533447,5.7220458984375e-06,nan,1,True,42,512,crpa_contribution,7da51e1b4d30
4,2,439,415,0.6666666865348816,nan,6.605259418487549,6.605259418487549,0.0,nan,1,True,42,512,crpa_contribution,7da51e1b4d30
4,2,340,293,0.6666666865348816,nan,6.605259418487549,6.605259418487549,0.0,nan,1,True,42,512,crpa_contribution,7da51e1b4d30
4,4,4,1,0.6666666865348816,nan,6.605259418487549,6.605261325836182,1.9073486328125e-06,nan,1,True,42,512,crpa_contribution,7da51e1b4d30
4,5,43,30,0.6666666865348816,nan,6.605259418487549,6.605260848999023,1.430511474609375e-06,nan,1,True,42,512,crpa_contribution,7da51e1b4d30
4,5,102,54,0.6666666865348816,nan,6.605259418487549,6.605259895324707,4.76837158203125e-07,nan,1,True,42,512,crpa_contribution,7da51e1b4d30
4,5,404,393,0.6666666865348816,nan,6.605259418487549,6.605259895324707,4.76837158203125e-07,nan,1,True,42,512,crpa_contribution,7da51e1b4d30
4,5,82,63,0.6666666865348816,nan,6.605259418487549,6.605259418487549,0.0,nan,1,True,42,512,crpa_contribution,7da51e1b4d30
4,6,3,2,0.6666666865348816,nan,6.605259418487549,6.605263710021973,4.291534423828125e-06,nan,1,True,42,512,crpa_contribution,7da51e1b4d30
4,7,10,4,0.6666666865348816,nan,6.605259418487549,6.605259895324707,4.76837158203125e-07,nan,1,True,42,512,crpa_contribution,7da51e1b4d30
4,7,199,158,0.6666666865348816,nan,6.605259418487549,6.605259418487549,0.0,nan,1,True,42,512,crpa_contribution,7da51e1b4d30
4,7,7,4,0.6666666865348816,nan,6.605259418487549,6.605259895324707,4.76837158203125e-07,nan,1,True,42,512,crpa_contribution,7da51e1b4d30
4,4,381,295,0.6623376607894897,nan,6.605259418487549,6.605259418487549,0.0,nan,1,True,42,512,crpa_contribution,7da51e1b4d30
4,4,381,281,0.6623376607894897,nan,6.605259418487549,6.605259418487549,0.0,nan,1,True,42,512,crpa_contribution,7da51e1b4d30
4,4,383,204,0.6623376607894897,nan,6.605259418487549,6.605259418487549,0.0,nan,1,True,42,512,crpa_contribution,7da51e1b4d30
4,3,104,72,0.6610169410705566,nan,6.605259418487549,6.605259895324707,4.76837158203125e-07,nan,1,True,42,512,crpa_contribution,7da51e1b4d30
4,7,241,147,0.6607142686843872,nan,6.605259418487549,6.605259418487549,0.0,nan,1,True,42,512,crpa_contribution,7da51e1b4d30
4,5,209,147,0.6571428775787354,nan,6.605259418487549,6.605259418487549,0.0,nan,1,True,42,512,crpa_contribution,7da51e1b4d30
4,2,501,478,0.65625,nan,6.605259418487549,6.605260848999023,1.430511474609375e-06,nan,1,True,42,512,crpa_contribution,7da51e1b4d30
4,3,496,415,0.6521739363670349,nan,6.605259418487549,6.605259418487549,0.0,nan,1,True,42,512,crpa_contribution,7da51e1b4d30
4,3,501,413,0.6521739363670349,nan,6.605259418487549,6.605259418487549,0.0,nan,1,True,42,512,crpa_contribution,7da51e1b4d30
4,7,207,186,0.6499999761581421,nan,6.605259418487549,6.605259895324707,4.76837158203125e-07,nan,1,True,42,512,crpa_contribution,7da51e1b4d30
4,1,103,18,0.6491228342056274,nan,6.605259418487549,6.605259418487549,0.0,nan,1,True,42,512,crpa_contribution,7da51e1b4d30
4,5,340,301,0.6486486196517944,nan,6.605259418487549,6.605259418487549,0.0,nan,1,True,42,512,crpa_contribution,7da51e1b4d30
4,7,124,86,0.6481481194496155,nan,6.605259418487549,6.605258941650391,-4.76837158203125e-07,nan,1,True,42,512,crpa_contribution,7da51e1b4d30
4,7,123,63,0.6481481194496155,nan,6.605259418487549,6.605259895324707,4.76837158203125e-07,nan,1,True,42,512,crpa_contribution,7da51e1b4d30
4,4,467,415,0.6470588445663452,nan,6.605259418487549,6.605259895324707,4.76837158203125e-07,nan,1,True,42,512,crpa_contribution,7da51e1b4d30
4,6,52,7,0.6470588445663452,nan,6.605259418487549,6.605259418487549,0.0,nan,1,True,42,512,crpa_contribution,7da51e1b4d30
4,4,491,400,0.6451612710952759,nan,6.605259418487549,6.605259418487549,0.0,nan,1,True,42,512,crpa_contribution,7da51e1b4d30
4,0,84,27,0.6428571343421936,nan,6.605259418487549,6.605259418487549,0.0,nan,1,True,42,512,crpa_contribution,7da51e1b4d30
4,0,96,7,0.6428571343421936,nan,6.605259418487549,6.605259895324707,4.76837158203125e-07,nan,1,True,42,512,crpa_contribution,7da51e1b4d30
4,1,55,33,0.6428571343421936,nan,6.605259418487549,6.605259418487549,0.0,nan,1,True,42,512,crpa_contribution,7da51e1b4d30
4,4,87,80,0.6428571343421936,nan,6.605259418487549,6.605259895324707,4.76837158203125e-07,nan,1,True,42,512,crpa_contribution,7da51e1b4d30
4,6,364,318,0.6428571343421936,nan,6.605259418487549,6.605259418487549,0.0,nan,1,True,42,512,crpa_contribution,7da51e1b4d30
4,5,374,283,0.6415094137191772,nan,6.605259418487549,6.605259418487549,0.0,nan,1,True,42,512,crpa_contribution,7da51e1b4d30
4,3,330,325,0.6399999856948853,nan,6.605259418487549,6.605259418487549,0.0,nan,1,True,42,512,crpa_contribution,7da51e1b4d30
4,3,56,49,0.6388888955116272,nan,6.605259418487549,6.605259418487549,0.0,nan,1,True,42,512,crpa_contribution,7da51e1b4d30
4,5,208,197,0.6388888955116272,nan,6.605259418487549,6.605259418487549,0.0,nan,1,True,42,512,crpa_contribution,7da51e1b4d30
4,6,103,34,0.6388888955116272,nan,6.605259418487549,6.605259418487549,0.0,nan,1,True,42,512,crpa_contribution,7da51e1b4d30
4,2,38,23,0.6363636255264282,nan,6.605259418487549,6.6052632331848145,3.814697265625e-06,nan,1,True,42,512,crpa_contribution,7da51e1b4d30
4,5,240,227,0.6363636255264282,nan,6.605259418487549,6.605259418487549,0.0,nan,1,True,42,512,crpa_contribution,7da51e1b4d30
4,5,273,258,0.6363636255264282,nan,6.605259418487549,6.605258464813232,-9.5367431640625e-07,nan,1,True,42,512,crpa_contribution,7da51e1b4d30
4,5,406,397,0.6363636255264282,nan,6.605259418487549,6.605259418487549,0.0,nan,1,True,42,512,crpa_contribution,7da51e1b4d30
4,5,97,48,0.6341463327407837,nan,6.605259418487549,6.605259418487549,0.0,nan,1,True,42,512,crpa_contribution,7da51e1b4d30
4,0,170,136,0.6315789222717285,nan,6.605259418487549,6.605259895324707,4.76837158203125e-07,nan,1,True,42,512,crpa_contribution,7da51e1b4d30
4,4,25,25,0.6315789222717285,nan,6.605259418487549,6.605259418487549,0.0,nan,1,True,42,512,crpa_contribution,7da51e1b4d30
4,5,62,28,0.6315789222717285,nan,6.605259418487549,6.605260372161865,9.5367431640625e-07,nan,1,True,42,512,crpa_contribution,7da51e1b4d30
4,0,217,168,0.6304348111152649,nan,6.605259418487549,6.605259418487549,0.0,nan,1,True,42,512,crpa_contribution,7da51e1b4d30
4,5,58,38,0.6296296119689941,nan,6.605259418487549,6.605259418487549,0.0,nan,1,True,42,512,crpa_contribution,7da51e1b4d30
4,3,124,37,0.6268656849861145,nan,6.605259418487549,6.605258941650391,-4.76837158203125e-07,nan,1,True,42,512,crpa_contribution,7da51e1b4d30
4,3,486,468,0.6268656849861145,nan,6.605259418487549,6.605259418487549,0.0,nan,1,True,42,512,crpa_contribution,7da51e1b4d30
4,2,420,400,0.625,nan,6.605259418487549,6.6052565574646,-2.86102294921875e-06,nan,1,True,42,512,crpa_contribution,7da51e1b4d30
4,3,126,65,0.625,nan,6.605259418487549,6.605259418487549,0.0,nan,1,True,42,512,crpa_contribution,7da51e1b4d30
4,3,345,307,0.625,nan,6.605259418487549,6.605259418487549,0.0,nan,1,True,42,512,crpa_contribution,7da51e1b4d30
4,3,345,345,0.625,nan,6.605259418487549,6.605259418487549,0.0,nan,1,True,42,512,crpa_contribution,7da51e1b4d30
4,4,24,23,0.625,nan,6.605259418487549,6.605258941650391,-4.76837158203125e-07,nan,1,True,42,512,crpa_contribution,7da51e1b4d30
4,1,108,12,0.6190476417541504,nan,6.605259418487549,6.605259418487549,0.0,nan,1,True,42,512,crpa_contribution,7da51e1b4d30
4,3,361,285,0.6190476417541504,nan,6.605259418487549,6.605259418487549,0.0,nan,1,True,42,512,crpa_contribution,7da51e1b4d30
4,3,361,258,0.6190476417541504,nan,6.605259418487549,6.605259418487549,0.0,nan,1,True,42,512,crpa_contribution,7da51e1b4d30
4,4,109,4,0.6190476417541504,nan,6.605259418487549,6.605259418487549,0.0,nan,1,True,42,512,crpa_contribution,7da51e1b4d30
4,4,113,93,0.6190476417541504,nan,6.605259418487549,6.605259418487549,0.0,nan,1,True,42,512,crpa_contribution,7da51e1b4d30
4,0,405,397,0.6153846383094788,nan,6.605259418487549,6.605258941650391,-4.76837158203125e-07,nan,1,True,42,512,crpa_contribution,7da51e1b4d30
4,0,400,397,0.6153846383094788,nan,6.605259418487549,6.605259418487549,0.0,nan,1,True,42,512,crpa_contribution,7da51e1b4d30
4,2,347,286,0.6153846383094788,nan,6.605259418487549,6.605259418487549,0.0,nan,1,True,42,512,crpa_contribution,7da51e1b4d30
4,3,448,390,0.6136363744735718,nan,6.605259418487549,6.605260372161865,9.5367431640625e-07,nan,1,True,42,512,crpa_contribution,7da51e1b4d30
4,3,453,385,0.6136363744735718,nan,6.605259418487549,6.605259895324707,4.76837158203125e-07,nan,1,True,42,512,crpa_contribution,7da51e1b4d30
4,3,247,197,0.6133333444595337,nan,6.605259418487549,6.605259418487549,0.0,nan,1,True,42,512,crpa_contribution,7da51e1b4d30
4,6,350,324,0.6129032373428345,nan,6.605259418487549,6.605259418487549,0.0,nan,1,True,42,512,crpa_contribution,7da51e1b4d30
4,3,73,66,0.6122449040412903,nan,6.605259418487549,6.605259418487549,0.0,nan,1,True,42,512,crpa_contribution,7da51e1b4d30
4,3,73,64,0.6122449040412903,nan,6.605259418487549,6.605259895324707,4.76837158203125e-07,nan,1,True,42,512,crpa_contribution,7da51e1b4d30
4,4,202,188,0.6122449040412903,nan,6.605259418487549,6.605258941650391,-4.76837158203125e-07,nan,1,True,42,512,crpa_contribution,7da51e1b4d30
4,4,21,21,0.6111111044883728,nan,6.605259418487549,6.605257987976074,-1.430511474609375e-06,nan,1,True,42,512,crpa_contribution,7da51e1b4d30
4,4,21,17,0.6111111044883728,nan,6.605259418487549,6.605259418487549,0.0,nan,1,True,42,512,crpa_contribution,7da51e1b4d30
4,4,29,15,0.6111111044883728,nan,6.605259418487549,6.605259418487549,0.0,nan,1,True,42,512,crpa_contribution,7da51e1b4d30
4,6,67,33,0.6086956262588501,nan,6.605259418487549,6.605259418487549,0.0,nan,1,True,42,512,crpa_contribution,7da51e1b4d30
4,1,323,300,0.6078431606292725,nan,6.605259418487549,6.605259895324707,4.76837158203125e-07,nan,1,True,42,512,crpa_contribution,7da51e1b4d30
4,1,323,280,0.6078431606292725,nan,6.605259418487549,6.605259895324707,4.76837158203125e-07,nan,1,True,42,512,crpa_contribution,7da51e1b4d30
4,6,199,193,0.6052631735801697,nan,6.605259418487549,6.605259895324707,4.76837158203125e-07,nan,1,True,42,512,crpa_contribution,7da51e1b4d30
4,0,509,443,0.60317462682724,nan,6.605259418487549,6.605259418487549,0.0,nan,1,True,42,512,crpa_contribution,7da51e1b4d30
4,1,31,10,0.6000000238418579,nan,6.605259418487549,6.605259418487549,0.0,nan,1,True,42,512,crpa_contribution,7da51e1b4d30
4,1,202,172,0.6000000238418579,nan,6.605259418487549,6.605259895324707,4.76837158203125e-07,nan,1,True,42,512,crpa_contribution,7da51e1b4d30
4,1,233,179,0.6000000238418579,nan,6.605259418487549,6.605259418487549,0.0,nan,1,True,42,512,crpa_contribution,7da51e1b4d30
4,1,95,64,0.6000000238418579,nan,6.605259418487549,6.605259418487549,0.0,nan,1,True,42,512,crpa_contribution,7da51e1b4d30
4,1,394,391,0.6000000238418579,nan,6.605259418487549,6.605259895324707,4.76837158203125e-07,nan,1,True,42,512,crpa_contribution,7da51e1b4d30
4,1,235,192,0.6000000238418579,nan,6.605259418487549,6.605259418487549,0.0,nan,1,True,42,512,crpa_contribution,7da51e1b4d30
4,6,30,3,0.6000000238418579,nan,6.605259418487549,6.605259895324707,4.76837158203125e-07,nan,1,True,42,512,crpa_contribution,7da51e1b4d30
4,6,122,51,0.6000000238418579,nan,6.605259418487549,6.605259418487549,0.0,nan,1,True,42,512,crpa_contribution,7da51e1b4d30
4,6,31,17,0.6000000238418579,nan,6.605259418487549,6.605260372161865,9.5367431640625e-07,nan,1,True,42,512,crpa_contribution,7da51e1b4d30
4,6,7,0,0.6000000238418579,nan,6.605259418487549,6.605258464813232,-9.5367431640625e-07,nan,1,True,42,512,crpa_contribution,7da51e1b4d30
4,6,30,17,0.6000000238418579,nan,6.605259418487549,6.605259895324707,4.76837158203125e-07,nan,1,True,42,512,crpa_contribution,7da51e1b4d30
4,1,126,71,0.5972222089767456,nan,6.605259418487549,6.605259418487549,0.0,nan,1,True,42,512,crpa_contribution,7da51e1b4d30
4,1,126,38,0.5972222089767456,nan,6.605259418487549,6.605259418487549,0.0,nan,1,True,42,512,crpa_contribution,7da51e1b4d30
4,1,117,95,0.5972222089767456,nan,6.605259418487549,6.605259418487549,0.0,nan,1,True,42,512,crpa_contribution,7da51e1b4d30
4,6,226,131,0.5957446694374084,nan,6.605259418487549,6.605259895324707,4.76837158203125e-07,nan,1,True,42,512,crpa_contribution,7da51e1b4d30
4,1,56,48,0.5945945978164673,nan,6.605259418487549,6.605259418487549,0.0,nan,1,True,42,512,crpa_contribution,7da51e1b4d30
4,0,62,54,0.59375,nan,6.605259418487549,6.605259418487549,0.0,nan,1,True,42,512,crpa_contribution,7da51e1b4d30
4,6,64,4,0.59375,nan,6.605259418487549,6.605258941650391,-4.76837158203125e-07,nan,1,True,42,512,crpa_contribution,7da51e1b4d30
4,6,81,49,0.59375,nan,6.605259418487549,6.605259418487549,0.0,nan,1,True,42,512,crpa_contribution,7da51e1b4d30
4,6,57,51,0.59375,nan,6.605259418487549,6.605259418487549,0.0,nan,1,True,42,512,crpa_contribution,7da51e1b4d30
4,0,365,314,0.5932203531265259,nan,6.605259418487549,6.605259895324707,4.76837158203125e-07,nan,1,True,42,512,crpa_contribution,7da51e1b4d30
4,6,473,406,0.5897436141967773,nan,6.605259418487549,6.605258941650391,-4.76837158203125e-07,nan,1,True,42,512,crpa_contribution,7da51e1b4d30
4,1,364,204,0.5890411138534546,nan,6.605259418487549,6.605259418487549,0.0,nan,1,True,42,512,crpa_contribution,7da51e1b4d30
4,6,34,4,0.5882353186607361,nan,6.605259418487549,6.605260372161865,9.5367431640625e-07,nan,1,True,42,512,crpa_contribution,7da51e1b4d30
4,0,185,161,0.5862069129943848,nan,6.605259418487549,6.605259895324707,4.76837158203125e-07,nan,1,True,42,512,crpa_contribution,7da51e1b4d30
4,0,187,161,0.5862069129943848,nan,6.605259418487549,6.605259895324707,4.76837158203125e-07,nan,1,True,42,512,crpa_contribution,7da51e1b4d30
4,0,465,426,0.5833333134651184,nan,6.605259418487549,6.605259418487549,0.0,nan,1,True,42,512,crpa_contribution,7da51e1b4d30
4,6,24,15,0.5833333134651184,nan,6.605259418487549,6.605260372161865,9.5367431640625e-07,nan,1,True,42,512,crpa_contribution,7da51e1b4d30
4,6,236,225,0.5833333134651184,nan,6.605259418487549,6.605259418487549,0.0,nan,1,True,42,512,crpa_contribution,7da51e1b4d30
4,6,240,148,0.5833333134651184,nan,6.605259418487549,6.605259418487549,0.0,nan,1,True,42,512,crpa_contribution,7da51e1b4d30
4,6,32,22,0.5833333134651184,nan,6.605259418487549,6.605259418487549,0.0,nan,1,True,42,512,crpa_contribution,7da51e1b4d30
4,0,361,354,0.5789473652839661,nan,6.605259418487549,6.605259895324707,4.76837158203125e-07,nan,1,True,42,512,crpa_contribution,7da51e1b4d30
4,0,340,204,0.574999988079071,nan,6.605259418487549,6.605259418487549,0.0,nan,1,True,42,512,crpa_contribution,7da51e1b4d30
4,0,343,288,0.574999988079071,nan,6.605259418487549,6.605259418487549,0.0,nan,1,True,42,512,crpa_contribution,7da51e1b4d30
4,0,343,294,0.574999988079071,nan,6.605259418487549,6.605259418487549,0.0,nan,1,True,42,512,crpa_contribution,7da51e1b4d30
4,0,340,279,0.574999988079071,nan,6.605259418487549,6.605259418487549,0.0,nan,1,True,42,512,crpa_contribution,7da51e1b4d30
4,0,420,384,0.5714285969734192,nan,6.605259418487549,6.605259895324707,4.76837158203125e-07,nan,1,True,42,512,crpa_contribution,7da51e1b4d30
4,0,419,408,0.5714285969734192,nan,6.605259418487549,6.605259895324707,4.76837158203125e-07,nan,1,True,42,512,crpa_contribution,7da51e1b4d30
4,0,418,395,0.5652173757553101,nan,6.605259418487549,6.605259895324707,4.76837158203125e-07,nan,1,True,42,512,crpa_contribution,7da51e1b4d30
4,0,26,3,0.5625,nan,6.605259418487549,6.605259418487549,0.0,nan,1,True,42,512,crpa_contribution,7da51e1b4d30
5,0,3,1,1.0,nan,6.605259418487549,6.60524320602417,-1.621246337890625e-05,nan,1,True,42,512,crpa_contribution,7da51e1b4d30
5,0,3,0,1.0,nan,6.605259418487549,6.605255603790283,-3.814697265625e-06,nan,1,True,42,512,crpa_contribution,7da51e1b4d30
5,1,49,23,1.0,nan,6.605259418487549,6.6052656173706055,6.198883056640625e-06,nan,1,True,42,512,crpa_contribution,7da51e1b4d30
5,1,49,30,1.0,nan,6.605259418487549,6.605258464813232,-9.5367431640625e-07,nan,1,True,42,512,crpa_contribution,7da51e1b4d30
5,1,40,25,1.0,nan,6.605259418487549,6.605259895324707,4.76837158203125e-07,nan,1,True,42,512,crpa_contribution,7da51e1b4d30
5,1,3,1,1.0,nan,6.605259418487549,6.605268955230713,9.5367431640625e-06,nan,1,True,42,512,crpa_contribution,7da51e1b4d30
5,1,56,37,0.8999999761581421,nan,6.605259418487549,6.605259895324707,4.76837158203125e-07,nan,1,True,42,512,crpa_contribution,7da51e1b4d30
5,5,499,438,0.8474576473236084,nan,6.605259418487549,6.605259418487549,0.0,nan,1,True,42,512,crpa_contribution,7da51e1b4d30
5,0,297,290,0.8333333134651184,nan,6.605259418487549,6.605257987976074,-1.430511474609375e-06,nan,1,True,42,512,crpa_contribution,7da51e1b4d30
5,0,426,414,0.8333333134651184,nan,6.605259418487549,6.605259418487549,0.0,nan,1,True,42,512,crpa_contribution,7da51e1b4d30
5,1,411,102,0.8333333134651184,nan,6.605259418487549,6.605259895324707,4.76837158203125e-07,nan,1,True,42,512,crpa_contribution,7da51e1b4d30
5,1,426,400,0.8333333134651184,nan,6.605259418487549,6.605260848999023,1.430511474609375e-06,nan,1,True,42,512,crpa_contribution,7da51e1b4d30
5,1,404,102,0.8333333134651184,nan,6.605259418487549,6.605260372161865,9.5367431640625e-07,nan,1,True,42,512,crpa_contribution,7da51e1b4d30
5,2,59,59,0.8333333134651184,nan,6.605259418487549,6.605257987976074,-1.430511474609375e-06,nan,1,True,42,512,crpa_contribution,7da51e1b4d30
5,1,174,139,0.8181818127632141,nan,6.605259418487549,6.605258464813232,-9.5367431640625e-07,nan,1,True,42,512,crpa_contribution,7da51e1b4d30
5,1,483,440,0.8095238208770752,nan,6.605259418487549,6.605259895324707,4.76837158203125e-07,nan,1,True,42,512,crpa_contribution,7da51e1b4d30
5,2,72,18,0.8095238208770752,nan,6.605259418487549,6.605259418487549,0.0,nan,1,True,42,512,crpa_contribution,7da51e1b4d30
5,2,72,61,0.8095238208770752,nan,6.605259418487549,6.605259895324707,4.76837158203125e-07,nan,1,True,42,512,crpa_contribution,7da51e1b4d30
5,0,56,32,0.800000011920929,nan,6.605259418487549,6.605261325836182,1.9073486328125e-06,nan,1,True,42,512,crpa_contribution,7da51e1b4d30
5,0,236,218,0.800000011920929,nan,6.605259418487549,6.605259895324707,4.76837158203125e-07,nan,1,True,42,512,crpa_contribution,7da51e1b4d30
5,0,69,25,0.800000011920929,nan,6.605259418487549,6.605259418487549,0.0,nan,1,True,42,512,crpa_contribution,7da51e1b4d30
5,1,134,133,0.800000011920929,nan,6.605259418487549,6.605257034301758,-2.384185791015625e-06,nan,1,True,42,512,crpa_contribution,7da51e1b4d30
5,2,10,7,0.800000011920929,nan,6.605259418487549,6.6052632331848145,3.814697265625e-06,nan,1,True,42,512,crpa_contribution,7da51e1b4d30
5,5,8,4,0.800000011920929,nan,6.605259418487549,6.605258941650391,-4.76837158203125e-07,nan,1,True,42,512,crpa_contribution,7da51e1b4d30
5,5,7,5,0.800000011920929,nan,6.605259418487549,6.605258941650391,-4.76837158203125e-07,nan,1,True,42,512,crpa_contribution,7da51e1b4d30
5,5,8,5,0.800000011920929,nan,6.605259418487549,6.605259895324707,4.76837158203125e-07,nan,1,True,42,512,crpa_contribution,7da51e1b4d30
5,6,447,428,0.774193525314331,nan,6.605259418487549,6.605260372161865,9.5367431640625e-07,nan,1,True,42,512,crpa_contribution,7da51e1b4d30
5,0,73,16,0.7692307829856873,nan,6.605259418487549,6.605259895324707,4.76837158203125e-07,nan,1,True,42,512,crpa_contribution,7da51e1b4d30
5,0,181,162,0.7692307829856873,nan,6.605259418487549,6.605260848999023,1.430511474609375e-06,nan,1,True,42,512,crpa_contribution,7da51e1b4d30
5,6,275,265,0.7692307829856873,nan,6.605259418487549,6.605259418487549,0.0,nan,1,True,42,512,crpa_contribution,7da51e1b4d30
5,2,65,39,0.761904776096344,nan,6.605259418487549,6.605259895324707,4.76837158203125e-07,nan,1,True,42,512,crpa_contribution,7da51e1b4d30
5,4,316,288,0.7586206793785095,nan,6.605259418487549,6.605259418487549,0.0,nan,1,True,42,512,crpa_contribution,7da51e1b4d30
5,4,316,275,0.7586206793785095,nan,6.605259418487549,6.605259418487549,0.0,nan,1,True,42,512,crpa_contribution,7da51e1b4d30
5,0,457,445,0.75,nan,6.605259418487549,6.605259418487549,0.0,nan,1,True,42,512,crpa_contribution,7da51e1b4d30
5,0,10,4,0.75,nan,6.605259418487549,6.605258464813232,-9.5367431640625e-07,nan,1,True,42,512,crpa_contribution,7da51e1b4d30
5,1,38,25,0.75,nan,6.605259418487549,6.605257034301758,-2.384185791015625e-06,nan,1,True,42,512,crpa_contribution,7da51e1b4d30
5,1,466,397,0.75,nan,6.605259418487549,6.605259418487549,0.0,nan,1,True,42,512,crpa_contribution,7da51e1b4d30
5,1,7,4,0.75,nan,6.605259418487549,6.605257511138916,-1.9073486328125e-06,nan,1,True,42,512,crpa_contribution,7da51e1b4d30
5,2,6,0,0.75,nan,6.605259418487549,6.605260848999023,1.430511474609375e-06,nan,1,True,42,512,crpa_contribution,7da51e1b4d30
5,2,330,306,0.75,nan,6.605259418487549,6.605259418487549,0.0,nan,1,True,42,512,crpa_contribution,7da51e1b4d30
5,2,249,202,0.75,nan,6.605259418487549,6.605259418487549,0.0,nan,1,True,42,512,crpa_contribution,7da51e1b4d30
5,3,4,4,0.75,nan,6.605259418487549,6.605264186859131,4.76837158203125e-06,nan,1,True,42,512,crpa_contribution,7da51e1b4d30
5,1,342,287,0.7333333492279053,nan,6.605259418487549,6.605259418487549,0.0,nan,1,True,42,512,crpa_contribution,7da51e1b4d30
5,1,328,313,0.7333333492279053,nan,6.605259418487549,6.605259418487549,0.0,nan,1,True,42,512,crpa_contribution,7da51e1b4d30
5,2,55,42,0.7333333492279053,nan,6.605259418487549,6.605259418487549,0.0,nan,1,True,42,512,crpa_contribution,7da51e1b4d30
5,2,197,175,0.7333333492279053,nan,6.605259418487549,6.605259418487549,0.0,nan,1,True,42,512,crpa_contribution,7da51e1b4d30
5,2,208,151,0.7333333492279053,nan,6.605259418487549,6.605259418487549,0.0,nan,1,True,42,512,crpa_contribution,7da51e1b4d30
5,2,208,160,0.7333333492279053,nan,6.605259418487549,6.605258941650391,-4.76837158203125e-07,nan,1,True,42,512,crpa_contribution,7da51e1b4d30
5,2,55,38,0.7333333492279053,nan,6.605259418487549,6.605259418487549,0.0,nan,1,True,42,512,crpa_contribution,7da51e1b4d30
5,1,51,50,0.7272727489471436,nan,6.605259418487549,6.605259895324707,4.76837158203125e-07,nan,1,True,42,512,crpa_contribution,7da51e1b4d30
5,1,507,428,0.7272727489471436,nan,6.605259418487549,6.605259895324707,4.76837158203125e-07,nan,1,True,42,512,crpa_contribution,7da51e1b4d30
5,1,317,102,0.7272727489471436,nan,6.605259418487549,6.605259418487549,0.0,nan,1,True,42,512,crpa_contribution,7da51e1b4d30
5,3,23,2,0.7272727489471436,nan,6.605259418487549,6.605259418487549,0.0,nan,1,True,42,512,crpa_contribution,7da51e1b4d30
5,6,21,9,0.7272727489471436,nan,6.605259418487549,6.605259418487549,0.0,nan,1,True,42,512,crpa_contribution,7da51e1b4d30
5,4,435,420,0.7241379022598267,nan,6.605259418487549,6.605259418487549,0.0,nan,1,True,42,512,crpa_contribution,7da51e1b4d30
5,4,438,428,0.7241379022598267,nan,6.605259418487549,6.605260372161865,9.5367431640625e-07,nan,1,True,42,512,crpa_contribution,7da51e1b4d30
5,6,59,29,0.7241379022598267,nan,6.605259418487549,6.605259895324707,4.76837158203125e-07,nan,1,True,42,512,crpa_contribution,7da51e1b4d30
5,1,359,352,0.7222222089767456,nan,6.605259418487549,6.605259895324707,4.76837158203125e-07,nan,1,True,42,512,crpa_contribution,7da51e1b4d30
5,1,359,324,0.7222222089767456,nan,6.605259418487549,6.605259895324707,4.76837158203125e-07,nan,1,True,42,512,crpa_contribution,7da51e1b4d30
5,2,437,396,0.7222222089767456,nan,6.605259418487549,6.605259418487549,0.0,nan,1,True,42,512,crpa_contribution,7da51e1b4d30
5,4,451,397,0.7222222089767456,nan,6.605259418487549,6.605259418487549,0.0,nan,1,True,42,512,crpa_contribution,7da51e1b4d30
5,2,374,373,0.7179487347602844,nan,6.605259418487549,6.605259418487549,0.0,nan,1,True,42,512,crpa_contribution,7da51e1b4d30
5,0,433,400,0.7142857313156128,nan,6.605259418487549,6.605257511138916,-1.9073486328125e-06,nan,1,True,42,512,crpa_contribution,7da51e1b4d30
5,0,21,2,0.7142857313156128,nan,6.605259418487549,6.605258464813232,-9.5367431640625e-07,nan,1,True,42,512,crpa_contribution,7da51e1b4d30
5,1,421,399,0.7142857313156128,nan,6.605259418487549,6.605259418487549,0.0,nan,1,True,42,512,crpa_contribution,7da51e1b4d30
5,1,421,391,0.7142857313156128,nan,6.605259418487549,6.605257987976074,-1.430511474609375e-06,nan,1,True,42,512,crpa_contribution,7da51e1b4d30
5,1,464,440,0.7142857313156128,nan,6.605259418487549,6.605259895324707,4.76837158203125e-07,nan,1,True,42,512,crpa_contribution,7da51e1b4d30
5,2,12,8,0.7142857313156128,nan,6.605259418487549,6.605258941650391,-4.76837158203125e-07,nan,1,True,42,512,crpa_contribution,7da51e1b4d30
5,2,219,160,0.7142857313156128,nan,6.605259418487549,6.605259418487549,0.0,nan,1,True,42,512,crpa_contribution,7da51e1b4d30
5,2,114,39,0.7142857313156128,nan,6.605259418487549,6.605259418487549,0.0,nan,1,True,42,512,crpa_contribution,7da51e1b4d30
5,2,114,72,0.7142857313156128,nan,6.605259418487549,6.605259418487549,0.0,nan,1,True,42,512,crpa_contribution,7da51e1b4d30
5,2,82,34,0.7142857313156128,nan,6.605259418487549,6.605259418487549,0.0,nan,1,True,42,512,crpa_contribution,7da51e1b4d30
5,2,325,204,0.7083333134651184,nan,6.605259418487549,6.605259418487549,0.0,nan,1,True,42,512,crpa_contribution,7da51e1b4d30
5,5,40,1,0.7083333134651184,nan,6.605259418487549,6.605259418487549,0.0,nan,1,True,42,512,crpa_contribution,7da51e1b4d30
5,3,489,466,0.7076923251152039,nan,6.605259418487549,6.605259895324707,4.76837158203125e-07,nan,1,True,42,512,crpa_contribution,7da51e1b4d30
5,2,377,204,0.7058823704719543,nan,6.605259418487549,6.605259418487549,0.0,nan,1,True,42,512,crpa_contribution,7da51e1b4d30
5,2,448,437,0.7058823704719543,nan,6.605259418487549,6.605259418487549,0.0,nan,1,True,42,512,crpa_contribution,7da51e1b4d30
5,2,377,270,0.7058823704719543,nan,6.605259418487549,6.605259418487549,0.0,nan,1,True,42,512,crpa_contribution,7da51e1b4d30
5,4,449,439,0.7058823704719543,nan,6.605259418487549,6.605260372161865,9.5367431640625e-07,nan,1,True,42,512,crpa_contribution,7da51e1b4d30
5,5,234,168,0.7017543911933899,nan,6.605259418487549,6.605259895324707,4.76837158203125e-07,nan,1,True,42,512,crpa_contribution,7da51e1b4d30
5,3,44,36,0.695652186870575,nan,6.605259418487549,6.605259418487549,0.0,nan,1,True,42,512,crpa_contribution,7da51e1b4d30
5,3,44,19,0.695652186870575,nan,6.605259418487549,6.605258941650391,-4.76837158203125e-07,nan,1,True,42,512,crpa_contribution,7da51e1b4d30
5,3,69,42,0.6944444179534912,nan,6.605259418487549,6.605259418487549,0.0,nan,1,True,42,512,crpa_contribution,7da51e1b4d30
5,0,60,57,0.692307710647583,nan,6.605259418487549,6.605258941650391,-4.76837158203125e-07,nan,1,True,42,512,crpa_contribution,7da51e1b4d30
5,0,473,391,0.692307710647583,nan,6.605259418487549,6.605260848999023,1.430511474609375e-06,nan,1,True,42,512,crpa_contribution,7da51e1b4d30
5,5,52,2,0.692307710647583,nan,6.605259418487549,6.605259418487549,0.0,nan,1,True,42,512,crpa_contribution,7da51e1b4d30
5,5,41,2,0.692307710647583,nan,6.605259418487549,6.605259895324707,4.76837158203125e-07,nan,1,True,42,512,crpa_contribution,7da51e1b4d30
5,6,37,11,0.692307710647583,nan,6.605259418487549,6.605259418487549,0.0,nan,1,True,42,512,crpa_contribution,7da51e1b4d30
5,5,206,178,0.6904761791229248,nan,6.605259418487549,6.605259418487549,0.0,nan,1,True,42,512,crpa_contribution,7da51e1b4d30
5,3,345,319,0.6896551847457886,nan,6.605259418487549,6.605259418487549,0.0,nan,1,True,42,512,crpa_contribution,7da51e1b4d30
5,4,208,158,0.6875,nan,6.605259418487549,6.605259895324707,4.76837158203125e-07,nan,1,True,42,512,crpa_contribution,7da51e1b4d30
5,4,208,150,0.6875,nan,6.605259418487549,6.605259418487549,0.0,nan,1,True,42,512,crpa_contribution,7da51e1b4d30
5,6,75,42,0.6857143044471741,nan,6.605259418487549,6.605259418487549,0.0,nan,1,True,42,512,crpa_contribution,7da51e1b4d30
5,5,320,270,0.6842105388641357,nan,6.605259418487549,6.605259418487549,0.0,nan,1,True,42,512,crpa_contribution,7da51e1b4d30
5,5,102,13,0.6842105388641357,nan,6.605259418487549,6.605259895324707,4.76837158203125e-07,nan,1,True,42,512,crpa_contribution,7da51e1b4d30
5,3,449,415,0.6829268336296082,nan,6.605259418487549,6.605259418487549,0.0,nan,1,True,42,512,crpa_contribution,7da51e1b4d30
5,7,494,428,0.6829268336296082,nan,6.605259418487549,6.605259418487549,0.0,nan,1,True,42,512,crpa_contribution,7da51e1b4d30
5,7,491,481,0.6829268336296082,nan,6.605259418487549,6.605259418487549,0.0,nan,1,True,42,512,crpa_contribution,7da51e1b4d30
5,3,501,487,0.682539701461792,nan,6.605259418487549,6.605259418487549,0.0,nan,1,True,42,512,crpa_contribution,7da51e1b4d30
5,0,230,191,0.6800000071525574,nan,6.605259418487549,6.605259418487549,0.0,nan,1,True,42,512,crpa_contribution,7da51e1b4d30
5,3,166,130,0.6785714030265808,nan,6.605259418487549,6.605260372161865,9.5367431640625e-07,nan,1,True,42,512,crpa_contribution,7da51e1b4d30
5,3,103,77,0.6774193644523621,nan,6.605259418487549,6.605259895324707,4.76837158203125e-07,nan,1,True,42,512,crpa_contribution,7da51e1b4d30
5,3,103,51,0.6774193644523621,nan,6.605259418487549,6.605259418487549,0.0,nan,1,True,42,512,crpa_contribution,7da51e1b4d30
5,5,113,87,0.6769230961799622,nan,6.605259418487549,6.605259418487549,0.0,nan,1,True,42,512,crpa_contribution,7da51e1b4d30
5,5,438,391,0.6764705777168274,nan,6.605259418487549,6.605259895324707,4.76837158203125e-07,nan,1,True,42,512,crpa_contribution,7da51e1b4d30
5,0,309,303,0.6666666865348816,nan,6.605259418487549,6.605261325836182,1.9073486328125e-06,nan,1,True,42,512,crpa_contribution,7da51e1b4d30
5,0,196,151,0.6666666865348816,nan,6.605259418487549,6.605259895324707,4.76837158203125e-07,nan,1,True,42,512,crpa_contribution,7da51e1b4d30
5,0,277,276,0.6666666865348816,nan,6.605259418487549,6.605260848999023,1.430511474609375e-06,nan,1,True,42,512,crpa_contribution,7da51e1b4d30
5,0,210,148,0.6666666865348816,nan,6.605259418487549,6.605259418487549,0.0,nan,1,True,42,512,crpa_contribution,7da51e1b4d30
5,0,111,32,0.6666666865348816,nan,6.605259418487549,6.605259418487549,0.0,nan,1,True,42,512,crpa_contribution,7da51e1b4d30
5,0,179,129,0.6666666865348816,nan,6.605259418487549,6.605259895324707,4.76837158203125e-07,nan,1,True,42,512,crpa_contribution,7da51e1b4d30
5,0,52,29,0.6666666865348816,nan,6.605259418487549,6.605259418487549,0.0,nan,1,True,42,512,crpa_contribution,7da51e1b4d30
5,0,103,29,0.6666666865348816,nan,6.605259418487549,6.605259418487549,0.0,nan,1,True,42,512,crpa_contribution,7da51e1b4d30
5,3,22,6,0.6666666865348816,nan,6.605259418487549,6.605259418487549,0.0,nan,1,True,42,512,crpa_contribution,7da51e1b4d30
5,3,1,1,0.6666666865348816,nan,6.605259418487549,6.605245590209961,-1.3828277587890625e-05,nan,1,True,42,512,crpa_contribution,7da51e1b4d30
5,3,7,2,0.6666666865348816,nan,6.605259418487549,6.605258464813232,-9.5367431640625e-07,nan,1,True,42,512,crpa_contribution,7da51e1b4d30
5,4,2,2,0.6666666865348816,nan,6.605259418487549,6.605248928070068,-1.049041748046875e-05,nan,1,True,42,512,crpa_contribution,7da51e1b4d30
5,4,46,17,0.6666666865348816,nan,6.605259418487549,6.605259418487549,0.0,nan,1,True,42,512,crpa_contribution,7da51e1b4d30
5,4,3,1,0.6666666865348816,nan,6.605259418487549,6.605257987976074,-1.430511474609375e-06,nan,1,True,42,512,crpa_contribution,7da51e1b4d30
5,5,10,9,0.6666666865348816,nan,6.605259418487549,6.605260848999023,1.430511474609375e-06,nan,1,True,42,512,crpa_contribution,7da51e1b4d30
5,6,182,179,0.6666666865348816,nan,6.605259418487549,6.605259895324707,4.76837158203125e-07,nan,1,True,42,512,crpa_contribution,7da51e1b4d30
5,6,182,152,0.6666666865348816,nan,6.605259418487549,6.605259418487549,0.0,nan,1,True,42,512,crpa_contribution,7da51e1b4d30
5,7,5,4,0.6666666865348816,nan,6.605259418487549,6.605258941650391,-4.76837158203125e-07,nan,1,True,42,512,crpa_contribution,7da51e1b4d30
5,3,112,87,0.6612903475761414,nan,6.605259418487549,6.605259418487549,0.0,nan,1,True,42,512,crpa_contribution,7da51e1b4d30
5,3,313,267,0.6578947305679321,nan,6.605259418487549,6.605259418487549,0.0,nan,1,True,42,512,crpa_contribution,7da51e1b4d30
5,3,241,231,0.6571428775787354,nan,6.605259418487549,6.605259418487549,0.0,nan,1,True,42,512,crpa_contribution,7da51e1b4d30
5,3,54,7,0.6571428775787354,nan,6.605259418487549,6.605259418487549,0.0,nan,1,True,42,512,crpa_contribution,7da51e1b4d30
5,5,119,98,0.6567164063453674,nan,6.605259418487549,6.605259418487549,0.0,nan,1,True,42,512,crpa_contribution,7da51e1b4d30
5,3,172,154,0.6551724076271057,nan,6.605259418487549,6.605259418487549,0.0,nan,1,True,42,512,crpa_contribution,7da51e1b4d30
5,7,309,309,0.6551724076271057,nan,6.605259418487549,6.605259895324707,4.76837158203125e-07,nan,1,True,42,512,crpa_contribution,7da51e1b4d30
5,7,309,266,0.6551724076271057,nan,6.605259418487549,6.605259418487549,0.0,nan,1,True,42,512,crpa_contribution,7da51e1b4d30
5,4,494,406,0.6545454263687134,nan,6.605259418487549,6.605259418487549,0.0,nan,1,True,42,512,crpa_contribution,7da51e1b4d30
5,6,106,61,0.6538461446762085,nan,6.605259418487549,6.605259418487549,0.0,nan,1,True,42,512,crpa_contribution,7da51e1b4d30
5,6,409,389,0.6499999761581421,nan,6.605259418487549,6.605259895324707,4.76837158203125e-07,nan,1,True,42,512,crpa_contribution,7da51e1b4d30
5,6,350,348,0.6481481194496155,nan,6.605259418487549,6.605259418487549,0.0,nan,1,True,42,512,crpa_contribution,7da51e1b4d30
5,3,439,419,0.6470588445663452,nan,6.605259418487549,6.605259418487549,0.0,nan,1,True,42,512,crpa_contribution,7da51e1b4d30
5,3,438,416,0.6470588445663452,nan,6.605259418487549,6.605259418487549,0.0,nan,1,True,42,512,crpa_contribution,7da51e1b4d30
5,3,435,420,0.6470588445663452,nan,6.605259418487549,6.605259418487549,0.0,nan,1,True,42,512,crpa_contribution,7da51e1b4d30
5,6,103,70,0.6470588445663452,nan,6.605259418487549,6.605259418487549,0.0,nan,1,True,42,512,crpa_contribution,7da51e1b4d30
5,6,351,288,0.6458333134651184,nan,6.605259418487549,6.605259418487549,0.0,nan,1,True,42,512,crpa_contribution,7da51e1b4d30
5,3,481,389,0.6451612710952759,nan,6.605259418487549,6.605259418487549,0.0,nan,1,True,42,512,crpa_contribution,7da51e1b4d30
5,5,104,90,0.6440678238868713,nan,6.605259418487549,6.605259418487549,0.0,nan,1,True,42,512,crpa_contribution,7da51e1b4d30
5,5,97,68,0.6440678238868713,nan,6.605259418487549,6.605259418487549,0.0,nan,1,True,42,512,crpa_contribution,7da51e1b4d30
5,5,104,23,0.6440678238868713,nan,6.605259418487549,6.605259418487549,0.0,nan,1,True,42,512,crpa_contribution,7da51e1b4d30
5,5,166,159,0.6428571343421936,nan,6.605259418487549,6.605259895324707,4.76837158203125e-07,nan,1,True,42,512,crpa_contribution,7da51e1b4d30
5,6,166,139,0.6399999856948853,nan,6.605259418487549,6.605259418487549,0.0,nan,1,True,42,512,crpa_contribution,7da51e1b4d30
5,7,238,146,0.6399999856948853,nan,6.605259418487549,6.605259418487549,0.0,nan,1,True,42,512,crpa_contribution,7da51e1b4d30
5,4,97,58,0.6393442749977112,nan,6.605259418487549,6.605259418487549,0.0,nan,1,True,42,512,crpa_contribution,7da51e1b4d30
5,4,108,95,0.6393442749977112,nan,6.605259418487549,6.605259418487549,0.0,nan,1,True,42,512,crpa_contribution,7da51e1b4d30
5,5,254,128,0.6388888955116272,nan,6.605259418487549,6.605259418487549,0.0,nan,1,True,42,512,crpa_contribution,7da51e1b4d30
5,6,86,28,0.6382978558540344,nan,6.605259418487549,6.605259418487549,0.0,nan,1,True,42,512,crpa_contribution,7da51e1b4d30
5,7,217,204,0.6382978558540344,nan,6.605259418487549,6.605260372161865,9.5367431640625e-07,nan,1,True,42,512,crpa_contribution,7da51e1b4d30
5,4,17,12,0.6363636255264282,nan,6.605259418487549,6.605258941650391,-4.76837158203125e-07,nan,1,True,42,512,crpa_contribution,7da51e1b4d30
5,5,329,318,0.6363636255264282,nan,6.605259418487549,6.605259418487549,0.0,nan,1,True,42,512,crpa_contribution,7da51e1b4d30
5,5,319,278,0.6363636255264282,nan,6.605259418487549,6.605259418487549,0.0,nan,1,True,42,512,crpa_contribution,7da51e1b4d30
5,5,319,286,0.6363636255264282,nan,6.605259418487549,6.605259418487549,0.0,nan,1,True,42,512,crpa_contribution,7da51e1b4d30
5,7,186,163,0.6363636255264282,nan,6.605259418487549,6.605259418487549,0.0,nan,1,True,42,512,crpa_contribution,7da51e1b4d30
5,4,360,360,0.6349206566810608,nan,6.605259418487549,6.605259895324707,4.76837158203125e-07,nan,1,True,42,512,crpa_contribution,7da51e1b4d30
5,5,253,196,0.6338028311729431,nan,6.605259418487549,6.605259418487549,0.0,nan,1,True,42,512,crpa_contribution,7da51e1b4d30
5,6,309,306,0.6333333253860474,nan,6.605259418487549,6.605259418487549,0.0,nan,1,True,42,512,crpa_contribution,7da51e1b4d30
5,6,309,273,0.6333333253860474,nan,6.605259418487549,6.605259418487549,0.0,nan,1,True,42,512,crpa_contribution,7da51e1b4d30
5,6,56,48,0.6296296119689941,nan,6.605259418487549,6.605259418487549,0.0,nan,1,True,42,512,crpa_contribution,7da51e1b4d30
5,6,51,3,0.625,nan,6.605259418487549,6.605259418487549,0.0,nan,1,True,42,512,crpa_contribution,7da51e1b4d30
5,6,42,38,0.625,nan,6.605259418487549,6.605259418487549,0.0,nan,1,True,42,512,crpa_contribution,7da51e1b4d30
5,7,36,21,0.625,nan,6.605259418487549,6.605259418487549,0.0,nan,1,True,42,512,crpa_contribution,7da51e1b4d30
5,7,188,181,0.625,nan,6.605259418487549,6.605259895324707,4.76837158203125e-07,nan,1,True,42,512,crpa_contribution,7da51e1b4d30
5,7,453,443,0.6206896305084229,nan,6.605259418487549,6.605259418487549,0.0,nan,1,True,42,512,crpa_contribution,7da51e1b4d30
5,7,187,172,0.6206896305084229,nan,6.605259418487549,6.605259418487549,0.0,nan,1,True,42,512,crpa_contribution,7da51e1b4d30
5,7,56,29,0.6206896305084229,nan,6.605259418487549,6.605259418487549,0.0,nan,1,True,42,512,crpa_contribution,7da51e1b4d30
5,4,359,304,0.6190476417541504,nan,6.605259418487549,6.605259895324707,4.76837158203125e-07,nan,1,True,42,512,crpa_contribution,7da51e1b4d30
5,7,90,29,0.6190476417541504,nan,6.605259418487549,6.605259418487549,0.0,nan,1,True,42,512,crpa_contribution,7da51e1b4d30
5,7,90,84,0.6190476417541504,nan,6.605259418487549,6.605259418487549,0.0,nan,1,True,42,512,crpa_contribution,7da51e1b4d30
5,6,207,165,0.6153846383094788,nan,6.605259418487549,6.605259418487549,0.0,nan,1,True,42,512,crpa_contribution,7da51e1b4d30
5,7,123,54,0.6153846383094788,nan,6.605259418487549,6.605258941650391,-4.76837158203125e-07,nan,1,True,42,512,crpa_contribution,7da51e1b4d30
5,4,474,423,0.6140350699424744,nan,6.605259418487549,6.605259418487549,0.0,nan,1,True,42,512,crpa_contribution,7da51e1b4d30
5,4,51,23,0.6129032373428345,nan,6.605259418487549,6.605259418487549,0.0,nan,1,True,42,512,crpa_contribution,7da51e1b4d30
5,7,357,308,0.6078431606292725,nan,6.605259418487549,6.605259418487549,0.0,nan,1,True,42,512,crpa_contribution,7da51e1b4d30
5,4,104,50,0.6065573692321777,nan,6.605259418487549,6.605259895324707,4.76837158203125e-07,nan,1,True,42,512,crpa_contribution,7da51e1b4d30
5,4,313,270,0.6052631735801697,nan,6.605259418487549,6.605259418487549,0.0,nan,1,True,42,512,crpa_contribution,7da51e1b4d30
5,7,97,61,0.6037735939025879,nan,6.605259418487549,6.605259418487549,0.0,nan,1,True,42,512,crpa_contribution,7da51e1b4d30
5,6,104,17,0.6034482717514038,nan,6.605259418487549,6.605259895324707,4.76837158203125e-07,nan,1,True,42,512,crpa_contribution,7da51e1b4d30
5,4,121,45,0.6000000238418579,nan,6.605259418487549,6.605259418487549,0.0,nan,1,True,42,512,crpa_contribution,7da51e1b4d30
5,4,308,274,0.6000000238418579,nan,6.605259418487549,6.605259418487549,0.0,nan,1,True,42,512,crpa_contribution,7da51e1b4d30
5,4,24,5,0.6000000238418579,nan,6.605259418487549,6.605259418487549,0.0,nan,1,True,42,512,crpa_contribution,7da51e1b4d30
5,6,432,399,0.6000000238418579,nan,6.605259418487549,6.605259418487549,0.0,nan,1,True,42,512,crpa_contribution,7da51e1b4d30
5,6,93,77,0.6000000238418579,nan,6.605259418487549,6.605259418487549,0.0,nan,1,True,42,512,crpa_contribution,7da51e1b4d30
5,7,239,232,0.6000000238418579,nan,6.605259418487549,6.605259895324707,4.76837158203125e-07,nan,1,True,42,512,crpa_contribution,7da51e1b4d30
5,7,9,0,0.6000000238418579,nan,6.605259418487549,6.605259895324707,4.76837158203125e-07,nan,1,True,42,512,crpa_contribution,7da51e1b4d30
5,7,193,102,0.6000000238418579,nan,6.605259418487549,6.605260372161865,9.5367431640625e-07,nan,1,True,42,512,crpa_contribution,7da51e1b4d30
5,7,9,4,0.6000000238418579,nan,6.605259418487549,6.605260372161865,9.5367431640625e-07,nan,1,True,42,512,crpa_contribution,7da51e1b4d30
5,7,349,339,0.5925925970077515,nan,6.605259418487549,6.605259418487549,0.0,nan,1,True,42,512,crpa_contribution,7da51e1b4d30
5,7,89,42,0.5909090638160706,nan,6.605259418487549,6.605259418487549,0.0,nan,1,True,42,512,crpa_contribution,7da51e1b4d30
0,0,4,0,1.0,nan,6.569746017456055,6.569742202758789,-3.814697265625e-06,nan,1,True,1337,512,crpa_contribution,1c1049328b86
0,3,1,0,1.0,nan,6.569746017456055,6.569918632507324,0.00017261505126953125,nan,1,True,1337,512,crpa_contribution,1c1049328b86
0,7,4,2,1.0,nan,6.569746017456055,6.569729328155518,-1.6689300537109375e-05,nan,1,True,1337,512,crpa_contribution,1c1049328b86
0,2,35,11,0.9166666865348816,nan,6.569746017456055,6.569746017456055,0.0,nan,1,True,1337,512,crpa_contribution,1c1049328b86
0,2,34,31,0.9166666865348816,nan,6.569746017456055,6.569749355316162,3.337860107421875e-06,nan,1,True,1337,512,crpa_contribution,1c1049328b86
0,4,182,145,0.807692289352417,nan,6.569746017456055,6.569746017456055,0.0,nan,1,True,1337,512,crpa_contribution,1c1049328b86
0,2,11,0,0.800000011920929,nan,6.569746017456055,6.56975793838501,1.1920928955078125e-05,nan,1,True,1337,512,crpa_contribution,1c1049328b86
0,2,11,10,0.800000011920929,nan,6.569746017456055,6.569766044616699,2.002716064453125e-05,nan,1,True,1337,512,crpa_contribution,1c1049328b86
0,3,45,38,0.800000011920929,nan,6.569746017456055,6.569746017456055,0.0,nan,1,True,1337,512,crpa_contribution,1c1049328b86
0,7,9,7,0.800000011920929,nan,6.569746017456055,6.569714069366455,-3.1948089599609375e-05,nan,1,True,1337,512,crpa_contribution,1c1049328b86
0,7,9,5,0.800000011920929,nan,6.569746017456055,6.569762229919434,1.621246337890625e-05,nan,1,True,1337,512,crpa_contribution,1c1049328b86
0,0,238,150,0.7735849022865295,nan,6.569746017456055,6.569746017456055,0.0,nan,1,True,1337,512,crpa_contribution,1c1049328b86
0,1,27,0,0.7692307829856873,nan,6.569746017456055,6.569749355316162,3.337860107421875e-06,nan,1,True,1337,512,crpa_contribution,1c1049328b86
0,1,26,24,0.7692307829856873,nan,6.569746017456055,6.569750785827637,4.76837158203125e-06,nan,1,True,1337,512,crpa_contribution,1c1049328b86
0,6,247,233,0.7560975551605225,nan,6.569746017456055,6.569746971130371,9.5367431640625e-07,nan,1,True,1337,512,crpa_contribution,1c1049328b86
0,0,79,63,0.75,nan,6.569746017456055,6.569746017456055,0.0,nan,1,True,1337,512,crpa_contribution,1c1049328b86
0,7,84,43,0.75,nan,6.569746017456055,6.569745063781738,-9.5367431640625e-07,nan,1,True,1337,512,crpa_contribution,1c1049328b86
0,0,488,436,0.7272727489471436,nan,6.569746017456055,6.5697455406188965,-4.76837158203125e-07,nan,1,True,1337,512,crpa_contribution,1c1049328b86
0,0,488,400,0.7272727489471436,nan,6.569746017456055,6.569746017456055,0.0,nan,1,True,1337,512,crpa_contribution,1c1049328b86
0,5,145,137,0.7272727489471436,nan,6.569746017456055,6.569740295410156,-5.7220458984375e-06,nan,1,True,1337,512,crpa_contribution,1c1049328b86
0,1,474,428,0.7200000286102295,nan,6.569746017456055,6.569746494293213,4.76837158203125e-07,nan,1,True,1337,512,crpa_contribution,1c1049328b86
0,1,460,406,0.7179487347602844,nan,6.569746017456055,6.569746494293213,4.76837158203125e-07,nan,1,True,1337,512,crpa_contribution,1c1049328b86
0,1,460,407,0.7179487347602844,nan,6.569746017456055,6.56974458694458,-1.430511474609375e-06,nan,1,True,1337,512,crpa_contribution,1c1049328b86
0,1,31,9,0.7142857313156128,nan,6.569746017456055,6.569752216339111,6.198883056640625e-06,nan,1,True,1337,512,crpa_contribution,1c1049328b86
0,7,38,34,0.7142857313156128,nan,6.569746017456055,6.569739818572998,-6.198883056640625e-06,nan,1,True,1337,512,crpa_contribution,1c1049328b86
0,7,80,34,0.7058823704719543,nan,6.569746017456055,6.56974458694458,-1.430511474609375e-06,nan,1,True,1337,512,crpa_contribution,1c1049328b86
0,3,108,16,0.7037037014961243,nan,6.569746017456055,6.569746494293213,4.76837158203125e-07,nan,1,True,1337,512,crpa_contribution,1c1049328b86
0,3,59,10,0.7037037014961243,nan,6.569746017456055,6.569747447967529,1.430511474609375e-06,nan,1,True,1337,512,crpa_contribution,1c1049328b86
0,7,226,144,0.6976743936538696,nan,6.569746017456055,6.569745063781738,-9.5367431640625e-07,nan,1,True,1337,512,crpa_contribution,1c1049328b86
0,1,476,476,0.694915235042572,nan,6.569746017456055,6.5697455406188965,-4.76837158203125e-07,nan,1,True,1337,512,crpa_contribution,1c1049328b86
0,4,68,68,0.6944444179534912,nan,6.569746017456055,6.569744110107422,-1.9073486328125e-06,nan,1,True,1337,512,crpa_contribution,1c1049328b86
0,0,36,27,0.6875,nan,6.569746017456055,6.569754600524902,8.58306884765625e-06,nan,1,True,1337,512,crpa_contribution,1c1049328b86
0,0,251,102,0.6875,nan,6.569746017456055,6.569747447967529,1.430511474609375e-06,nan,1,True,1337,512,crpa_contribution,1c1049328b86
0,6,86,21,0.6857143044471741,nan,6.569746017456055,6.569746494293213,4.76837158203125e-07,nan,1,True,1337,512,crpa_contribution,1c1049328b86
0,7,489,408,0.6851851940155029,nan,6.569746017456055,6.569746017456055,0.0,nan,1,True,1337,512,crpa_contribution,1c1049328b86
0,7,225,134,0.6808510422706604,nan,6.569746017456055,6.5697455406188965,-4.76837158203125e-07,nan,1,True,1337,512,crpa_contribution,1c1049328b86
0,7,225,218,0.6808510422706604,nan,6.569746017456055,6.5697455406188965,-4.76837158203125e-07,nan,1,True,1337,512,crpa_contribution,1c1049328b86
0,5,307,281,0.6800000071525574,nan,6.569746017456055,6.569746017456055,0.0,nan,1,True,1337,512,crpa_contribution,1c1049328b86
0,5,297,283,0.6800000071525574,nan,6.569746017456055,6.56974983215332,3.814697265625e-06,nan,1,True,1337,512,crpa_contribution,1c1049328b86
0,4,116,7,0.6792452931404114,nan,6.569746017456055,6.569746017456055,0.0,nan,1,True,1337,512,crpa_contribution,1c1049328b86
0,4,126,52,0.6792452931404114,nan,6.569746017456055,6.5697455406188965,-4.76837158203125e-07,nan,1,True,1337,512,crpa_contribution,1c1049328b86
0,7,438,416,0.6774193644523621,nan,6.569746017456055,6.569746971130371,9.5367431640625e-07,nan,1,True,1337,512,crpa_contribution,1c1049328b86
0,7,457,393,0.6774193644523621,nan,6.569746017456055,6.569746971130371,9.5367431640625e-07,nan,1,True,1337,512,crpa_contribution,1c1049328b86
0,7,438,402,0.6774193644523621,nan,6.569746017456055,6.5697526931762695,6.67572021484375e-06,nan,1,True,1337,512,crpa_contribution,1c1049328b86
0,7,76,16,0.6764705777168274,nan,6.569746017456055,6.5697479248046875,1.9073486328125e-06,nan,1,True,1337,512,crpa_contribution,1c1049328b86
0,4,327,308,0.6756756901741028,nan,6.569746017456055,6.569746017456055,0.0,nan,1,True,1337,512,crpa_contribution,1c1049328b86
0,4,323,299,0.6756756901741028,nan,6.569746017456055,6.569747447967529,1.430511474609375e-06,nan,1,True,1337,512,crpa_contribution,1c1049328b86
0,6,239,239,0.6744186282157898,nan,6.569746017456055,6.569746017456055,0.0,nan,1,True,1337,512,crpa_contribution,1c1049328b86
0,1,89,65,0.6734693646430969,nan,6.569746017456055,6.569746017456055,0.0,nan,1,True,1337,512,crpa_contribution,1c1049328b86
0,1,475,415,0.6724137663841248,nan,6.569746017456055,6.569746017456055,0.0,nan,1,True,1337,512,crpa_contribution,1c1049328b86
0,1,4,1,0.6666666865348816,nan,6.569746017456055,6.5697784423828125,3.24249267578125e-05,nan,1,True,1337,512,crpa_contribution,1c1049328b86
0,1,482,384,0.6666666865348816,nan,6.569746017456055,6.569746494293213,4.76837158203125e-07,nan,1,True,1337,512,crpa_contribution,1c1049328b86
0,3,157,150,0.6666666865348816,nan,6.569746017456055,6.56974458694458,-1.430511474609375e-06,nan,1,True,1337,512,crpa_contribution,1c1049328b86
0,3,435,389,0.6666666865348816,nan,6.569746017456055,6.569744110107422,-1.9073486328125e-06,nan,1,True,1337,512,crpa_contribution,1c1049328b86
0,3,167,147,0.6666666865348816,nan,6.569746017456055,6.569746494293213,4.76837158203125e-07,nan,1,True,1337,512,crpa_contribution,1c1049328b86
0,4,443,393,0.6666666865348816,nan,6.569746017456055,6.569746494293213,4.76837158203125e-07,nan,1,True,1337,512,crpa_contribution,1c1049328b86
0,4,432,401,0.6666666865348816,nan,6.569746017456055,6.569746494293213,4.76837158203125e-07,nan,1,True,1337,512,crpa_contribution,1c1049328b86
0,5,2,2,0.6666666865348816,nan,6.569746017456055,6.569770336151123,2.4318695068359375e-05,nan,1,True,1337,512,crpa_contribution,1c1049328b86
0,5,278,262,0.6666666865348816,nan,6.569746017456055,6.569746971130371,9.5367431640625e-07,nan,1,True,1337,512,crpa_contribution,1c1049328b86
0,6,128,128,0.6666666865348816,nan,6.569746017456055,6.569754600524902,8.58306884765625e-06,nan,1,True,1337,512,crpa_contribution,1c1049328b86
0,7,20,19,0.6666666865348816,nan,6.569746017456055,6.569746017456055,0.0,nan,1,True,1337,512,crpa_contribution,1c1049328b86
0,7,21,20,0.6666666865348816,nan,6.569746017456055,6.569737911224365,-8.106231689453125e-06,nan,1,True,1337,512,crpa_contribution,1c1049328b86
0,7,220,193,0.6666666865348816,nan,6.569746017456055,6.569746017456055,0.0,nan,1,True,1337,512,crpa_contribution,1c1049328b86
0,1,357,335,0.6607142686843872,nan,6.569746017456055,6.569746494293213,4.76837158203125e-07,nan,1,True,1337,512,crpa_contribution,1c1049328b86
0,0,480,392,0.6600000262260437,nan,6.569746017456055,6.569746017456055,0.0,nan,1,True,1337,512,crpa_contribution,1c1049328b86
0,2,340,300,0.6590909361839294,nan,6.569746017456055,6.569746494293213,4.76837158203125e-07,nan,1,True,1337,512,crpa_contribution,1c1049328b86
0,4,90,84,0.6585366129875183,nan,6.569746017456055,6.569748401641846,2.384185791015625e-06,nan,1,True,1337,512,crpa_contribution,1c1049328b86
0,5,210,173,0.6578947305679321,nan,6.569746017456055,6.569746017456055,0.0,nan,1,True,1337,512,crpa_contribution,1c1049328b86
0,5,210,195,0.6578947305679321,nan,6.569746017456055,6.569745063781738,-9.5367431640625e-07,nan,1,True,1337,512,crpa_contribution,1c1049328b86
0,7,86,56,0.6578947305679321,nan,6.569746017456055,6.569746494293213,4.76837158203125e-07,nan,1,True,1337,512,crpa_contribution,1c1049328b86
0,0,494,384,0.6557376980781555,nan,6.569746017456055,6.569746971130371,9.5367431640625e-07,nan,1,True,1337,512,crpa_contribution,1c1049328b86
0,7,508,469,0.6557376980781555,nan,6.569746017456055,6.56974458694458,-1.430511474609375e-06,nan,1,True,1337,512,crpa_contribution,1c1049328b86
0,7,507,387,0.6557376980781555,nan,6.569746017456055,6.5697455406188965,-4.76837158203125e-07,nan,1,True,1337,512,crpa_contribution,1c1049328b86
0,3,483,467,0.6545454263687134,nan,6.569746017456055,6.569746494293213,4.76837158203125e-07,nan,1,True,1337,512,crpa_contribution,1c1049328b86
0,3,476,463,0.6545454263687134,nan,6.569746017456055,6.569745063781738,-9.5367431640625e-07,nan,1,True,1337,512,crpa_contribution,1c1049328b86
0,1,54,43,0.6538461446762085,nan,6.569746017456055,6.569743633270264,-2.384185791015625e-06,nan,1,True,1337,512,crpa_contribution,1c1049328b86
0,1,467,102,0.6538461446762085,nan,6.569746017456055,6.569746971130371,9.5367431640625e-07,nan,1,True,1337,512,crpa_contribution,1c1049328b86
0,3,220,171,0.6530612111091614,nan,6.569746017456055,6.569746017456055,0.0,nan,1,True,1337,512,crpa_contribution,1c1049328b86
0,0,40,31,0.6521739363670349,nan,6.569746017456055,6.569744110107422,-1.9073486328125e-06,nan,1,True,1337,512,crpa_contribution,1c1049328b86
0,2,477,204,0.6521739363670349,nan,6.569746017456055,6.569747447967529,1.430511474609375e-06,nan,1,True,1337,512,crpa_contribution,1c1049328b86
0,3,94,84,0.6521739363670349,nan,6.569746017456055,6.5697455406188965,-4.76837158203125e-07,nan,1,True,1337,512,crpa_contribution,1c1049328b86
0,4,467,420,0.6521739363670349,nan,6.569746017456055,6.569746971130371,9.5367431640625e-07,nan,1,True,1337,512,crpa_contribution,1c1049328b86
0,7,221,218,0.6521739363670349,nan,6.569746017456055,6.569748401641846,2.384185791015625e-06,nan,1,True,1337,512,crpa_contribution,1c1049328b86
0,3,243,225,0.6499999761581421,nan,6.569746017456055,6.569746494293213,4.76837158203125e-07,nan,1,True,1337,512,crpa_contribution,1c1049328b86
0,7,90,77,0.6486486196517944,nan,6.569746017456055,6.569746494293213,4.76837158203125e-07,nan,1,True,1337,512,crpa_contribution,1c1049328b86
0,7,90,65,0.6486486196517944,nan,6.569746017456055,6.569746017456055,0.0,nan,1,True,1337,512,crpa_contribution,1c1049328b86
0,7,90,85,0.6486486196517944,nan,6.569746017456055,6.5697479248046875,1.9073486328125e-06,nan,1,True,1337,512,crpa_contribution,1c1049328b86
0,3,318,264,0.6470588445663452,nan,6.569746017456055,6.569746971130371,9.5367431640625e-07,nan,1,True,1337,512,crpa_contribution,1c1049328b86
0,3,194,188,0.6470588445663452,nan,6.569746017456055,6.5697455406188965,-4.76837158203125e-07,nan,1,True,1337,512,crpa_contribution,1c1049328b86
0,5,416,412,0.6470588445663452,nan,6.569746017456055,6.569737911224365,-8.106231689453125e-06,nan,1,True,1337,512,crpa_contribution,1c1049328b86
0,5,416,306,0.6470588445663452,nan,6.569746017456055,6.569746971130371,9.5367431640625e-07,nan,1,True,1337,512,crpa_contribution,1c1049328b86
0,5,370,259,0.6470588445663452,nan,6.569746017456055,6.569746017456055,0.0,nan,1,True,1337,512,crpa_contribution,1c1049328b86
0,3,473,457,0.6458333134651184,nan,6.569746017456055,6.569746017456055,0.0,nan,1,True,1337,512,crpa_contribution,1c1049328b86
0,6,99,63,0.6458333134651184,nan,6.569746017456055,6.56974458694458,-1.430511474609375e-06,nan,1,True,1337,512,crpa_contribution,1c1049328b86
0,0,214,158,0.644444465637207,nan,6.569746017456055,6.569746971130371,9.5367431640625e-07,nan,1,True,1337,512,crpa_contribution,1c1049328b86
0,3,467,432,0.644444465637207,nan,6.569746017456055,6.569748401641846,2.384185791015625e-06,nan,1,True,1337,512,crpa_contribution,1c1049328b86
0,6,505,204,0.644444465637207,nan,6.569746017456055,6.5697455406188965,-4.76837158203125e-07,nan,1,True,1337,512,crpa_contribution,1c1049328b86
0,0,356,316,0.6440678238868713,nan,6.569746017456055,6.569749355316162,3.337860107421875e-06,nan,1,True,1337,512,crpa_contribution,1c1049328b86
0,0,479,429,0.6428571343421936,nan,6.569746017456055,6.56974458694458,-1.430511474609375e-06,nan,1,True,1337,512,crpa_contribution,1c1049328b86
0,5,30,16,0.6428571343421936,nan,6.569746017456055,6.569746494293213,4.76837158203125e-07,nan,1,True,1337,512,crpa_contribution,1c1049328b86
0,3,364,303,0.6415094137191772,nan,6.569746017456055,6.569746494293213,4.76837158203125e-07,nan,1,True,1337,512,crpa_contribution,1c1049328b86
0,1,498,385,0.640625,nan,6.569746017456055,6.5697455406188965,-4.76837158203125e-07,nan,1,True,1337,512,crpa_contribution,1c1049328b86
0,1,498,400,0.640625,nan,6.569746017456055,6.5697455406188965,-4.76837158203125e-07,nan,1,True,1337,512,crpa_contribution,1c1049328b86
0,6,197,152,0.6399999856948853,nan,6.569746017456055,6.569743633270264,-2.384185791015625e-06,nan,1,True,1337,512,crpa_contribution,1c1049328b86
0,6,194,178,0.6399999856948853,nan,6.569746017456055,6.569746494293213,4.76837158203125e-07,nan,1,True,1337,512,crpa_contribution,1c1049328b86
0,2,253,238,0.6393442749977112,nan,6.569746017456055,6.569746017456055,0.0,nan,1,True,1337,512,crpa_contribution,1c1049328b86
0,3,315,305,0.6363636255264282,nan,6.569746017456055,6.5697455406188965,-4.76837158203125e-07,nan,1,True,1337,512,crpa_contribution,1c1049328b86
0,4,331,314,0.6363636255264282,nan,6.569746017456055,6.569745063781738,-9.5367431640625e-07,nan,1,True,1337,512,crpa_contribution,1c1049328b86
0,0,95,27,0.6304348111152649,nan,6.569746017456055,6.569749355316162,3.337860107421875e-06,nan,1,True,1337,512,crpa_contribution,1c1049328b86
0,1,55,44,0.6296296119689941,nan,6.569746017456055,6.569747447967529,1.430511474609375e-06,nan,1,True,1337,512,crpa_contribution,1c1049328b86
0,2,67,49,0.6285714507102966,nan,6.569746017456055,6.569746494293213,4.76837158203125e-07,nan,1,True,1337,512,crpa_contribution,1c1049328b86
0,5,81,18,0.6285714507102966,nan,6.569746017456055,6.569746494293213,4.76837158203125e-07,nan,1,True,1337,512,crpa_contribution,1c1049328b86
0,0,388,204,0.625,nan,6.569746017456055,6.569710731506348,-3.528594970703125e-05,nan,1,True,1337,512,crpa_contribution,1c1049328b86
0,0,405,404,0.625,nan,6.569746017456055,6.569744110107422,-1.9073486328125e-06,nan,1,True,1337,512,crpa_contribution,1c1049328b86
0,0,101,28,0.625,nan,6.569746017456055,6.569744110107422,-1.9073486328125e-06,nan,1,True,1337,512,crpa_contribution,1c1049328b86
0,1,464,204,0.625,nan,6.569746017456055,6.569746017456055,0.0,nan,1,True,1337,512,crpa_contribution,1c1049328b86
0,2,485,444,0.625,nan,6.569746017456055,6.569746017456055,0.0,nan,1,True,1337,512,crpa_contribution,1c1049328b86
0,3,18,10,0.625,nan,6.569746017456055,6.569750785827637,4.76837158203125e-06,nan,1,True,1337,512,crpa_contribution,1c1049328b86
0,3,18,1,0.625,nan,6.569746017456055,6.569754600524902,8.58306884765625e-06,nan,1,True,1337,512,crpa_contribution,1c1049328b86
0,5,17,7,0.625,nan,6.569746017456055,6.569735527038574,-1.049041748046875e-05,nan,1,True,1337,512,crpa_contribution,1c1049328b86
0,5,14,7,0.625,nan,6.569746017456055,6.569741249084473,-4.76837158203125e-06,nan,1,True,1337,512,crpa_contribution,1c1049328b86
0,6,24,10,0.625,nan,6.569746017456055,6.569747447967529,1.430511474609375e-06,nan,1,True,1337,512,crpa_contribution,1c1049328b86
0,6,24,1,0.625,nan,6.569746017456055,6.569751262664795,5.245208740234375e-06,nan,1,True,1337,512,crpa_contribution,1c1049328b86
0,6,85,6,0.625,nan,6.569746017456055,6.569746017456055,0.0,nan,1,True,1337,512,crpa_contribution,1c1049328b86
0,0,357,352,0.6229507923126221,nan,6.569746017456055,6.569745063781738,-9.5367431640625e-07,nan,1,True,1337,512,crpa_contribution,1c1049328b86
0,0,357,354,0.6229507923126221,nan,6.569746017456055,6.569747447967529,1.430511474609375e-06,nan,1,True,1337,512,crpa_contribution,1c1049328b86
0,1,444,399,0.6216216087341309,nan,6.569746017456055,6.569746017456055,0.0,nan,1,True,1337,512,crpa_contribution,1c1049328b86
0,5,453,441,0.6216216087341309,nan,6.569746017456055,6.569747447967529,1.430511474609375e-06,nan,1,True,1337,512,crpa_contribution,1c1049328b86
0,5,80,27,0.6216216087341309,nan,6.569746017456055,6.569746971130371,9.5367431640625e-07,nan,1,True,1337,512,crpa_contribution,1c1049328b86
0,6,95,32,0.6216216087341309,nan,6.569746017456055,6.569746494293213,4.76837158203125e-07,nan,1,True,1337,512,crpa_contribution,1c1049328b86
0,6,95,41,0.6216216087341309,nan,6.569746017456055,6.569746971130371,9.5367431640625e-07,nan,1,True,1337,512,crpa_contribution,1c1049328b86
0,0,202,185,0.6170212626457214,nan,6.569746017456055,6.56974458694458,-1.430511474609375e-06,nan,1,True,1337,512,crpa_contribution,1c1049328b86
0,3,83,40,0.6170212626457214,nan,6.569746017456055,6.5697455406188965,-4.76837158203125e-07,nan,1,True,1337,512,crpa_contribution,1c1049328b86
0,4,113,73,0.6166666746139526,nan,6.569746017456055,6.5697431564331055,-2.86102294921875e-06,nan,1,True,1337,512,crpa_contribution,1c1049328b86
0,5,507,408,0.6166666746139526,nan,6.569746017456055,6.569746017456055,0.0,nan,1,True,1337,512,crpa_contribution,1c1049328b86
0,5,507,423,0.6166666746139526,nan,6.569746017456055,6.569746017456055,0.0,nan,1,True,1337,512,crpa_contribution,1c1049328b86
0,0,241,171,0.6153846383094788,nan,6.569746017456055,6.569747447967529,1.430511474609375e-06,nan,1,True,1337,512,crpa_contribution,1c1049328b86
0,0,313,259,0.6153846383094788,nan,6.569746017456055,6.569745063781738,-9.5367431640625e-07,nan,1,True,1337,512,crpa_contribution,1c1049328b86
0,6,56,24,0.6153846383094788,nan,6.569746017456055,6.5697455406188965,-4.76837158203125e-07,nan,1,True,1337,512,crpa_contribution,1c1049328b86
0,6,56,3,0.6153846383094788,nan,6.569746017456055,6.569745063781738,-9.5367431640625e-07,nan,1,True,1337,512,crpa_contribution,1c1049328b86
0,6,56,30,0.6153846383094788,nan,6.569746017456055,6.569746017456055,0.0,nan,1,True,1337,512,crpa_contribution,1c1049328b86
0,1,113,52,0.6140350699424744,nan,6.569746017456055,6.5697455406188965,-4.76837158203125e-07,nan,1,True,1337,512,crpa_contribution,1c1049328b86
0,0,88,55,0.6136363744735718,nan,6.569746017456055,6.569746494293213,4.76837158203125e-07,nan,1,True,1337,512,crpa_contribution,1c1049328b86
0,0,88,72,0.6136363744735718,nan,6.569746017456055,6.5697455406188965,-4.76837158203125e-07,nan,1,True,1337,512,crpa_contribution,1c1049328b86
0,2,190,141,0.6129032373428345,nan,6.569746017456055,6.569751262664795,5.245208740234375e-06,nan,1,True,1337,512,crpa_contribution,1c1049328b86
0,2,191,144,0.6129032373428345,nan,6.569746017456055,6.56974458694458,-1.430511474609375e-06,nan,1,True,1337,512,crpa_contribution,1c1049328b86
0,3,236,102,0.6129032373428345,nan,6.569746017456055,6.569746017456055,0.0,nan,1,True,1337,512,crpa_contribution,1c1049328b86
0,5,326,288,0.6129032373428345,nan,6.569746017456055,6.569746971130371,9.5367431640625e-07,nan,1,True,1337,512,crpa_contribution,1c1049328b86
0,3,343,305,0.6122449040412903,nan,6.569746017456055,6.569745063781738,-9.5367431640625e-07,nan,1,True,1337,512,crpa_contribution,1c1049328b86
0,5,227,195,0.6122449040412903,nan,6.569746017456055,6.569746017456055,0.0,nan,1,True,1337,512,crpa_contribution,1c1049328b86
0,1,127,85,0.611940324306488,nan,6.569746017456055,6.569745063781738,-9.5367431640625e-07,nan,1,True,1337,512,crpa_contribution,1c1049328b86
0,4,161,155,0.6111111044883728,nan,6.569746017456055,6.569748401641846,2.384185791015625e-06,nan,1,True,1337,512,crpa_contribution,1c1049328b86
0,4,162,149,0.6111111044883728,nan,6.569746017456055,6.569746494293213,4.76837158203125e-07,nan,1,True,1337,512,crpa_contribution,1c1049328b86
0,5,113,10,0.6097561120986938,nan,6.569746017456055,6.569747447967529,1.430511474609375e-06,nan,1,True,1337,512,crpa_contribution,1c1049328b86
0,1,72,18,0.6086956262588501,nan,6.569746017456055,6.5697455406188965,-4.76837158203125e-07,nan,1,True,1337,512,crpa_contribution,1c1049328b86
0,2,228,157,0.6086956262588501,nan,6.569746017456055,6.569746494293213,4.76837158203125e-07,nan,1,True,1337,512,crpa_contribution,1c1049328b86
0,4,93,43,0.6086956262588501,nan,6.569746017456055,6.5697455406188965,-4.76837158203125e-07,nan,1,True,1337,512,crpa_contribution,1c1049328b86
0,1,46,23,0.6071428656578064,nan,6.569746017456055,6.5697455406188965,-4.76837158203125e-07,nan,1,True,1337,512,crpa_contribution,1c1049328b86
0,1,46,6,0.6071428656578064,nan,6.569746017456055,6.569746494293213,4.76837158203125e-07,nan,1,True,1337,512,crpa_contribution,1c1049328b86
0,5,476,447,0.6071428656578064,nan,6.569746017456055,6.569745063781738,-9.5367431640625e-07,nan,1,True,1337,512,crpa_contribution,1c1049328b86
0,5,476,398,0.6071428656578064,nan,6.569746017456055,6.569746494293213,4.76837158203125e-07,nan,1,True,1337,512,crpa_contribution,1c1049328b86
0,5,78,1,0.6060606241226196,nan,6.569746017456055,6.5697407722473145,-5.245208740234375e-06,nan,1,True,1337,512,crpa_contribution,1c1049328b86
0,3,345,320,0.6041666865348816,nan,6.569746017456055,6.569748401641846,2.384185791015625e-06,nan,1,True,1337,512,crpa_contribution,1c1049328b86
0,4,483,430,0.6034482717514038,nan,6.569746017456055,6.569746017456055,0.0,nan,1,True,1337,512,crpa_contribution,1c1049328b86
0,2,395,389,0.6000000238418579,nan,6.569746017456055,6.569746017456055,0.0,nan,1,True,1337,512,crpa_contribution,1c1049328b86
0,2,39,0,0.6000000238418579,nan,6.569746017456055,6.569744110107422,-1.9073486328125e-06,nan,1,True,1337,512,crpa_contribution,1c1049328b86
0,2,395,204,0.6000000238418579,nan,6.569746017456055,6.56974983215332,3.814697265625e-06,nan,1,True,1337,512,crpa_contribution,1c1049328b86
0,2,184,157,0.6000000238418579,nan,6.569746017456055,6.569746971130371,9.5367431640625e-07,nan,1,True,1337,512,crpa_contribution,1c1049328b86
0,4,112,16,0.6000000238418579,nan,6.569746017456055,6.569747447967529,1.430511474609375e-06,nan,1,True,1337,512,crpa_contribution,1c1049328b86
0,6,257,102,0.6000000238418579,nan,6.569746017456055,6.569746017456055,0.0,nan,1,True,1337,512,crpa_contribution,1c1049328b86
0,6,373,332,0.6000000238418579,nan,6.569746017456055,6.569746017456055,0.0,nan,1,True,1337,512,crpa_contribution,1c1049328b86
0,6,29,24,0.6000000238418579,nan,6.569746017456055,6.569746494293213,4.76837158203125e-07,nan,1,True,1337,512,crpa_contribution,1c1049328b86
0,6,222,157,0.5952380895614624,nan,6.569746017456055,6.5697479248046875,1.9073486328125e-06,nan,1,True,1337,512,crpa_contribution,1c1049328b86
0,4,237,149,0.5932203531265259,nan,6.569746017456055,6.569746494293213,4.76837158203125e-07,nan,1,True,1337,512,crpa_contribution,1c1049328b86
0,4,234,212,0.5932203531265259,nan,6.569746017456055,6.569746971130371,9.5367431640625e-07,nan,1,True,1337,512,crpa_contribution,1c1049328b86
0,6,117,10,0.5918367505073547,nan,6.569746017456055,6.569746494293213,4.76837158203125e-07,nan,1,True,1337,512,crpa_contribution,1c1049328b86
0,4,419,418,0.5909090638160706,nan,6.569746017456055,6.569746971130371,9.5367431640625e-07,nan,1,True,1337,512,crpa_contribution,1c1049328b86
0,6,178,172,0.5909090638160706,nan,6.569746017456055,6.569746494293213,4.76837158203125e-07,nan,1,True,1337,512,crpa_contribution,1c1049328b86
0,2,459,447,0.5897436141967773,nan,6.569746017456055,6.569745063781738,-9.5367431640625e-07,nan,1,True,1337,512,crpa_contribution,1c1049328b86
0,2,447,402,0.5897436141967773,nan,6.569746017456055,6.5697479248046875,1.9073486328125e-06,nan,1,True,1337,512,crpa_contribution,1c1049328b86
0,4,321,204,0.5897436141967773,nan,6.569746017456055,6.569748878479004,2.86102294921875e-06,nan,1,True,1337,512,crpa_contribution,1c1049328b86
0,4,254,132,0.5882353186607361,nan,6.569746017456055,6.569744110107422,-1.9073486328125e-06,nan,1,True,1337,512,crpa_contribution,1c1049328b86
0,2,146,141,0.5833333134651184,nan,6.569746017456055,6.5697455406188965,-4.76837158203125e-07,nan,1,True,1337,512,crpa_contribution,1c1049328b86
0,4,199,135,0.5833333134651184,nan,6.569746017456055,6.569746017456055,0.0,nan,1,True,1337,512,crpa_contribution,1c1049328b86
0,6,400,391,0.5833333134651184,nan,6.569746017456055,6.569743633270264,-2.384185791015625e-06,nan,1,True,1337,512,crpa_contribution,1c1049328b86
0,4,223,171,0.5799999833106995,nan,6.569746017456055,6.569746971130371,9.5367431640625e-07,nan,1,True,1337,512,crpa_contribution,1c1049328b86
0,6,49,22,0.5789473652839661,nan,6.569746017456055,6.569738864898682,-7.152557373046875e-06,nan,1,True,1337,512,crpa_contribution,1c1049328b86
0,2,53,46,0.5769230723381042,nan,6.569746017456055,6.569746971130371,9.5367431640625e-07,nan,1,True,1337,512,crpa_contribution,1c1049328b86
0,2,456,413,0.5757575631141663,nan,6.569746017456055,6.5697455406188965,-4.76837158203125e-07,nan,1,True,1337,512,crpa_contribution,1c1049328b86
0,2,235,198,0.5660377144813538,nan,6.569746017456055,6.569746017456055,0.0,nan,1,True,1337,512,crpa_contribution,1c1049328b86
0,2,105,94,0.5652173757553101,nan,6.569746017456055,6.569746017456055,0.0,nan,1,True,1337,512,crpa_contribution,1c1049328b86
0,2,328,271,0.5641025900840759,nan,6.569746017456055,6.569746494293213,4.76837158203125e-07,nan,1,True,1337,512,crpa_contribution,1c1049328b86
1,5,7,0,1.0,nan,6.569746017456055,6.569746494293213,4.76837158203125e-07,nan,1,True,1337,512,crpa_contribution,1c1049328b86
1,3,481,204,0.8399999737739563,nan,6.569746017456055,6.569746017456055,0.0,nan,1,True,1337,512,crpa_contribution,1c1049328b86
1,3,432,395,0.800000011920929,nan,6.569746017456055,6.569746494293213,4.76837158203125e-07,nan,1,True,1337,512,crpa_contribution,1c1049328b86
1,0,480,475,0.7714285850524902,nan,6.569746017456055,6.569746494293213,4.76837158203125e-07,nan,1,True,1337,512,crpa_contribution,1c1049328b86
1,2,197,180,0.75,nan,6.569746017456055,6.5697455406188965,-4.76837158203125e-07,nan,1,True,1337,512,crpa_contribution,1c1049328b86
1,2,197,141,0.75,nan,6.569746017456055,6.569745063781738,-9.5367431640625e-07,nan,1,True,1337,512,crpa_contribution,1c1049328b86
1,3,20,10,0.75,nan,6.569746017456055,6.569746494293213,4.76837158203125e-07,nan,1,True,1337,512,crpa_contribution,1c1049328b86
1,3,9,3,0.75,nan,6.569746017456055,6.5697479248046875,1.9073486328125e-06,nan,1,True,1337,512,crpa_contribution,1c1049328b86
1,3,21,19,0.75,nan,6.569746017456055,6.569747447967529,1.430511474609375e-06,nan,1,True,1337,512,crpa_contribution,1c1049328b86
1,5,16,6,0.75,nan,6.569746017456055,6.569746971130371,9.5367431640625e-07,nan,1,True,1337,512,crpa_contribution,1c1049328b86
1,5,136,102,0.75,nan,6.569746017456055,6.569742202758789,-3.814697265625e-06,nan,1,True,1337,512,crpa_contribution,1c1049328b86
1,5,138,102,0.75,nan,6.569746017456055,6.569746494293213,4.76837158203125e-07,nan,1,True,1337,512,crpa_contribution,1c1049328b86
1,5,260,102,0.75,nan,6.569746017456055,6.569756984710693,1.0967254638671875e-05,nan,1,True,1337,512,crpa_contribution,1c1049328b86
1,7,9,1,0.75,nan,6.569746017456055,6.569746494293213,4.76837158203125e-07,nan,1,True,1337,512,crpa_contribution,1c1049328b86
1,5,247,144,0.738095223903656,nan,6.569746017456055,6.569746017456055,0.0,nan,1,True,1337,512,crpa_contribution,1c1049328b86
1,0,33,0,0.7333333492279053,nan,6.569746017456055,6.569746017456055,0.0,nan,1,True,1337,512,crpa_contribution,1c1049328b86
1,5,89,64,0.7307692170143127,nan,6.569746017456055,6.569746494293213,4.76837158203125e-07,nan,1,True,1337,512,crpa_contribution,1c1049328b86
1,5,195,169,0.7200000286102295,nan,6.569746017456055,6.569746494293213,4.76837158203125e-07,nan,1,True,1337,512,crpa_contribution,1c1049328b86
1,0,14,4,0.7142857313156128,nan,6.569746017456055,6.569746971130371,9.5367431640625e-07,nan,1,True,1337,512,crpa_contribution,1c1049328b86
1,0,13,2,0.7142857313156128,nan,6.569746017456055,6.569746494293213,4.76837158203125e-07,nan,1,True,1337,512,crpa_contribution,1c1049328b86
1,2,19,5,0.7142857313156128,nan,6.569746017456055,6.569746971130371,9.5367431640625e-07,nan,1,True,1337,512,crpa_contribution,1c1049328b86
1,6,372,264,0.7115384340286255,nan,6.569746017456055,6.569746971130371,9.5367431640625e-07,nan,1,True,1337,512,crpa_contribution,1c1049328b86
1,3,184,148,0.7083333134651184,nan,6.569746017456055,6.569746971130371,9.5367431640625e-07,nan,1,True,1337,512,crpa_contribution,1c1049328b86
1,3,465,430,0.7083333134651184,nan,6.569746017456055,6.5697455406188965,-4.76837158203125e-07,nan,1,True,1337,512,crpa_contribution,1c1049328b86
1,2,102,8,0.707317054271698,nan,6.569746017456055,6.569746494293213,4.76837158203125e-07,nan,1,True,1337,512,crpa_contribution,1c1049328b86
1,5,55,9,0.7058823704719543,nan,6.569746017456055,6.569746017456055,0.0,nan,1,True,1337,512,crpa_contribution,1c1049328b86
1,5,89,16,0.7037037014961243,nan,6.569746017456055,6.569746017456055,0.0,nan,1,True,1337,512,crpa_contribution,1c1049328b86
1,6,421,387,0.699999988079071,nan,6.569746017456055,6.5697479248046875,1.9073486328125e-06,nan,1,True,1337,512,crpa_contribution,1c1049328b86
1,6,414,412,0.699999988079071,nan,6.569746017456055,6.569745063781738,-9.5367431640625e-07,nan,1,True,1337,512,crpa_contribution,1c1049328b86
1,5,470,467,0.6944444179534912,nan,6.569746017456055,6.569746017456055,0.0,nan,1,True,1337,512,crpa_contribution,1c1049328b86
1,5,475,408,0.6944444179534912,nan,6.569746017456055,6.569746494293213,4.76837158203125e-07,nan,1,True,1337,512,crpa_contribution,1c1049328b86
1,6,81,69,0.692307710647583,nan,6.569746017456055,6.569746017456055,0.0,nan,1,True,1337,512,crpa_contribution,1c1049328b86
1,1,316,278,0.6896551847457886,nan,6.569746017456055,6.569746017456055,0.0,nan,1,True,1337,512,crpa_contribution,1c1049328b86
1,5,94,9,0.6896551847457886,nan,6.569746017456055,6.569746971130371,9.5367431640625e-07,nan,1,True,1337,512,crpa_contribution,1c1049328b86
1,5,87,14,0.6896551847457886,nan,6.569746017456055,6.569746494293213,4.76837158203125e-07,nan,1,True,1337,512,crpa_contribution,1c1049328b86
1,6,489,430,0.6888889074325562,nan,6.569746017456055,6.569746017456055,0.0,nan,1,True,1337,512,crpa_contribution,1c1049328b86
1,2,175,157,0.6875,nan,6.569746017456055,6.569746494293213,4.76837158203125e-07,nan,1,True,1337,512,crpa_contribution,1c1049328b86
1,3,37,36,0.6875,nan,6.569746017456055,6.569746494293213,4.76837158203125e-07,nan,1,True,1337,512,crpa_contribution,1c1049328b86
1,5,45,16,0.6875,nan,6.569746017456055,6.569746017456055,0.0,nan,1,True,1337,512,crpa_contribution,1c1049328b86
1,5,52,9,0.6875,nan,6.569746017456055,6.569746494293213,4.76837158203125e-07,nan,1,True,1337,512,crpa_contribution,1c1049328b86
1,3,46,2,0.6842105388641357,nan,6.569746017456055,6.569746017456055,0.0,nan,1,True,1337,512,crpa_contribution,1c1049328b86
1,3,186,140,0.6842105388641357,nan,6.569746017456055,6.569746494293213,4.76837158203125e-07,nan,1,True,1337,512,crpa_contribution,1c1049328b86
1,6,99,84,0.6808510422706604,nan,6.569746017456055,6.569746971130371,9.5367431640625e-07,nan,1,True,1337,512,crpa_contribution,1c1049328b86
1,6,307,305,0.6800000071525574,nan,6.569746017456055,6.569746494293213,4.76837158203125e-07,nan,1,True,1337,512,crpa_contribution,1c1049328b86
1,6,64,15,0.6785714030265808,nan,6.569746017456055,6.569746971130371,9.5367431640625e-07,nan,1,True,1337,512,crpa_contribution,1c1049328b86
1,6,454,417,0.6756756901741028,nan,6.569746017456055,6.5697455406188965,-4.76837158203125e-07,nan,1,True,1337,512,crpa_contribution,1c1049328b86
1,5,115,50,0.6744186282157898,nan,6.569746017456055,6.569746017456055,0.0,nan,1,True,1337,512,crpa_contribution,1c1049328b86
1,1,9,4,0.6666666865348816,nan,6.569746017456055,6.569746017456055,0.0,nan,1,True,1337,512,crpa_contribution,1c1049328b86
1,2,2,2,0.6666666865348816,nan,6.569746017456055,6.56974983215332,3.814697265625e-06,nan,1,True,1337,512,crpa_contribution,1c1049328b86
1,2,289,268,0.6666666865348816,nan,6.569746017456055,6.569746971130371,9.5367431640625e-07,nan,1,True,1337,512,crpa_contribution,1c1049328b86
1,3,139,137,0.6666666865348816,nan,6.569746017456055,6.569746971130371,9.5367431640625e-07,nan,1,True,1337,512,crpa_contribution,1c1049328b86
1,4,4,0,0.6666666865348816,nan,6.569746017456055,6.569756507873535,1.049041748046875e-05,nan,1,True,1337,512,crpa_contribution,1c1049328b86
1,4,14,0,0.6666666865348816,nan,6.569746017456055,6.5697431564331055,-2.86102294921875e-06,nan,1,True,1337,512,crpa_contribution,1c1049328b86
1,4,25,20,0.6666666865348816,nan,6.569746017456055,6.569746971130371,9.5367431640625e-07,nan,1,True,1337,512,crpa_contribution,1c1049328b86
1,4,13,0,0.6666666865348816,nan,6.569746017456055,6.569746017456055,0.0,nan,1,True,1337,512,crpa_contribution,1c1049328b86
1,5,83,34,0.6666666865348816,nan,6.569746017456055,6.569746494293213,4.76837158203125e-07,nan,1,True,1337,512,crpa_contribution,1c1049328b86
1,5,32,6,0.6666666865348816,nan,6.569746017456055,6.569746494293213,4.76837158203125e-07,nan,1,True,1337,512,crpa_contribution,1c1049328b86
1,5,14,9,0.6666666865348816,nan,6.569746017456055,6.569746017456055,0.0,nan,1,True,1337,512,crpa_contribution,1c1049328b86
1,5,86,37,0.6666666865348816,nan,6.569746017456055,6.569746017456055,0.0,nan,1,True,1337,512,crpa_contribution,1c1049328b86
1,5,3,1,0.6666666865348816,nan,6.569746017456055,6.569748401641846,2.384185791015625e-06,nan,1,True,1337,512,crpa_contribution,1c1049328b86
1,5,489,460,0.6666666865348816,nan,6.569746017456055,6.569746017456055,0.0,nan,1,True,1337,512,crpa_contribution,1c1049328b86
1,5,86,63,0.6666666865348816,nan,6.569746017456055,6.569746494293213,4.76837158203125e-07,nan,1,True,1337,512,crpa_contribution,1c1049328b86
1,6,144,128,0.6666666865348816,nan,6.569746017456055,6.569746017456055,0.0,nan,1,True,1337,512,crpa_contribution,1c1049328b86
1,6,144,129,0.6666666865348816,nan,6.569746017456055,6.569746494293213,4.76837158203125e-07,nan,1,True,1337,512,crpa_contribution,1c1049328b86
1,7,135,133,0.6666666865348816,nan,6.569746017456055,6.569746017456055,0.0,nan,1,True,1337,512,crpa_contribution,1c1049328b86
1,7,3,2,0.6666666865348816,nan,6.569746017456055,6.569753646850586,7.62939453125e-06,nan,1,True,1337,512,crpa_contribution,1c1049328b86
1,6,488,479,0.6603773832321167,nan,6.569746017456055,6.569746017456055,0.0,nan,1,True,1337,512,crpa_contribution,1c1049328b86
1,6,481,456,0.6603773832321167,nan,6.569746017456055,6.569746494293213,4.76837158203125e-07,nan,1,True,1337,512,crpa_contribution,1c1049328b86
1,4,504,385,0.6590909361839294,nan,6.569746017456055,6.569746017456055,0.0,nan,1,True,1337,512,crpa_contribution,1c1049328b86
1,6,354,279,0.6585366129875183,nan,6.569746017456055,6.569746971130371,9.5367431640625e-07,nan,1,True,1337,512,crpa_contribution,1c1049328b86
1,3,460,405,0.6551724076271057,nan,6.569746017456055,6.569746494293213,4.76837158203125e-07,nan,1,True,1337,512,crpa_contribution,1c1049328b86
1,0,49,8,0.6499999761581421,nan,6.569746017456055,6.569746494293213,4.76837158203125e-07,nan,1,True,1337,512,crpa_contribution,1c1049328b86
1,6,508,503,0.6499999761581421,nan,6.569746017456055,6.569746017456055,0.0,nan,1,True,1337,512,crpa_contribution,1c1049328b86
1,0,294,257,0.6470588445663452,nan,6.569746017456055,6.569746971130371,9.5367431640625e-07,nan,1,True,1337,512,crpa_contribution,1c1049328b86
1,6,169,155,0.6470588445663452,nan,6.569746017456055,6.569746017456055,0.0,nan,1,True,1337,512,crpa_contribution,1c1049328b86
1,6,195,175,0.6451612710952759,nan,6.569746017456055,6.569746971130371,9.5367431640625e-07,nan,1,True,1337,512,crpa_contribution,1c1049328b86
1,0,426,385,0.6428571343421936,nan,6.569746017456055,6.569746017456055,0.0,nan,1,True,1337,512,crpa_contribution,1c1049328b86
1,2,35,11,0.6428571343421936,nan,6.569746017456055,6.5697455406188965,-4.76837158203125e-07,nan,1,True,1337,512,crpa_contribution,1c1049328b86
1,2,79,59,0.6363636255264282,nan,6.569746017456055,6.5697455406188965,-4.76837158203125e-07,nan,1,True,1337,512,crpa_contribution,1c1049328b86
1,2,79,10,0.6363636255264282,nan,6.569746017456055,6.56974458694458,-1.430511474609375e-06,nan,1,True,1337,512,crpa_contribution,1c1049328b86
1,4,32,4,0.6363636255264282,nan,6.569746017456055,6.569746017456055,0.0,nan,1,True,1337,512,crpa_contribution,1c1049328b86
1,7,398,396,0.6363636255264282,nan,6.569746017456055,6.569745063781738,-9.5367431640625e-07,nan,1,True,1337,512,crpa_contribution,1c1049328b86
1,7,400,395,0.6363636255264282,nan,6.569746017456055,6.569756984710693,1.0967254638671875e-05,nan,1,True,1337,512,crpa_contribution,1c1049328b86
1,7,398,386,0.6363636255264282,nan,6.569746017456055,6.5697455406188965,-4.76837158203125e-07,nan,1,True,1337,512,crpa_contribution,1c1049328b86
1,7,69,63,0.6333333253860474,nan,6.569746017456055,6.569746494293213,4.76837158203125e-07,nan,1,True,1337,512,crpa_contribution,1c1049328b86
1,0,492,415,0.6326530575752258,nan,6.569746017456055,6.569746494293213,4.76837158203125e-07,nan,1,True,1337,512,crpa_contribution,1c1049328b86
1,0,492,454,0.6326530575752258,nan,6.569746017456055,6.569746971130371,9.5367431640625e-07,nan,1,True,1337,512,crpa_contribution,1c1049328b86
1,2,83,12,0.6315789222717285,nan,6.569746017456055,6.569746494293213,4.76837158203125e-07,nan,1,True,1337,512,crpa_contribution,1c1049328b86
1,0,467,384,0.6296296119689941,nan,6.569746017456055,6.569746017456055,0.0,nan,1,True,1337,512,crpa_contribution,1c1049328b86
1,6,53,51,0.6296296119689941,nan,6.569746017456055,6.569746017456055,0.0,nan,1,True,1337,512,crpa_contribution,1c1049328b86
1,6,73,42,0.6285714507102966,nan,6.569746017456055,6.569746017456055,0.0,nan,1,True,1337,512,crpa_contribution,1c1049328b86
1,3,227,102,0.625,nan,6.569746017456055,6.569746017456055,0.0,nan,1,True,1337,512,crpa_contribution,1c1049328b86
1,3,121,29,0.625,nan,6.569746017456055,6.569746017456055,0.0,nan,1,True,1337,512,crpa_contribution,1c1049328b86
1,6,500,487,0.625,nan,6.569746017456055,6.569746017456055,0.0,nan,1,True,1337,512,crpa_contribution,1c1049328b86
1,6,395,393,0.625,nan,6.569746017456055,6.56974458694458,-1.430511474609375e-06,nan,1,True,1337,512,crpa_contribution,1c1049328b86
1,7,105,61,0.625,nan,6.569746017456055,6.569746971130371,9.5367431640625e-07,nan,1,True,1337,512,crpa_contribution,1c1049328b86
1,7,105,30,0.625,nan,6.569746017456055,6.569746017456055,0.0,nan,1,True,1337,512,crpa_contribution,1c1049328b86
1,7,491,479,0.6226415038108826,nan,6.569746017456055,6.569746971130371,9.5367431640625e-07,nan,1,True,1337,512,crpa_contribution,1c1049328b86
1,6,228,172,0.6222222447395325,nan,6.569746017456055,6.569746494293213,4.76837158203125e-07,nan,1,True,1337,512,crpa_contribution,1c1049328b86
1,0,217,183,0.6206896305084229,nan,6.569746017456055,6.569746017456055,0.0,nan,1,True,1337,512,crpa_contribution,1c1049328b86
1,6,487,441,0.6170212626457214,nan,6.569746017456055,6.569746494293213,4.76837158203125e-07,nan,1,True,1337,512,crpa_contribution,1c1049328b86
1,1,21,15,0.6153846383094788,nan,6.569746017456055,6.569746494293213,4.76837158203125e-07,nan,1,True,1337,512,crpa_contribution,1c1049328b86
1,2,410,384,0.6153846383094788,nan,6.569746017456055,6.5697479248046875,1.9073486328125e-06,nan,1,True,1337,512,crpa_contribution,1c1049328b86
1,3,456,430,0.6153846383094788,nan,6.569746017456055,6.569746017456055,0.0,nan,1,True,1337,512,crpa_contribution,1c1049328b86
1,3,294,267,0.6153846383094788,nan,6.569746017456055,6.569746017456055,0.0,nan,1,True,1337,512,crpa_contribution,1c1049328b86
1,7,337,297,0.6111111044883728,nan,6.569746017456055,6.569746017456055,0.0,nan,1,True,1337,512,crpa_contribution,1c1049328b86
1,2,230,211,0.6097561120986938,nan,6.569746017456055,6.569746494293213,4.76837158203125e-07,nan,1,True,1337,512,crpa_contribution,1c1049328b86
1,1,249,149,0.6086956262588501,nan,6.569746017456055,6.569746494293213,4.76837158203125e-07,nan,1,True,1337,512,crpa_contribution,1c1049328b86
1,2,231,155,0.6078431606292725,nan,6.569746017456055,6.569746017456055,0.0,nan,1,True,1337,512,crpa_contribution,1c1049328b86
1,2,234,228,0.6078431606292725,nan,6.569746017456055,6.569746017456055,0.0,nan,1,True,1337,512,crpa_contribution,1c1049328b86
1,2,332,317,0.6071428656578064,nan,6.569746017456055,6.569746017456055,0.0,nan,1,True,1337,512,crpa_contribution,1c1049328b86
1,6,443,435,0.6060606241226196,nan,6.569746017456055,6.569746494293213,4.76837158203125e-07,nan,1,True,1337,512,crpa_contribution,1c1049328b86
1,0,251,184,0.6037735939025879,nan,6.569746017456055,6.569746494293213,4.76837158203125e-07,nan,1,True,1337,512,crpa_contribution,1c1049328b86
1,0,244,137,0.6037735939025879,nan,6.569746017456055,6.569746494293213,4.76837158203125e-07,nan,1,True,1337,512,crpa_contribution,1c1049328b86
1,0,8,0,0.6000000238418579,nan,6.569746017456055,6.569758415222168,1.239776611328125e-05,nan,1,True,1337,512,crpa_contribution,1c1049328b86
1,1,66,46,0.6000000238418579,nan,6.569746017456055,6.569746017456055,0.0,nan,1,True,1337,512,crpa_contribution,1c1049328b86
1,2,8,4,0.6000000238418579,nan,6.569746017456055,6.569768905639648,2.288818359375e-05,nan,1,True,1337,512,crpa_contribution,1c1049328b86
1,2,203,133,0.6000000238418579,nan,6.569746017456055,6.569746017456055,0.0,nan,1,True,1337,512,crpa_contribution,1c1049328b86
1,2,20,6,0.6000000238418579,nan,6.569746017456055,6.5697455406188965,-4.76837158203125e-07,nan,1,True,1337,512,crpa_contribution,1c1049328b86
1,3,148,132,0.6000000238418579,nan,6.569746017456055,6.569746494293213,4.76837158203125e-07,nan,1,True,1337,512,crpa_contribution,1c1049328b86
1,3,282,278,0.6000000238418579,nan,6.569746017456055,6.569743633270264,-2.384185791015625e-06,nan,1,True,1337,512,crpa_contribution,1c1049328b86
1,4,50,47,0.6000000238418579,nan,6.569746017456055,6.569746017456055,0.0,nan,1,True,1337,512,crpa_contribution,1c1049328b86
1,1,124,93,0.59375,nan,6.569746017456055,6.569746017456055,0.0,nan,1,True,1337,512,crpa_contribution,1c1049328b86
1,0,498,423,0.5925925970077515,nan,6.569746017456055,6.5697455406188965,-4.76837158203125e-07,nan,1,True,1337,512,crpa_contribution,1c1049328b86
1,0,502,427,0.5925925970077515,nan,6.569746017456055,6.569746494293213,4.76837158203125e-07,nan,1,True,1337,512,crpa_contribution,1c1049328b86
1,3,447,306,0.5925925970077515,nan,6.569746017456055,6.5697455406188965,-4.76837158203125e-07,nan,1,True,1337,512,crpa_contribution,1c1049328b86
1,7,75,68,0.5925925970077515,nan,6.569746017456055,6.569745063781738,-9.5367431640625e-07,nan,1,True,1337,512,crpa_contribution,1c1049328b86
1,2,237,157,0.5918367505073547,nan,6.569746017456055,6.569746017456055,0.0,nan,1,True,1337,512,crpa_contribution,1c1049328b86
1,2,98,4,0.5909090638160706,nan,6.569746017456055,6.569746494293213,4.76837158203125e-07,nan,1,True,1337,512,crpa_contribution,1c1049328b86
1,0,379,301,0.5882353186607361,nan,6.569746017456055,6.569746971130371,9.5367431640625e-07,nan,1,True,1337,512,crpa_contribution,1c1049328b86
1,2,201,157,0.5882353186607361,nan,6.569746017456055,6.569746017456055,0.0,nan,1,True,1337,512,crpa_contribution,1c1049328b86
1,3,38,11,0.5882353186607361,nan,6.569746017456055,6.5697479248046875,1.9073486328125e-06,nan,1,True,1337,512,crpa_contribution,1c1049328b86
1,7,114,74,0.5882353186607361,nan,6.569746017456055,6.569746017456055,0.0,nan,1,True,1337,512,crpa_contribution,1c1049328b86
1,0,70,64,0.5862069129943848,nan,6.569746017456055,6.569747447967529,1.430511474609375e-06,nan,1,True,1337,512,crpa_contribution,1c1049328b86
1,1,101,33,0.5862069129943848,nan,6.569746017456055,6.569746494293213,4.76837158203125e-07,nan,1,True,1337,512,crpa_contribution,1c1049328b86
1,2,439,419,0.5862069129943848,nan,6.569746017456055,6.569746494293213,4.76837158203125e-07,nan,1,True,1337,512,crpa_contribution,1c1049328b86
1,2,115,89,0.5862069129943848,nan,6.569746017456055,6.569746017456055,0.0,nan,1,True,1337,512,crpa_contribution,1c1049328b86
1,3,378,281,0.5833333134651184,nan,6.569746017456055,6.569746494293213,4.76837158203125e-07,nan,1,True,1337,512,crpa_contribution,1c1049328b86
1,3,442,393,0.5833333134651184,nan,6.569746017456055,6.569746017456055,0.0,nan,1,True,1337,512,crpa_contribution,1c1049328b86
1,1,50,40,0.5806451439857483,nan,6.569746017456055,6.569746017456055,0.0,nan,1,True,1337,512,crpa_contribution,1c1049328b86
1,0,115,65,0.5769230723381042,nan,6.569746017456055,6.569745063781738,-9.5367431640625e-07,nan,1,True,1337,512,crpa_contribution,1c1049328b86
1,7,499,306,0.5769230723381042,nan,6.569746017456055,6.569746017456055,0.0,nan,1,True,1337,512,crpa_contribution,1c1049328b86
1,0,359,263,0.5757575631141663,nan,6.569746017456055,6.569746017456055,0.0,nan,1,True,1337,512,crpa_contribution,1c1049328b86
1,7,80,18,0.5757575631141663,nan,6.569746017456055,6.569746017456055,0.0,nan,1,True,1337,512,crpa_contribution,1c1049328b86
1,3,16,5,0.5714285969734192,nan,6.569746017456055,6.569746494293213,4.76837158203125e-07,nan,1,True,1337,512,crpa_contribution,1c1049328b86
1,4,40,25,0.5714285969734192,nan,6.569746017456055,6.569746494293213,4.76837158203125e-07,nan,1,True,1337,512,crpa_contribution,1c1049328b86
1,4,21,20,0.5714285969734192,nan,6.569746017456055,6.5697455406188965,-4.76837158203125e-07,nan,1,True,1337,512,crpa_contribution,1c1049328b86
1,7,264,256,0.5714285969734192,nan,6.569746017456055,6.569748878479004,2.86102294921875e-06,nan,1,True,1337,512,crpa_contribution,1c1049328b86
1,7,264,261,0.5714285969734192,nan,6.569746017456055,6.56974458694458,-1.430511474609375e-06,nan,1,True,1337,512,crpa_contribution,1c1049328b86
1,0,451,429,0.5652173757553101,nan,6.569746017456055,6.569746971130371,9.5367431640625e-07,nan,1,True,1337,512,crpa_contribution,1c1049328b86
1,1,82,17,0.5652173757553101,nan,6.569746017456055,6.569746017456055,0.0,nan,1,True,1337,512,crpa_contribution,1c1049328b86
1,3,175,102,0.5652173757553101,nan,6.569746017456055,6.569746017456055,0.0,nan,1,True,1337,512,crpa_contribution,1c1049328b86
1,0,413,385,0.5625,nan,6.569746017456055,6.5697455406188965,-4.76837158203125e-07,nan,1,True,1337,512,crpa_contribution,1c1049328b86
1,1,153,139,0.5625,nan,6.569746017456055,6.569747447967529,1.430511474609375e-06,nan,1,True,1337,512,crpa_contribution,1c1049328b86
1,0,344,319,0.5588235259056091,nan,6.569746017456055,6.569746971130371,9.5367431640625e-07,nan,1,True,1337,512,crpa_contribution,1c1049328b86
1,0,353,349,0.5555555820465088,nan,6.569746017456055,6.569746494293213,4.76837158203125e-07,nan,1,True,1337,512,crpa_contribution,1c1049328b86
1,1,13,12,0.5555555820465088,nan,6.569746017456055,6.56974458694458,-1.430511474609375e-06,nan,1,True,1337,512,crpa_contribution,1c1049328b86
1,1,14,5,0.5555555820465088,nan,6.569746017456055,6.5697479248046875,1.9073486328125e-06,nan,1,True,1337,512,crpa_contribution,1c1049328b86
1,4,17,16,0.5555555820465088,nan,6.569746017456055,6.569746494293213,4.76837158203125e-07,nan,1,True,1337,512,crpa_contribution,1c1049328b86
1,4,48,25,0.5555555820465088,nan,6.569746017456055,6.569746494293213,4.76837158203125e-07,nan,1,True,1337,512,crpa_contribution,1c1049328b86
1,7,15,10,0.5555555820465088,nan,6.569746017456055,6.569745063781738,-9.5367431640625e-07,nan,1,True,1337,512,crpa_contribution,1c1049328b86
1,7,19,13,0.5555555820465088,nan,6.569746017456055,6.569747447967529,1.430511474609375e-06,nan,1,True,1337,512,crpa_contribution,1c1049328b86
1,7,19,11,0.5555555820465088,nan,6.569746017456055,6.569739818572998,-6.198883056640625e-06,nan,1,True,1337,512,crpa_contribution,1c1049328b86
1,7,33,12,0.5555555820465088,nan,6.569746017456055,6.569746971130371,9.5367431640625e-07,nan,1,True,1337,512,crpa_contribution,1c1049328b86
1,7,118,76,0.5510203838348389,nan,6.569746017456055,6.569746494293213,4.76837158203125e-07,nan,1,True,1337,512,crpa_contribution,1c1049328b86
1,1,65,54,0.5476190447807312,nan,6.569746017456055,6.569746017456055,0.0,nan,1,True,1337,512,crpa_contribution,1c1049328b86
1,1,68,9,0.5476190447807312,nan,6.569746017456055,6.569746017456055,0.0,nan,1,True,1337,512,crpa_contribution,1c1049328b86
1,4,79,25,0.5454545617103577,nan,6.569746017456055,6.569746017456055,0.0,nan,1,True,1337,512,crpa_contribution,1c1049328b86
1,7,228,142,0.5454545617103577,nan,6.569746017456055,6.5697479248046875,1.9073486328125e-06,nan,1,True,1337,512,crpa_contribution,1c1049328b86
1,7,181,160,0.5454545617103577,nan,6.569746017456055,6.569745063781738,-9.5367431640625e-07,nan,1,True,1337,512,crpa_contribution,1c1049328b86
1,1,438,419,0.5428571701049805,nan,6.569746017456055,6.569746017456055,0.0,nan,1,True,1337,512,crpa_contribution,1c1049328b86
1,4,346,304,0.5428571701049805,nan,6.569746017456055,6.569746017456055,0.0,nan,1,True,1337,512,crpa_contribution,1c1049328b86
1,4,342,317,0.5428571701049805,nan,6.569746017456055,6.569746494293213,4.76837158203125e-07,nan,1,True,1337,512,crpa_contribution,1c1049328b86
1,1,164,147,0.5416666865348816,nan,6.569746017456055,6.569746971130371,9.5367431640625e-07,nan,1,True,1337,512,crpa_contribution,1c1049328b86
1,1,34,3,0.5416666865348816,nan,6.569746017456055,6.569746017456055,0.0,nan,1,True,1337,512,crpa_contribution,1c1049328b86
1,4,86,43,0.5405405163764954,nan,6.569746017456055,6.569746971130371,9.5367431640625e-07,nan,1,True,1337,512,crpa_contribution,1c1049328b86
1,1,371,265,0.5396825671195984,nan,6.569746017456055,6.569746017456055,0.0,nan,1,True,1337,512,crpa_contribution,1c1049328b86
1,1,371,366,0.5396825671195984,nan,6.569746017456055,6.569746017456055,0.0,nan,1,True,1337,512,crpa_contribution,1c1049328b86
1,1,188,142,0.53125,nan,6.569746017456055,6.569746017456055,0.0,nan,1,True,1337,512,crpa_contribution,1c1049328b86
1,1,407,392,0.529411792755127,nan,6.569746017456055,6.569746971130371,9.5367431640625e-07,nan,1,True,1337,512,crpa_contribution,1c1049328b86
1,1,407,404,0.529411792755127,nan,6.569746017456055,6.569746494293213,4.76837158203125e-07,nan,1,True,1337,512,crpa_contribution,1c1049328b86
1,4,46,0,0.529411792755127,nan,6.569746017456055,6.5697455406188965,-4.76837158203125e-07,nan,1,True,1337,512,crpa_contribution,1c1049328b86
1,4,46,29,0.529411792755127,nan,6.569746017456055,6.569746017456055,0.0,nan,1,True,1337,512,crpa_contribution,1c1049328b86
1,4,47,22,0.5263158082962036,nan,6.569746017456055,6.569746017456055,0.0,nan,1,True,1337,512,crpa_contribution,1c1049328b86
1,4,47,6,0.5263158082962036,nan,6.569746017456055,6.569747447967529,1.430511474609375e-06,nan,1,True,1337,512,crpa_contribution,1c1049328b86
1,4,423,401,0.5263158082962036,nan,6.569746017456055,6.569746017456055,0.0,nan,1,True,1337,512,crpa_contribution,1c1049328b86
1,1,375,258,0.5245901346206665,nan,6.569746017456055,6.569746494293213,4.76837158203125e-07,nan,1,True,1337,512,crpa_contribution,1c1049328b86
1,1,416,410,0.523809552192688,nan,6.569746017456055,6.569746494293213,4.76837158203125e-07,nan,1,True,1337,512,crpa_contribution,1c1049328b86
1,4,76,58,0.5161290168762207,nan,6.569746017456055,6.569746494293213,4.76837158203125e-07,nan,1,True,1337,512,crpa_contribution,1c1049328b86
1,4,474,451,0.5142857432365417,nan,6.569746017456055,6.569746494293213,4.76837158203125e-07,nan,1,True,1337,512,crpa_contribution,1c1049328b86
1,4,458,391,0.5142857432365417,nan,6.569746017456055,6.569746017456055,0.0,nan,1,True,1337,512,crpa_contribution,1c1049328b86
1,4,95,82,0.5135135054588318,nan,6.569746017456055,6.569746017456055,0.0,nan,1,True,1337,512,crpa_contribution,1c1049328b86
2,2,2,0,1.0,nan,6.569746017456055,6.569769859313965,2.384185791015625e-05,nan,1,True,1337,512,crpa_contribution,1c1049328b86
2,6,5,5,1.0,nan,6.569746017456055,6.569745063781738,-9.5367431640625e-07,nan,1,True,1337,512,crpa_contribution,1c1049328b86
2,6,4,3,1.0,nan,6.569746017456055,6.569755554199219,9.5367431640625e-06,nan,1,True,1337,512,crpa_contribution,1c1049328b86
2,7,508,445,0.8620689511299133,nan,6.569746017456055,6.569746017456055,0.0,nan,1,True,1337,512,crpa_contribution,1c1049328b86
2,0,12,1,0.8571428656578064,nan,6.569746017456055,6.569746971130371,9.5367431640625e-07,nan,1,True,1337,512,crpa_contribution,1c1049328b86
2,7,116,108,0.8421052694320679,nan,6.569746017456055,6.569746017456055,0.0,nan,1,True,1337,512,crpa_contribution,1c1049328b86
2,6,14,7,0.8333333134651184,nan,6.569746017456055,6.569745063781738,-9.5367431640625e-07,nan,1,True,1337,512,crpa_contribution,1c1049328b86
2,6,115,85,0.8333333134651184,nan,6.569746017456055,6.569746017456055,0.0,nan,1,True,1337,512,crpa_contribution,1c1049328b86
2,5,277,276,0.800000011920929,nan,6.569746017456055,6.569746494293213,4.76837158203125e-07,nan,1,True,1337,512,crpa_contribution,1c1049328b86
2,2,354,329,0.7749999761581421,nan,6.569746017456055,6.569746494293213,4.76837158203125e-07,nan,1,True,1337,512,crpa_contribution,1c1049328b86
2,2,347,329,0.7749999761581421,nan,6.569746017456055,6.569746494293213,4.76837158203125e-07,nan,1,True,1337,512,crpa_contribution,1c1049328b86
2,2,354,295,0.7749999761581421,nan,6.569746017456055,6.569746494293213,4.76837158203125e-07,nan,1,True,1337,512,crpa_contribution,1c1049328b86
2,2,317,264,0.7666666507720947,nan,6.569746017456055,6.569746494293213,4.76837158203125e-07,nan,1,True,1337,512,crpa_contribution,1c1049328b86
2,4,55,30,0.7647058963775635,nan,6.569746017456055,6.569746017456055,0.0,nan,1,True,1337,512,crpa_contribution,1c1049328b86
2,4,55,18,0.7647058963775635,nan,6.569746017456055,6.569746971130371,9.5367431640625e-07,nan,1,True,1337,512,crpa_contribution,1c1049328b86
2,6,38,21,0.7647058963775635,nan,6.569746017456055,6.569746494293213,4.76837158203125e-07,nan,1,True,1337,512,crpa_contribution,1c1049328b86
2,6,307,266,0.7599999904632568,nan,6.569746017456055,6.569746017456055,0.0,nan,1,True,1337,512,crpa_contribution,1c1049328b86
2,2,228,209,0.7555555701255798,nan,6.569746017456055,6.569746017456055,0.0,nan,1,True,1337,512,crpa_contribution,1c1049328b86
2,0,10,5,0.75,nan,6.569746017456055,6.569746017456055,0.0,nan,1,True,1337,512,crpa_contribution,1c1049328b86
2,0,199,153,0.75,nan,6.569746017456055,6.569746494293213,4.76837158203125e-07,nan,1,True,1337,512,crpa_contribution,1c1049328b86
2,0,6,0,0.75,nan,6.569746017456055,6.5697455406188965,-4.76837158203125e-07,nan,1,True,1337,512,crpa_contribution,1c1049328b86
2,0,271,266,0.75,nan,6.569746017456055,6.569746017456055,0.0,nan,1,True,1337,512,crpa_contribution,1c1049328b86
2,2,5,0,0.75,nan,6.569746017456055,6.569744110107422,-1.9073486328125e-06,nan,1,True,1337,512,crpa_contribution,1c1049328b86
2,2,6,4,0.75,nan,6.569746017456055,6.569746017456055,0.0,nan,1,True,1337,512,crpa_contribution,1c1049328b86
2,3,342,334,0.75,nan,6.569746017456055,6.569746494293213,4.76837158203125e-07,nan,1,True,1337,512,crpa_contribution,1c1049328b86
2,3,30,16,0.75,nan,6.569746017456055,6.569745063781738,-9.5367431640625e-07,nan,1,True,1337,512,crpa_contribution,1c1049328b86
2,4,46,16,0.75,nan,6.569746017456055,6.569746494293213,4.76837158203125e-07,nan,1,True,1337,512,crpa_contribution,1c1049328b86
2,5,72,43,0.75,nan,6.569746017456055,6.569746017456055,0.0,nan,1,True,1337,512,crpa_contribution,1c1049328b86
2,7,414,411,0.75,nan,6.569746017456055,6.569746017456055,0.0,nan,1,True,1337,512,crpa_contribution,1c1049328b86
2,7,11,11,0.75,nan,6.569746017456055,6.56974458694458,-1.430511474609375e-06,nan,1,True,1337,512,crpa_contribution,1c1049328b86
2,0,107,101,0.7450980544090271,nan,6.569746017456055,6.569746017456055,0.0,nan,1,True,1337,512,crpa_contribution,1c1049328b86
2,0,107,48,0.7450980544090271,nan,6.569746017456055,6.569746494293213,4.76837158203125e-07,nan,1,True,1337,512,crpa_contribution,1c1049328b86
2,6,82,25,0.7352941036224365,nan,6.569746017456055,6.569746017456055,0.0,nan,1,True,1337,512,crpa_contribution,1c1049328b86
2,7,377,313,0.7352941036224365,nan,6.569746017456055,6.569746017456055,0.0,nan,1,True,1337,512,crpa_contribution,1c1049328b86
2,7,366,352,0.7352941036224365,nan,6.569746017456055,6.569746017456055,0.0,nan,1,True,1337,512,crpa_contribution,1c1049328b86
2,7,377,204,0.7352941036224365,nan,6.569746017456055,6.569746017456055,0.0,nan,1,True,1337,512,crpa_contribution,1c1049328b86
2,2,33,8,0.7333333492279053,nan,6.569746017456055,6.569746017456055,0.0,nan,1,True,1337,512,crpa_contribution,1c1049328b86
2,0,73,10,0.7272727489471436,nan,6.569746017456055,6.569746494293213,4.76837158203125e-07,nan,1,True,1337,512,crpa_contribution,1c1049328b86
2,7,98,11,0.7222222089767456,nan,6.569746017456055,6.569746494293213,4.76837158203125e-07,nan,1,True,1337,512,crpa_contribution,1c1049328b86
2,2,71,7,0.71875,nan,6.569746017456055,6.569746017456055,0.0,nan,1,True,1337,512,crpa_contribution,1c1049328b86
2,2,71,55,0.71875,nan,6.569746017456055,6.569746017456055,0.0,nan,1,True,1337,512,crpa_contribution,1c1049328b86
2,6,481,478,0.7169811129570007,nan,6.569746017456055,6.569746017456055,0.0,nan,1,True,1337,512,crpa_contribution,1c1049328b86
2,6,481,415,0.7169811129570007,nan,6.569746017456055,6.569746017456055,0.0,nan,1,True,1337,512,crpa_contribution,1c1049328b86
2,6,481,442,0.7169811129570007,nan,6.569746017456055,6.569746017456055,0.0,nan,1,True,1337,512,crpa_contribution,1c1049328b86
2,0,368,280,0.7142857313156128,nan,6.569746017456055,6.569746017456055,0.0,nan,1,True,1337,512,crpa_contribution,1c1049328b86
2,1,395,102,0.7142857313156128,nan,6.569746017456055,6.569746017456055,0.0,nan,1,True,1337,512,crpa_contribution,1c1049328b86
2,1,12,10,0.7142857313156128,nan,6.569746017456055,6.5697479248046875,1.9073486328125e-06,nan,1,True,1337,512,crpa_contribution,1c1049328b86
2,5,422,397,0.7058823704719543,nan,6.569746017456055,6.569746494293213,4.76837158203125e-07,nan,1,True,1337,512,crpa_contribution,1c1049328b86
2,6,34,17,0.7058823704719543,nan,6.569746017456055,6.569746971130371,9.5367431640625e-07,nan,1,True,1337,512,crpa_contribution,1c1049328b86
2,7,191,175,0.7058823704719543,nan,6.569746017456055,6.569746494293213,4.76837158203125e-07,nan,1,True,1337,512,crpa_contribution,1c1049328b86
2,2,18,4,0.699999988079071,nan,6.569746017456055,6.569746971130371,9.5367431640625e-07,nan,1,True,1337,512,crpa_contribution,1c1049328b86
2,2,382,328,0.699999988079071,nan,6.569746017456055,6.569746017456055,0.0,nan,1,True,1337,512,crpa_contribution,1c1049328b86
2,3,412,412,0.699999988079071,nan,6.569746017456055,6.569746494293213,4.76837158203125e-07,nan,1,True,1337,512,crpa_contribution,1c1049328b86
2,6,361,267,0.695652186870575,nan,6.569746017456055,6.569746494293213,4.76837158203125e-07,nan,1,True,1337,512,crpa_contribution,1c1049328b86
2,6,360,301,0.695652186870575,nan,6.569746017456055,6.569746494293213,4.76837158203125e-07,nan,1,True,1337,512,crpa_contribution,1c1049328b86
2,4,166,160,0.692307710647583,nan,6.569746017456055,6.569746017456055,0.0,nan,1,True,1337,512,crpa_contribution,1c1049328b86
2,2,66,37,0.6857143044471741,nan,6.569746017456055,6.569746017456055,0.0,nan,1,True,1337,512,crpa_contribution,1c1049328b86
2,2,76,33,0.6857143044471741,nan,6.569746017456055,6.569746017456055,0.0,nan,1,True,1337,512,crpa_contribution,1c1049328b86
2,3,459,432,0.6842105388641357,nan,6.569746017456055,6.569746017456055,0.0,nan,1,True,1337,512,crpa_contribution,1c1049328b86
2,0,294,294,0.6818181872367859,nan,6.569746017456055,6.5697455406188965,-4.76837158203125e-07,nan,1,True,1337,512,crpa_contribution,1c1049328b86
2,2,48,4,0.6818181872367859,nan,6.569746017456055,6.5697455406188965,-4.76837158203125e-07,nan,1,True,1337,512,crpa_contribution,1c1049328b86
2,7,346,303,0.6818181872367859,nan,6.569746017456055,6.569746971130371,9.5367431640625e-07,nan,1,True,1337,512,crpa_contribution,1c1049328b86
2,7,318,305,0.6818181872367859,nan,6.569746017456055,6.569746494293213,4.76837158203125e-07,nan,1,True,1337,512,crpa_contribution,1c1049328b86
2,7,318,303,0.6818181872367859,nan,6.569746017456055,6.569746494293213,4.76837158203125e-07,nan,1,True,1337,512,crpa_contribution,1c1049328b86
2,2,356,297,0.6808510422706604,nan,6.569746017456055,6.569746494293213,4.76837158203125e-07,nan,1,True,1337,512,crpa_contribution,1c1049328b86
2,6,186,185,0.6785714030265808,nan,6.569746017456055,6.569746971130371,9.5367431640625e-07,nan,1,True,1337,512,crpa_contribution,1c1049328b86
2,6,186,143,0.6785714030265808,nan,6.569746017456055,6.569746494293213,4.76837158203125e-07,nan,1,True,1337,512,crpa_contribution,1c1049328b86
2,6,190,148,0.6785714030265808,nan,6.569746017456055,6.569746017456055,0.0,nan,1,True,1337,512,crpa_contribution,1c1049328b86
2,6,186,160,0.6785714030265808,nan,6.569746017456055,6.569746494293213,4.76837158203125e-07,nan,1,True,1337,512,crpa_contribution,1c1049328b86
2,7,493,405,0.6785714030265808,nan,6.569746017456055,6.569746017456055,0.0,nan,1,True,1337,512,crpa_contribution,1c1049328b86
2,7,367,287,0.6774193644523621,nan,6.569746017456055,6.569746017456055,0.0,nan,1,True,1337,512,crpa_contribution,1c1049328b86
2,7,105,99,0.6764705777168274,nan,6.569746017456055,6.569746017456055,0.0,nan,1,True,1337,512,crpa_contribution,1c1049328b86
2,0,313,309,0.6666666865348816,nan,6.569746017456055,6.569746494293213,4.76837158203125e-07,nan,1,True,1337,512,crpa_contribution,1c1049328b86
2,0,291,258,0.6666666865348816,nan,6.569746017456055,6.569746971130371,9.5367431640625e-07,nan,1,True,1337,512,crpa_contribution,1c1049328b86
2,1,13,11,0.6666666865348816,nan,6.569746017456055,6.569747447967529,1.430511474609375e-06,nan,1,True,1337,512,crpa_contribution,1c1049328b86
2,1,14,3,0.6666666865348816,nan,6.569746017456055,6.569746017456055,0.0,nan,1,True,1337,512,crpa_contribution,1c1049328b86
2,2,12,4,0.6666666865348816,nan,6.569746017456055,6.569746017456055,0.0,nan,1,True,1337,512,crpa_contribution,1c1049328b86
2,2,291,269,0.6666666865348816,nan,6.569746017456055,6.569746017456055,0.0,nan,1,True,1337,512,crpa_contribution,1c1049328b86
2,2,353,325,0.6666666865348816,nan,6.569746017456055,6.569746494293213,4.76837158203125e-07,nan,1,True,1337,512,crpa_contribution,1c1049328b86
2,2,353,265,0.6666666865348816,nan,6.569746017456055,6.569746494293213,4.76837158203125e-07,nan,1,True,1337,512,crpa_contribution,1c1049328b86
2,3,31,25,0.6666666865348816,nan,6.569746017456055,6.569746494293213,4.76837158203125e-07,nan,1,True,1337,512,crpa_contribution,1c1049328b86
2,3,18,12,0.6666666865348816,nan,6.569746017456055,6.569746494293213,4.76837158203125e-07,nan,1,True,1337,512,crpa_contribution,1c1049328b86
2,5,3,3,0.6666666865348816,nan,6.569746017456055,6.569748878479004,2.86102294921875e-06,nan,1,True,1337,512,crpa_contribution,1c1049328b86
2,5,67,30,0.6666666865348816,nan,6.569746017456055,6.569746017456055,0.0,nan,1,True,1337,512,crpa_contribution,1c1049328b86
2,6,12,8,0.6666666865348816,nan,6.569746017456055,6.569746017456055,0.0,nan,1,True,1337,512,crpa_contribution,1c1049328b86
2,7,504,395,0.6666666865348816,nan,6.569746017456055,6.569746017456055,0.0,nan,1,True,1337,512,crpa_contribution,1c1049328b86
2,7,351,350,0.6666666865348816,nan,6.569746017456055,6.569746017456055,0.0,nan,1,True,1337,512,crpa_contribution,1c1049328b86
2,7,16,11,0.6666666865348816,nan,6.569746017456055,6.569746494293213,4.76837158203125e-07,nan,1,True,1337,512,crpa_contribution,1c1049328b86
2,7,276,271,0.6666666865348816,nan,6.569746017456055,6.5697455406188965,-4.76837158203125e-07,nan,1,True,1337,512,crpa_contribution,1c1049328b86
2,0,502,406,0.6607142686843872,nan,6.569746017456055,6.569746017456055,0.0,nan,1,True,1337,512,crpa_contribution,1c1049328b86
2,5,235,134,0.6590909361839294,nan,6.569746017456055,6.569746017456055,0.0,nan,1,True,1337,512,crpa_contribution,1c1049328b86
2,1,493,426,0.6585366129875183,nan,6.569746017456055,6.569746017456055,0.0,nan,1,True,1337,512,crpa_contribution,1c1049328b86
2,7,250,228,0.6578947305679321,nan,6.569746017456055,6.569746017456055,0.0,nan,1,True,1337,512,crpa_contribution,1c1049328b86
2,6,328,308,0.6571428775787354,nan,6.569746017456055,6.569746971130371,9.5367431640625e-07,nan,1,True,1337,512,crpa_contribution,1c1049328b86
2,2,184,154,0.65625,nan,6.569746017456055,6.569746017456055,0.0,nan,1,True,1337,512,crpa_contribution,1c1049328b86
2,2,184,140,0.65625,nan,6.569746017456055,6.569746017456055,0.0,nan,1,True,1337,512,crpa_contribution,1c1049328b86
2,2,358,297,0.6521739363670349,nan,6.569746017456055,6.569746494293213,4.76837158203125e-07,nan,1,True,1337,512,crpa_contribution,1c1049328b86
2,5,438,411,0.6499999761581421,nan,6.569746017456055,6.569746494293213,4.76837158203125e-07,nan,1,True,1337,512,crpa_contribution,1c1049328b86
2,5,428,423,0.6499999761581421,nan,6.569746017456055,6.569746017456055,0.0,nan,1,True,1337,512,crpa_contribution,1c1049328b86
2,7,63,38,0.6499999761581421,nan,6.569746017456055,6.569746017456055,0.0,nan,1,True,1337,512,crpa_contribution,1c1049328b86
2,7,63,30,0.6499999761581421,nan,6.569746017456055,6.569746494293213,4.76837158203125e-07,nan,1,True,1337,512,crpa_contribution,1c1049328b86
2,7,63,62,0.6499999761581421,nan,6.569746017456055,6.569746971130371,9.5367431640625e-07,nan,1,True,1337,512,crpa_contribution,1c1049328b86
2,5,92,22,0.6470588445663452,nan,6.569746017456055,6.569746494293213,4.76837158203125e-07,nan,1,True,1337,512,crpa_contribution,1c1049328b86
2,5,92,43,0.6470588445663452,nan,6.569746017456055,6.569746494293213,4.76837158203125e-07,nan,1,True,1337,512,crpa_contribution,1c1049328b86
2,5,87,56,0.6470588445663452,nan,6.569746017456055,6.569746017456055,0.0,nan,1,True,1337,512,crpa_contribution,1c1049328b86
2,6,80,76,0.6470588445663452,nan,6.569746017456055,6.569746017456055,0.0,nan,1,True,1337,512,crpa_contribution,1c1049328b86
2,7,296,292,0.6470588445663452,nan,6.569746017456055,6.569746017456055,0.0,nan,1,True,1337,512,crpa_contribution,1c1049328b86
2,0,332,259,0.6428571343421936,nan,6.569746017456055,6.569746494293213,4.76837158203125e-07,nan,1,True,1337,512,crpa_contribution,1c1049328b86
2,6,248,190,0.640625,nan,6.569746017456055,6.569746494293213,4.76837158203125e-07,nan,1,True,1337,512,crpa_contribution,1c1049328b86
2,0,63,30,0.6399999856948853,nan,6.569746017456055,6.569746494293213,4.76837158203125e-07,nan,1,True,1337,512,crpa_contribution,1c1049328b86
2,6,45,43,0.6399999856948853,nan,6.569746017456055,6.569746017456055,0.0,nan,1,True,1337,512,crpa_contribution,1c1049328b86
2,3,467,430,0.6363636255264282,nan,6.569746017456055,6.569746017456055,0.0,nan,1,True,1337,512,crpa_contribution,1c1049328b86
2,0,458,447,0.6315789222717285,nan,6.569746017456055,6.569746017456055,0.0,nan,1,True,1337,512,crpa_contribution,1c1049328b86
2,0,458,428,0.6315789222717285,nan,6.569746017456055,6.569746017456055,0.0,nan,1,True,1337,512,crpa_contribution,1c1049328b86
2,0,458,446,0.6315789222717285,nan,6.569746017456055,6.569746017456055,0.0,nan,1,True,1337,512,crpa_contribution,1c1049328b86
2,6,156,151,0.6315789222717285,nan,6.569746017456055,6.569746971130371,9.5367431640625e-07,nan,1,True,1337,512,crpa_contribution,1c1049328b86
2,1,493,451,0.6279069781303406,nan,6.569746017456055,6.569746017456055,0.0,nan,1,True,1337,512,crpa_contribution,1c1049328b86
2,0,282,272,0.625,nan,6.569746017456055,6.5697455406188965,-4.76837158203125e-07,nan,1,True,1337,512,crpa_contribution,1c1049328b86
2,0,46,30,0.625,nan,6.569746017456055,6.569746017456055,0.0,nan,1,True,1337,512,crpa_contribution,1c1049328b86
2,0,280,264,0.625,nan,6.569746017456055,6.569746494293213,4.76837158203125e-07,nan,1,True,1337,512,crpa_contribution,1c1049328b86
2,1,350,350,0.625,nan,6.569746017456055,6.569746494293213,4.76837158203125e-07,nan,1,True,1337,512,crpa_contribution,1c1049328b86
2,1,350,292,0.625,nan,6.569746017456055,6.569746494293213,4.76837158203125e-07,nan,1,True,1337,512,crpa_contribution,1c1049328b86
2,1,351,204,0.625,nan,6.569746017456055,6.569746017456055,0.0,nan,1,True,1337,512,crpa_contribution,1c1049328b86
2,5,28,8,0.625,nan,6.569746017456055,6.569746017456055,0.0,nan,1,True,1337,512,crpa_contribution,1c1049328b86
2,5,437,204,0.625,nan,6.569746017456055,6.569746017456055,0.0,nan,1,True,1337,512,crpa_contribution,1c1049328b86
2,6,16,12,0.625,nan,6.569746017456055,6.569762706756592,1.6689300537109375e-05,nan,1,True,1337,512,crpa_contribution,1c1049328b86
2,0,88,68,0.6216216087341309,nan,6.569746017456055,6.569746017456055,0.0,nan,1,True,1337,512,crpa_contribution,1c1049328b86
2,0,63,52,0.6206896305084229,nan,6.569746017456055,6.569746494293213,4.76837158203125e-07,nan,1,True,1337,512,crpa_contribution,1c1049328b86
2,0,64,39,0.6206896305084229,nan,6.569746017456055,6.569746017456055,0.0,nan,1,True,1337,512,crpa_contribution,1c1049328b86
2,1,99,74,0.6176470518112183,nan,6.569746017456055,6.569746971130371,9.5367431640625e-07,nan,1,True,1337,512,crpa_contribution,1c1049328b86
2,1,105,78,0.6111111044883728,nan,6.569746017456055,6.569746017456055,0.0,nan,1,True,1337,512,crpa_contribution,1c1049328b86
2,1,498,488,0.6111111044883728,nan,6.569746017456055,6.569746017456055,0.0,nan,1,True,1337,512,crpa_contribution,1c1049328b86
2,5,57,5,0.6111111044883728,nan,6.569746017456055,6.569746494293213,4.76837158203125e-07,nan,1,True,1337,512,crpa_contribution,1c1049328b86
2,5,48,43,0.6111111044883728,nan,6.569746017456055,6.569746494293213,4.76837158203125e-07,nan,1,True,1337,512,crpa_contribution,1c1049328b86
2,1,106,61,0.6097561120986938,nan,6.569746017456055,6.569746494293213,4.76837158203125e-07,nan,1,True,1337,512,crpa_contribution,1c1049328b86
2,4,245,185,0.6086956262588501,nan,6.569746017456055,6.569746017456055,0.0,nan,1,True,1337,512,crpa_contribution,1c1049328b86
2,3,493,429,0.6071428656578064,nan,6.569746017456055,6.569746017456055,0.0,nan,1,True,1337,512,crpa_contribution,1c1049328b86
2,4,235,201,0.6034482717514038,nan,6.569746017456055,6.569746494293213,4.76837158203125e-07,nan,1,True,1337,512,crpa_contribution,1c1049328b86
2,1,395,395,0.6000000238418579,nan,6.569746017456055,6.569747447967529,1.430511474609375e-06,nan,1,True,1337,512,crpa_contribution,1c1049328b86
2,1,435,421,0.6000000238418579,nan,6.569746017456055,6.569746017456055,0.0,nan,1,True,1337,512,crpa_contribution,1c1049328b86
2,3,461,421,0.6000000238418579,nan,6.569746017456055,6.569746017456055,0.0,nan,1,True,1337,512,crpa_contribution,1c1049328b86
2,3,258,102,0.6000000238418579,nan,6.569746017456055,6.569748878479004,2.86102294921875e-06,nan,1,True,1337,512,crpa_contribution,1c1049328b86
2,3,258,204,0.6000000238418579,nan,6.569746017456055,6.569749355316162,3.337860107421875e-06,nan,1,True,1337,512,crpa_contribution,1c1049328b86
2,3,187,180,0.6000000238418579,nan,6.569746017456055,6.569746017456055,0.0,nan,1,True,1337,512,crpa_contribution,1c1049328b86
2,4,48,0,0.6000000238418579,nan,6.569746017456055,6.569746017456055,0.0,nan,1,True,1337,512,crpa_contribution,1c1049328b86
2,5,145,143,0.6000000238418579,nan,6.569746017456055,6.5697479248046875,1.9073486328125e-06,nan,1,True,1337,512,crpa_contribution,1c1049328b86
2,5,150,102,0.6000000238418579,nan,6.569746017456055,6.569746494293213,4.76837158203125e-07,nan,1,True,1337,512,crpa_contribution,1c1049328b86
2,5,11,10,0.6000000238418579,nan,6.569746017456055,6.5697455406188965,-4.76837158203125e-07,nan,1,True,1337,512,crpa_contribution,1c1049328b86
2,5,44,23,0.6000000238418579,nan,6.569746017456055,6.569746494293213,4.76837158203125e-07,nan,1,True,1337,512,crpa_contribution,1c1049328b86
2,5,44,24,0.6000000238418579,nan,6.569746017456055,6.569746017456055,0.0,nan,1,True,1337,512,crpa_contribution,1c1049328b86
2,5,114,9,0.5957446694374084,nan,6.569746017456055,6.569746017456055,0.0,nan,1,True,1337,512,crpa_contribution,1c1049328b86
2,5,94,83,0.5945945978164673,nan,6.569746017456055,6.569746494293213,4.76837158203125e-07,nan,1,True,1337,512,crpa_contribution,1c1049328b86
2,4,96,32,0.5909090638160706,nan,6.569746017456055,6.569746017456055,0.0,nan,1,True,1337,512,crpa_contribution,1c1049328b86
2,4,49,41,0.5909090638160706,nan,6.569746017456055,6.569746494293213,4.76837158203125e-07,nan,1,True,1337,512,crpa_contribution,1c1049328b86
2,3,112,78,0.5897436141967773,nan,6.569746017456055,6.569746017456055,0.0,nan,1,True,1337,512,crpa_contribution,1c1049328b86
2,3,112,77,0.5897436141967773,nan,6.569746017456055,6.569746017456055,0.0,nan,1,True,1337,512,crpa_contribution,1c1049328b86
2,1,80,74,0.5882353186607361,nan,6.569746017456055,6.569746494293213,4.76837158203125e-07,nan,1,True,1337,512,crpa_contribution,1c1049328b86
2,1,414,411,0.5882353186607361,nan,6.569746017456055,6.569746017456055,0.0,nan,1,True,1337,512,crpa_contribution,1c1049328b86
2,5,37,4,0.5882353186607361,nan,6.569746017456055,6.569746017456055,0.0,nan,1,True,1337,512,crpa_contribution,1c1049328b86
2,3,114,9,0.5869565010070801,nan,6.569746017456055,6.569746017456055,0.0,nan,1,True,1337,512,crpa_contribution,1c1049328b86
2,3,114,3,0.5869565010070801,nan,6.569746017456055,6.569746494293213,4.76837158203125e-07,nan,1,True,1337,512,crpa_contribution,1c1049328b86
2,1,253,128,0.5833333134651184,nan,6.569746017456055,6.569746017456055,0.0,nan,1,True,1337,512,crpa_contribution,1c1049328b86
2,3,85,48,0.5833333134651184,nan,6.569746017456055,6.569746017456055,0.0,nan,1,True,1337,512,crpa_contribution,1c1049328b86
2,3,501,461,0.5833333134651184,nan,6.569746017456055,6.569746017456055,0.0,nan,1,True,1337,512,crpa_contribution,1c1049328b86
2,5,413,406,0.5833333134651184,nan,6.569746017456055,6.569746971130371,9.5367431640625e-07,nan,1,True,1337,512,crpa_contribution,1c1049328b86
2,4,505,471,0.5806451439857483,nan,6.569746017456055,6.569746017456055,0.0,nan,1,True,1337,512,crpa_contribution,1c1049328b86
2,4,458,426,0.5806451439857483,nan,6.569746017456055,6.569746017456055,0.0,nan,1,True,1337,512,crpa_contribution,1c1049328b86
2,3,98,77,0.5789473652839661,nan,6.569746017456055,6.5697455406188965,-4.76837158203125e-07,nan,1,True,1337,512,crpa_contribution,1c1049328b86
2,3,98,62,0.5789473652839661,nan,6.569746017456055,6.569746017456055,0.0,nan,1,True,1337,512,crpa_contribution,1c1049328b86
2,3,296,260,0.5789473652839661,nan,6.569746017456055,6.569746017456055,0.0,nan,1,True,1337,512,crpa_contribution,1c1049328b86
2,3,98,8,0.5789473652839661,nan,6.569746017456055,6.5697455406188965,-4.76837158203125e-07,nan,1,True,1337,512,crpa_contribution,1c1049328b86
2,3,302,287,0.5789473652839661,nan,6.569746017456055,6.569746494293213,4.76837158203125e-07,nan,1,True,1337,512,crpa_contribution,1c1049328b86
2,1,29,9,0.5714285969734192,nan,6.569746017456055,6.569746017456055,0.0,nan,1,True,1337,512,crpa_contribution,1c1049328b86
2,1,13,6,0.5714285969734192,nan,6.569746017456055,6.569746017456055,0.0,nan,1,True,1337,512,crpa_contribution,1c1049328b86
2,1,157,153,0.5714285969734192,nan,6.569746017456055,6.569747447967529,1.430511474609375e-06,nan,1,True,1337,512,crpa_contribution,1c1049328b86
2,3,185,154,0.5714285969734192,nan,6.569746017456055,6.569745063781738,-9.5367431640625e-07,nan,1,True,1337,512,crpa_contribution,1c1049328b86
2,4,264,256,0.5714285969734192,nan,6.569746017456055,6.569747447967529,1.430511474609375e-06,nan,1,True,1337,512,crpa_contribution,1c1049328b86
2,4,362,306,0.5714285969734192,nan,6.569746017456055,6.569746017456055,0.0,nan,1,True,1337,512,crpa_contribution,1c1049328b86
2,1,247,239,0.568965494632721,nan,6.569746017456055,6.569746494293213,4.76837158203125e-07,nan,1,True,1337,512,crpa_contribution,1c1049328b86
2,4,209,188,0.5675675868988037,nan,6.569746017456055,6.569746971130371,9.5367431640625e-07,nan,1,True,1337,512,crpa_contribution,1c1049328b86
2,4,126,43,0.5675675868988037,nan,6.569746017456055,6.569746017456055,0.0,nan,1,True,1337,512,crpa_contribution,1c1049328b86
2,4,208,159,0.5675675868988037,nan,6.569746017456055,6.569746494293213,4.76837158203125e-07,nan,1,True,1337,512,crpa_contribution,1c1049328b86
2,1,486,474,0.5652173757553101,nan,6.569746017456055,6.569746017456055,0.0,nan,1,True,1337,512,crpa_contribution,1c1049328b86
2,4,50,50,0.5652173757553101,nan,6.569746017456055,6.5697455406188965,-4.76837158203125e-07,nan,1,True,1337,512,crpa_contribution,1c1049328b86
2,1,346,294,0.5641025900840759,nan,6.569746017456055,6.569746494293213,4.76837158203125e-07,nan,1,True,1337,512,crpa_contribution,1c1049328b86
2,4,102,41,0.5641025900840759,nan,6.569746017456055,6.569746494293213,4.76837158203125e-07,nan,1,True,1337,512,crpa_contribution,1c1049328b86
2,4,342,287,0.5625,nan,6.569746017456055,6.569746494293213,4.76837158203125e-07,nan,1,True,1337,512,crpa_contribution,1c1049328b86
2,4,53,21,0.5600000023841858,nan,6.569746017456055,6.569746017456055,0.0,nan,1,True,1337,512,crpa_contribution,1c1049328b86
2,4,288,264,0.5555555820465088,nan,6.569746017456055,6.569746494293213,4.76837158203125e-07,nan,1,True,1337,512,crpa_contribution,1c1049328b86
2,4,200,152,0.5517241358757019,nan,6.569746017456055,6.569746017456055,0.0,nan,1,True,1337,512,crpa_contribution,1c1049328b86
2,4,304,270,0.550000011920929,nan,6.569746017456055,6.569746017456055,0.0,nan,1,True,1337,512,crpa_contribution,1c1049328b86
2,4,297,264,0.550000011920929,nan,6.569746017456055,6.5697455406188965,-4.76837158203125e-07,nan,1,True,1337,512,crpa_contribution,1c1049328b86
3,5,9,2,1.0,nan,6.569746017456055,6.56974983215332,3.814697265625e-06,nan,1,True,1337,512,crpa_contribution,1c1049328b86
3,2,166,135,0.8999999761581421,nan,6.569746017456055,6.569746017456055,0.0,nan,1,True,1337,512,crpa_contribution,1c1049328b86
3,2,94,1,0.8999999761581421,nan,6.569746017456055,6.569746494293213,4.76837158203125e-07,nan,1,True,1337,512,crpa_contribution,1c1049328b86
3,2,46,38,0.875,nan,6.569746017456055,6.5697455406188965,-4.76837158203125e-07,nan,1,True,1337,512,crpa_contribution,1c1049328b86
3,2,286,256,0.875,nan,6.569746017456055,6.569746494293213,4.76837158203125e-07,nan,1,True,1337,512,crpa_contribution,1c1049328b86
3,2,127,90,0.875,nan,6.569746017456055,6.569746017456055,0.0,nan,1,True,1337,512,crpa_contribution,1c1049328b86
3,4,30,3,0.875,nan,6.569746017456055,6.569747447967529,1.430511474609375e-06,nan,1,True,1337,512,crpa_contribution,1c1049328b86
3,2,196,178,0.8666666746139526,nan,6.569746017456055,6.569746494293213,4.76837158203125e-07,nan,1,True,1337,512,crpa_contribution,1c1049328b86
3,5,28,24,0.8666666746139526,nan,6.569746017456055,6.569746017456055,0.0,nan,1,True,1337,512,crpa_contribution,1c1049328b86
3,5,25,23,0.8666666746139526,nan,6.569746017456055,6.569746494293213,4.76837158203125e-07,nan,1,True,1337,512,crpa_contribution,1c1049328b86
3,5,55,5,0.8620689511299133,nan,6.569746017456055,6.569746494293213,4.76837158203125e-07,nan,1,True,1337,512,crpa_contribution,1c1049328b86
3,5,95,36,0.8600000143051147,nan,6.569746017456055,6.569746494293213,4.76837158203125e-07,nan,1,True,1337,512,crpa_contribution,1c1049328b86
3,0,12,5,0.8571428656578064,nan,6.569746017456055,6.569747447967529,1.430511474609375e-06,nan,1,True,1337,512,crpa_contribution,1c1049328b86
3,5,29,17,0.8333333134651184,nan,6.569746017456055,6.569746017456055,0.0,nan,1,True,1337,512,crpa_contribution,1c1049328b86
3,5,475,444,0.8269230723381042,nan,6.569746017456055,6.569746494293213,4.76837158203125e-07,nan,1,True,1337,512,crpa_contribution,1c1049328b86
3,5,476,391,0.8269230723381042,nan,6.569746017456055,6.569746017456055,0.0,nan,1,True,1337,512,crpa_contribution,1c1049328b86
3,5,66,25,0.8235294222831726,nan,6.569746017456055,6.569746494293213,4.76837158203125e-07,nan,1,True,1337,512,crpa_contribution,1c1049328b86
3,5,66,46,0.8235294222831726,nan,6.569746017456055,6.569746494293213,4.76837158203125e-07,nan,1,True,1337,512,crpa_contribution,1c1049328b86
3,5,66,2,0.8235294222831726,nan,6.569746017456055,6.569746017456055,0.0,nan,1,True,1337,512,crpa_contribution,1c1049328b86
3,5,66,41,0.8235294222831726,nan,6.569746017456055,6.569746494293213,4.76837158203125e-07,nan,1,True,1337,512,crpa_contribution,1c1049328b86
3,3,64,61,0.8181818127632141,nan,6.569746017456055,6.569746494293213,4.76837158203125e-07,nan,1,True,1337,512,crpa_contribution,1c1049328b86
3,5,276,261,0.8181818127632141,nan,6.569746017456055,6.569746494293213,4.76837158203125e-07,nan,1,True,1337,512,crpa_contribution,1c1049328b86
3,5,65,2,0.8125,nan,6.569746017456055,6.569746494293213,4.76837158203125e-07,nan,1,True,1337,512,crpa_contribution,1c1049328b86
3,2,493,405,0.8095238208770752,nan,6.569746017456055,6.569746494293213,4.76837158203125e-07,nan,1,True,1337,512,crpa_contribution,1c1049328b86
3,2,489,416,0.8064516186714172,nan,6.569746017456055,6.569746494293213,4.76837158203125e-07,nan,1,True,1337,512,crpa_contribution,1c1049328b86
3,2,191,178,0.800000011920929,nan,6.569746017456055,6.569746017456055,0.0,nan,1,True,1337,512,crpa_contribution,1c1049328b86
3,2,423,102,0.800000011920929,nan,6.569746017456055,6.5697455406188965,-4.76837158203125e-07,nan,1,True,1337,512,crpa_contribution,1c1049328b86
3,2,14,7,0.800000011920929,nan,6.569746017456055,6.569746017456055,0.0,nan,1,True,1337,512,crpa_contribution,1c1049328b86
3,2,32,18,0.800000011920929,nan,6.569746017456055,6.569746494293213,4.76837158203125e-07,nan,1,True,1337,512,crpa_contribution,1c1049328b86
3,2,191,175,0.800000011920929,nan,6.569746017456055,6.569746017456055,0.0,nan,1,True,1337,512,crpa_contribution,1c1049328b86
3,4,9,2,0.800000011920929,nan,6.569746017456055,6.569751262664795,5.245208740234375e-06,nan,1,True,1337,512,crpa_contribution,1c1049328b86
3,5,34,25,0.800000011920929,nan,6.569746017456055,6.569746494293213,4.76837158203125e-07,nan,1,True,1337,512,crpa_contribution,1c1049328b86
3,5,53,40,0.7931034564971924,nan,6.569746017456055,6.569746017456055,0.0,nan,1,True,1337,512,crpa_contribution,1c1049328b86
3,4,122,21,0.7903226017951965,nan,6.569746017456055,6.569746494293213,4.76837158203125e-07,nan,1,True,1337,512,crpa_contribution,1c1049328b86
3,4,122,25,0.7903226017951965,nan,6.569746017456055,6.569746494293213,4.76837158203125e-07,nan,1,True,1337,512,crpa_contribution,1c1049328b86
3,4,35,33,0.7894737124443054,nan,6.569746017456055,6.569746494293213,4.76837158203125e-07,nan,1,True,1337,512,crpa_contribution,1c1049328b86
3,4,252,130,0.7878788113594055,nan,6.569746017456055,6.569746017456055,0.0,nan,1,True,1337,512,crpa_contribution,1c1049328b86
3,2,161,135,0.7777777910232544,nan,6.569746017456055,6.569746971130371,9.5367431640625e-07,nan,1,True,1337,512,crpa_contribution,1c1049328b86
3,2,26,13,0.7777777910232544,nan,6.569746017456055,6.569746494293213,4.76837158203125e-07,nan,1,True,1337,512,crpa_contribution,1c1049328b86
3,2,161,137,0.7777777910232544,nan,6.569746017456055,6.5697455406188965,-4.76837158203125e-07,nan,1,True,1337,512,crpa_contribution,1c1049328b86
3,4,70,3,0.7777777910232544,nan,6.569746017456055,6.569746494293213,4.76837158203125e-07,nan,1,True,1337,512,crpa_contribution,1c1049328b86
3,4,107,43,0.7735849022865295,nan,6.569746017456055,6.569746017456055,0.0,nan,1,True,1337,512,crpa_contribution,1c1049328b86
3,5,92,76,0.7735849022865295,nan,6.569746017456055,6.569746017456055,0.0,nan,1,True,1337,512,crpa_contribution,1c1049328b86
3,5,103,3,0.7735849022865295,nan,6.569746017456055,6.569746494293213,4.76837158203125e-07,nan,1,True,1337,512,crpa_contribution,1c1049328b86
3,5,93,58,0.7735849022865295,nan,6.569746017456055,6.569746017456055,0.0,nan,1,True,1337,512,crpa_contribution,1c1049328b86
3,2,240,169,0.7692307829856873,nan,6.569746017456055,6.569746494293213,4.76837158203125e-07,nan,1,True,1337,512,crpa_contribution,1c1049328b86
3,4,93,5,0.7692307829856873,nan,6.569746017456055,6.569746494293213,4.76837158203125e-07,nan,1,True,1337,512,crpa_contribution,1c1049328b86
3,5,89,22,0.7674418687820435,nan,6.569746017456055,6.569746017456055,0.0,nan,1,True,1337,512,crpa_contribution,1c1049328b86
3,5,342,263,0.7674418687820435,nan,6.569746017456055,6.569746494293213,4.76837158203125e-07,nan,1,True,1337,512,crpa_contribution,1c1049328b86
3,5,189,182,0.7647058963775635,nan,6.569746017456055,6.569746017456055,0.0,nan,1,True,1337,512,crpa_contribution,1c1049328b86
3,5,189,159,0.7647058963775635,nan,6.569746017456055,6.569746494293213,4.76837158203125e-07,nan,1,True,1337,512,crpa_contribution,1c1049328b86
3,4,103,25,0.7636363506317139,nan,6.569746017456055,6.569746017456055,0.0,nan,1,True,1337,512,crpa_contribution,1c1049328b86
3,3,368,291,0.7631579041481018,nan,6.569746017456055,6.569746017456055,0.0,nan,1,True,1337,512,crpa_contribution,1c1049328b86
3,3,367,312,0.7631579041481018,nan,6.569746017456055,6.569746017456055,0.0,nan,1,True,1337,512,crpa_contribution,1c1049328b86
3,3,368,338,0.7631579041481018,nan,6.569746017456055,6.569746017456055,0.0,nan,1,True,1337,512,crpa_contribution,1c1049328b86
3,5,248,248,0.7605633735656738,nan,6.569746017456055,6.569746494293213,4.76837158203125e-07,nan,1,True,1337,512,crpa_contribution,1c1049328b86
3,4,369,296,0.7540983557701111,nan,6.569746017456055,6.5697455406188965,-4.76837158203125e-07,nan,1,True,1337,512,crpa_contribution,1c1049328b86
3,2,25,3,0.75,nan,6.569746017456055,6.569746494293213,4.76837158203125e-07,nan,1,True,1337,512,crpa_contribution,1c1049328b86
3,2,9,3,0.75,nan,6.569746017456055,6.569742679595947,-3.337860107421875e-06,nan,1,True,1337,512,crpa_contribution,1c1049328b86
3,2,21,10,0.75,nan,6.569746017456055,6.569746494293213,4.76837158203125e-07,nan,1,True,1337,512,crpa_contribution,1c1049328b86
3,2,215,194,0.75,nan,6.569746017456055,6.569746971130371,9.5367431640625e-07,nan,1,True,1337,512,crpa_contribution,1c1049328b86
3,2,77,21,0.75,nan,6.569746017456055,6.569746017456055,0.0,nan,1,True,1337,512,crpa_contribution,1c1049328b86
3,2,37,1,0.75,nan,6.569746017456055,6.569746017456055,0.0,nan,1,True,1337,512,crpa_contribution,1c1049328b86
3,2,341,270,0.75,nan,6.569746017456055,6.569746017456055,0.0,nan,1,True,1337,512,crpa_contribution,1c1049328b86
3,3,8,8,0.75,nan,6.569746017456055,6.569746494293213,4.76837158203125e-07,nan,1,True,1337,512,crpa_contribution,1c1049328b86
3,4,5,5,0.75,nan,6.569746017456055,6.569745063781738,-9.5367431640625e-07,nan,1,True,1337,512,crpa_contribution,1c1049328b86
3,4,110,95,0.75,nan,6.569746017456055,6.569746017456055,0.0,nan,1,True,1337,512,crpa_contribution,1c1049328b86
3,4,244,217,0.75,nan,6.569746017456055,6.569746017456055,0.0,nan,1,True,1337,512,crpa_contribution,1c1049328b86
3,4,86,25,0.7441860437393188,nan,6.569746017456055,6.569746017456055,0.0,nan,1,True,1337,512,crpa_contribution,1c1049328b86
3,4,344,276,0.7428571581840515,nan,6.569746017456055,6.5697455406188965,-4.76837158203125e-07,nan,1,True,1337,512,crpa_contribution,1c1049328b86
3,4,117,54,0.7368420958518982,nan,6.569746017456055,6.569746017456055,0.0,nan,1,True,1337,512,crpa_contribution,1c1049328b86
3,4,245,214,0.7333333492279053,nan,6.569746017456055,6.569746017456055,0.0,nan,1,True,1337,512,crpa_contribution,1c1049328b86
3,4,458,410,0.7333333492279053,nan,6.569746017456055,6.569746017456055,0.0,nan,1,True,1337,512,crpa_contribution,1c1049328b86
3,4,273,261,0.7272727489471436,nan,6.569746017456055,6.569746017456055,0.0,nan,1,True,1337,512,crpa_contribution,1c1049328b86
3,4,247,167,0.7272727489471436,nan,6.569746017456055,6.569746494293213,4.76837158203125e-07,nan,1,True,1337,512,crpa_contribution,1c1049328b86
3,4,501,440,0.725806474685669,nan,6.569746017456055,6.569746017456055,0.0,nan,1,True,1337,512,crpa_contribution,1c1049328b86
3,4,501,455,0.725806474685669,nan,6.569746017456055,6.569746017456055,0.0,nan,1,True,1337,512,crpa_contribution,1c1049328b86
3,4,457,446,0.7250000238418579,nan,6.569746017456055,6.569746017456055,0.0,nan,1,True,1337,512,crpa_contribution,1c1049328b86
3,3,15,14,0.7142857313156128,nan,6.569746017456055,6.5697455406188965,-4.76837158203125e-07,nan,1,True,1337,512,crpa_contribution,1c1049328b86
3,7,14,7,0.7142857313156128,nan,6.569746017456055,6.569746494293213,4.76837158203125e-07,nan,1,True,1337,512,crpa_contribution,1c1049328b86
3,7,13,11,0.7142857313156128,nan,6.569746017456055,6.569747447967529,1.430511474609375e-06,nan,1,True,1337,512,crpa_contribution,1c1049328b86
3,7,77,16,0.6875,nan,6.569746017456055,6.569746494293213,4.76837158203125e-07,nan,1,True,1337,512,crpa_contribution,1c1049328b86
3,1,419,389,0.6818181872367859,nan,6.569746017456055,6.569746017456055,0.0,nan,1,True,1337,512,crpa_contribution,1c1049328b86
3,1,56,36,0.6764705777168274,nan,6.569746017456055,6.569746017456055,0.0,nan,1,True,1337,512,crpa_contribution,1c1049328b86
3,0,11,11,0.6666666865348816,nan,6.569746017456055,6.569782257080078,3.62396240234375e-05,nan,1,True,1337,512,crpa_contribution,1c1049328b86
3,0,5,3,0.6666666865348816,nan,6.569746017456055,6.569743633270264,-2.384185791015625e-06,nan,1,True,1337,512,crpa_contribution,1c1049328b86
3,1,9,1,0.6666666865348816,nan,6.569746017456055,6.5697479248046875,1.9073486328125e-06,nan,1,True,1337,512,crpa_contribution,1c1049328b86
3,3,190,147,0.6666666865348816,nan,6.569746017456055,6.569746017456055,0.0,nan,1,True,1337,512,crpa_contribution,1c1049328b86
3,3,6,3,0.6666666865348816,nan,6.569746017456055,6.5697479248046875,1.9073486328125e-06,nan,1,True,1337,512,crpa_contribution,1c1049328b86
3,3,3,3,0.6666666865348816,nan,6.569746017456055,6.569746494293213,4.76837158203125e-07,nan,1,True,1337,512,crpa_contribution,1c1049328b86
3,3,272,269,0.6666666865348816,nan,6.569746017456055,6.569746494293213,4.76837158203125e-07,nan,1,True,1337,512,crpa_contribution,1c1049328b86
3,6,11,3,0.6666666865348816,nan,6.569746017456055,6.569745063781738,-9.5367431640625e-07,nan,1,True,1337,512,crpa_contribution,1c1049328b86
3,7,247,192,0.6666666865348816,nan,6.569746017456055,6.569746017456055,0.0,nan,1,True,1337,512,crpa_contribution,1c1049328b86
3,7,116,50,0.6666666865348816,nan,6.569746017456055,6.569746494293213,4.76837158203125e-07,nan,1,True,1337,512,crpa_contribution,1c1049328b86
3,7,174,161,0.6666666865348816,nan,6.569746017456055,6.56974458694458,-1.430511474609375e-06,nan,1,True,1337,512,crpa_contribution,1c1049328b86
3,7,116,69,0.6666666865348816,nan,6.569746017456055,6.569746494293213,4.76837158203125e-07,nan,1,True,1337,512,crpa_contribution,1c1049328b86
3,7,116,71,0.6666666865348816,nan,6.569746017456055,6.569746017456055,0.0,nan,1,True,1337,512,crpa_contribution,1c1049328b86
3,7,2,1,0.6666666865348816,nan,6.569746017456055,6.5697503089904785,4.291534423828125e-06,nan,1,True,1337,512,crpa_contribution,1c1049328b86
3,7,165,162,0.6666666865348816,nan,6.569746017456055,6.569746971130371,9.5367431640625e-07,nan,1,True,1337,512,crpa_contribution,1c1049328b86
3,7,247,214,0.6607142686843872,nan,6.569746017456055,6.569746017456055,0.0,nan,1,True,1337,512,crpa_contribution,1c1049328b86
3,7,331,264,0.65625,nan,6.569746017456055,6.5697455406188965,-4.76837158203125e-07,nan,1,True,1337,512,crpa_contribution,1c1049328b86
3,1,46,11,0.6551724076271057,nan,6.569746017456055,6.569746017456055,0.0,nan,1,True,1337,512,crpa_contribution,1c1049328b86
3,3,234,176,0.6511628031730652,nan,6.569746017456055,6.569746494293213,4.76837158203125e-07,nan,1,True,1337,512,crpa_contribution,1c1049328b86
3,0,36,11,0.6499999761581421,nan,6.569746017456055,6.569745063781738,-9.5367431640625e-07,nan,1,True,1337,512,crpa_contribution,1c1049328b86
3,1,250,162,0.6478873491287231,nan,6.569746017456055,6.569746017456055,0.0,nan,1,True,1337,512,crpa_contribution,1c1049328b86
3,7,73,49,0.6451612710952759,nan,6.569746017456055,6.569746494293213,4.76837158203125e-07,nan,1,True,1337,512,crpa_contribution,1c1049328b86
3,0,46,3,0.6428571343421936,nan,6.569746017456055,6.569746494293213,4.76837158203125e-07,nan,1,True,1337,512,crpa_contribution,1c1049328b86
3,0,46,16,0.6428571343421936,nan,6.569746017456055,6.569746494293213,4.76837158203125e-07,nan,1,True,1337,512,crpa_contribution,1c1049328b86
3,3,461,402,0.6428571343421936,nan,6.569746017456055,6.569746017456055,0.0,nan,1,True,1337,512,crpa_contribution,1c1049328b86
3,3,490,422,0.6428571343421936,nan,6.569746017456055,6.569746017456055,0.0,nan,1,True,1337,512,crpa_contribution,1c1049328b86
3,3,490,438,0.6428571343421936,nan,6.569746017456055,6.569746017456055,0.0,nan,1,True,1337,512,crpa_contribution,1c1049328b86
3,3,461,441,0.6428571343421936,nan,6.569746017456055,6.569746017456055,0.0,nan,1,True,1337,512,crpa_contribution,1c1049328b86
3,0,481,403,0.6399999856948853,nan,6.569746017456055,6.569746494293213,4.76837158203125e-07,nan,1,True,1337,512,crpa_contribution,1c1049328b86
3,0,480,403,0.6399999856948853,nan,6.569746017456055,6.569746017456055,0.0,nan,1,True,1337,512,crpa_contribution,1c1049328b86
3,1,427,419,0.6399999856948853,nan,6.569746017456055,6.569746494293213,4.76837158203125e-07,nan,1,True,1337,512,crpa_contribution,1c1049328b86
3,6,45,32,0.6399999856948853,nan,6.569746017456055,6.569746017456055,0.0,nan,1,True,1337,512,crpa_contribution,1c1049328b86
3,7,377,321,0.6399999856948853,nan,6.569746017456055,6.569746017456055,0.0,nan,1,True,1337,512,crpa_contribution,1c1049328b86
3,1,35,1,0.6363636255264282,nan,6.569746017456055,6.569746017456055,0.0,nan,1,True,1337,512,crpa_contribution,1c1049328b86
3,7,355,303,0.6363636255264282,nan,6.569746017456055,6.569746494293213,4.76837158203125e-07,nan,1,True,1337,512,crpa_contribution,1c1049328b86
3,3,53,21,0.6315789222717285,nan,6.569746017456055,6.569746494293213,4.76837158203125e-07,nan,1,True,1337,512,crpa_contribution,1c1049328b86
3,7,50,3,0.6315789222717285,nan,6.569746017456055,6.5697455406188965,-4.76837158203125e-07,nan,1,True,1337,512,crpa_contribution,1c1049328b86
3,1,293,263,0.6296296119689941,nan,6.569746017456055,6.569746494293213,4.76837158203125e-07,nan,1,True,1337,512,crpa_contribution,1c1049328b86
3,6,319,204,0.6285714507102966,nan,6.569746017456055,6.569746017456055,0.0,nan,1,True,1337,512,crpa_contribution,1c1049328b86
3,1,367,279,0.6268656849861145,nan,6.569746017456055,6.569746017456055,0.0,nan,1,True,1337,512,crpa_contribution,1c1049328b86
3,0,426,416,0.625,nan,6.569746017456055,6.569745063781738,-9.5367431640625e-07,nan,1,True,1337,512,crpa_contribution,1c1049328b86
3,1,22,9,0.625,nan,6.569746017456055,6.569746017456055,0.0,nan,1,True,1337,512,crpa_contribution,1c1049328b86
3,1,48,25,0.625,nan,6.569746017456055,6.569746017456055,0.0,nan,1,True,1337,512,crpa_contribution,1c1049328b86
3,3,247,208,0.625,nan,6.569746017456055,6.569746017456055,0.0,nan,1,True,1337,512,crpa_contribution,1c1049328b86
3,3,247,131,0.625,nan,6.569746017456055,6.569746017456055,0.0,nan,1,True,1337,512,crpa_contribution,1c1049328b86
3,3,61,12,0.625,nan,6.569746017456055,6.569746971130371,9.5367431640625e-07,nan,1,True,1337,512,crpa_contribution,1c1049328b86
3,7,195,184,0.625,nan,6.569746017456055,6.569746017456055,0.0,nan,1,True,1337,512,crpa_contribution,1c1049328b86
3,7,500,413,0.6181818246841431,nan,6.569746017456055,6.569746017456055,0.0,nan,1,True,1337,512,crpa_contribution,1c1049328b86
3,7,491,464,0.6181818246841431,nan,6.569746017456055,6.569746017456055,0.0,nan,1,True,1337,512,crpa_contribution,1c1049328b86
3,6,225,225,0.6166666746139526,nan,6.569746017456055,6.569746017456055,0.0,nan,1,True,1337,512,crpa_contribution,1c1049328b86
3,6,225,221,0.6166666746139526,nan,6.569746017456055,6.569746017456055,0.0,nan,1,True,1337,512,crpa_contribution,1c1049328b86
3,0,25,12,0.6153846383094788,nan,6.569746017456055,6.569746017456055,0.0,nan,1,True,1337,512,crpa_contribution,1c1049328b86
3,7,280,264,0.6153846383094788,nan,6.569746017456055,6.569746017456055,0.0,nan,1,True,1337,512,crpa_contribution,1c1049328b86
3,7,155,142,0.6153846383094788,nan,6.569746017456055,6.569746494293213,4.76837158203125e-07,nan,1,True,1337,512,crpa_contribution,1c1049328b86
3,7,150,134,0.6153846383094788,nan,6.569746017456055,6.569744110107422,-1.9073486328125e-06,nan,1,True,1337,512,crpa_contribution,1c1049328b86
3,1,235,147,0.6129032373428345,nan,6.569746017456055,6.569746017456055,0.0,nan,1,True,1337,512,crpa_contribution,1c1049328b86
3,6,214,184,0.6129032373428345,nan,6.569746017456055,6.569746494293213,4.76837158203125e-07,nan,1,True,1337,512,crpa_contribution,1c1049328b86
3,6,46,25,0.6129032373428345,nan,6.569746017456055,6.569746017456055,0.0,nan,1,True,1337,512,crpa_contribution,1c1049328b86
3,6,58,36,0.6129032373428345,nan,6.569746017456055,6.569746494293213,4.76837158203125e-07,nan,1,True,1337,512,crpa_contribution,1c1049328b86
3,0,281,279,0.6111111044883728,nan,6.569746017456055,6.569744110107422,-1.9073486328125e-06,nan,1,True,1337,512,crpa_contribution,1c1049328b86
3,3,91,20,0.6097561120986938,nan,6.569746017456055,6.569746017456055,0.0,nan,1,True,1337,512,crpa_contribution,1c1049328b86
3,1,415,399,0.6086956262588501,nan,6.569746017456055,6.569746017456055,0.0,nan,1,True,1337,512,crpa_contribution,1c1049328b86
3,1,415,389,0.6086956262588501,nan,6.569746017456055,6.569746017456055,0.0,nan,1,True,1337,512,crpa_contribution,1c1049328b86
3,3,354,305,0.6071428656578064,nan,6.569746017456055,6.569746494293213,4.76837158203125e-07,nan,1,True,1337,512,crpa_contribution,1c1049328b86
3,3,354,303,0.6071428656578064,nan,6.569746017456055,6.569746017456055,0.0,nan,1,True,1337,512,crpa_contribution,1c1049328b86
3,3,60,6,0.6071428656578064,nan,6.569746017456055,6.569746494293213,4.76837158203125e-07,nan,1,True,1337,512,crpa_contribution,1c1049328b86
3,7,510,400,0.6071428656578064,nan,6.569746017456055,6.569746017456055,0.0,nan,1,True,1337,512,crpa_contribution,1c1049328b86
3,1,192,160,0.6052631735801697,nan,6.569746017456055,6.569746017456055,0.0,nan,1,True,1337,512,crpa_contribution,1c1049328b86
3,3,341,264,0.6052631735801697,nan,6.569746017456055,6.569746017456055,0.0,nan,1,True,1337,512,crpa_contribution,1c1049328b86
3,7,336,292,0.6052631735801697,nan,6.569746017456055,6.569746017456055,0.0,nan,1,True,1337,512,crpa_contribution,1c1049328b86
3,6,203,161,0.6037735939025879,nan,6.569746017456055,6.569746494293213,4.76837158203125e-07,nan,1,True,1337,512,crpa_contribution,1c1049328b86
3,0,9,6,0.6000000238418579,nan,6.569746017456055,6.569747447967529,1.430511474609375e-06,nan,1,True,1337,512,crpa_contribution,1c1049328b86
3,1,487,454,0.6000000238418579,nan,6.569746017456055,6.569746017456055,0.0,nan,1,True,1337,512,crpa_contribution,1c1049328b86
3,1,465,410,0.6000000238418579,nan,6.569746017456055,6.569746017456055,0.0,nan,1,True,1337,512,crpa_contribution,1c1049328b86
3,1,130,129,0.6000000238418579,nan,6.569746017456055,6.5697455406188965,-4.76837158203125e-07,nan,1,True,1337,512,crpa_contribution,1c1049328b86
3,1,501,439,0.5972222089767456,nan,6.569746017456055,6.569746017456055,0.0,nan,1,True,1337,512,crpa_contribution,1c1049328b86
3,1,501,486,0.5972222089767456,nan,6.569746017456055,6.569746017456055,0.0,nan,1,True,1337,512,crpa_contribution,1c1049328b86
3,1,207,138,0.5961538553237915,nan,6.569746017456055,6.569746017456055,0.0,nan,1,True,1337,512,crpa_contribution,1c1049328b86
3,1,214,133,0.5961538553237915,nan,6.569746017456055,6.569746017456055,0.0,nan,1,True,1337,512,crpa_contribution,1c1049328b86
3,0,43,29,0.5925925970077515,nan,6.569746017456055,6.569746017456055,0.0,nan,1,True,1337,512,crpa_contribution,1c1049328b86
3,1,358,303,0.5925925970077515,nan,6.569746017456055,6.569746017456055,0.0,nan,1,True,1337,512,crpa_contribution,1c1049328b86
3,1,318,312,0.5925925970077515,nan,6.569746017456055,6.569746494293213,4.76837158203125e-07,nan,1,True,1337,512,crpa_contribution,1c1049328b86
3,6,345,256,0.5918367505073547,nan,6.569746017456055,6.569746494293213,4.76837158203125e-07,nan,1,True,1337,512,crpa_contribution,1c1049328b86
3,6,41,12,0.5833333134651184,nan,6.569746017456055,6.569746017456055,0.0,nan,1,True,1337,512,crpa_contribution,1c1049328b86
3,6,21,4,0.5833333134651184,nan,6.569746017456055,6.5697455406188965,-4.76837158203125e-07,nan,1,True,1337,512,crpa_contribution,1c1049328b86
3,0,92,40,0.5789473652839661,nan,6.569746017456055,6.5697455406188965,-4.76837158203125e-07,nan,1,True,1337,512,crpa_contribution,1c1049328b86
3,6,480,306,0.5789473652839661,nan,6.569746017456055,6.569746494293213,4.76837158203125e-07,nan,1,True,1337,512,crpa_contribution,1c1049328b86
3,6,479,454,0.5789473652839661,nan,6.569746017456055,6.569746017456055,0.0,nan,1,True,1337,512,crpa_contribution,1c1049328b86
3,6,505,464,0.577464759349823,nan,6.569746017456055,6.569746017456055,0.0,nan,1,True,1337,512,crpa_contribution,1c1049328b86
3,0,116,10,0.5737704634666443,nan,6.569746017456055,6.569746494293213,4.76837158203125e-07,nan,1,True,1337,512,crpa_contribution,1c1049328b86
3,6,235,232,0.5735294222831726,nan,6.569746017456055,6.569746494293213,4.76837158203125e-07,nan,1,True,1337,512,crpa_contribution,1c1049328b86
3,0,135,129,0.5714285969734192,nan,6.569746017456055,6.5697455406188965,-4.76837158203125e-07,nan,1,True,1337,512,crpa_contribution,1c1049328b86
3,0,133,102,0.5714285969734192,nan,6.569746017456055,6.5697455406188965,-4.76837158203125e-07,nan,1,True,1337,512,crpa_contribution,1c1049328b86
3,6,9,9,0.5714285969734192,nan,6.569746017456055,6.569753646850586,7.62939453125e-06,nan,1,True,1337,512,crpa_contribution,1c1049328b86
3,0,230,152,0.568965494632721,nan,6.569746017456055,6.569746494293213,4.76837158203125e-07,nan,1,True,1337,512,crpa_contribution,1c1049328b86
3,0,230,176,0.568965494632721,nan,6.569746017456055,6.569746971130371,9.5367431640625e-07,nan,1,True,1337,512,crpa_contribution,1c1049328b86
3,6,81,30,0.5681818127632141,nan,6.569746017456055,6.569746017456055,0.0,nan,1,True,1337,512,crpa_contribution,1c1049328b86
3,6,81,36,0.5681818127632141,nan,6.569746017456055,6.569746017456055,0.0,nan,1,True,1337,512,crpa_contribution,1c1049328b86
3,0,53,12,0.5666666626930237,nan,6.569746017456055,6.5697455406188965,-4.76837158203125e-07,nan,1,True,1337,512,crpa_contribution,1c1049328b86
3,6,110,93,0.5652173757553101,nan,6.569746017456055,6.569746494293213,4.76837158203125e-07,nan,1,True,1337,512,crpa_contribution,1c1049328b86
3,6,110,110,0.5652173757553101,nan,6.569746017456055,6.5697455406188965,-4.76837158203125e-07,nan,1,True,1337,512,crpa_contribution,1c1049328b86
3,6,164,162,0.5652173757553101,nan,6.569746017456055,6.569746494293213,4.76837158203125e-07,nan,1,True,1337,512,crpa_contribution,1c1049328b86
3,6,117,49,0.5652173757553101,nan,6.569746017456055,6.569746494293213,4.76837158203125e-07,nan,1,True,1337,512,crpa_contribution,1c1049328b86
3,0,149,128,0.5625,nan,6.569746017456055,6.569746971130371,9.5367431640625e-07,nan,1,True,1337,512,crpa_contribution,1c1049328b86
3,6,460,394,0.5625,nan,6.569746017456055,6.569746017456055,0.0,nan,1,True,1337,512,crpa_contribution,1c1049328b86
3,0,162,152,0.5555555820465088,nan,6.569746017456055,6.56974458694458,-1.430511474609375e-06,nan,1,True,1337,512,crpa_contribution,1c1049328b86
3,0,42,37,0.5517241358757019,nan,6.569746017456055,6.569746971130371,9.5367431640625e-07,nan,1,True,1337,512,crpa_contribution,1c1049328b86
3,0,455,420,0.5384615659713745,nan,6.569746017456055,6.569746971130371,9.5367431640625e-07,nan,1,True,1337,512,crpa_contribution,1c1049328b86
4,3,2,1,1.0,nan,6.569746017456055,6.569746494293213,4.76837158203125e-07,nan,1,True,1337,512,crpa_contribution,1c1049328b86
4,2,82,43,0.8999999761581421,nan,6.569746017456055,6.569746971130371,9.5367431640625e-07,nan,1,True,1337,512,crpa_contribution,1c1049328b86
4,2,82,11,0.8999999761581421,nan,6.569746017456055,6.569747447967529,1.430511474609375e-06,nan,1,True,1337,512,crpa_contribution,1c1049328b86
4,3,14,9,0.8888888955116272,nan,6.569746017456055,6.569746017456055,0.0,nan,1,True,1337,512,crpa_contribution,1c1049328b86
4,5,481,449,0.8478260636329651,nan,6.569746017456055,6.569746017456055,0.0,nan,1,True,1337,512,crpa_contribution,1c1049328b86
4,5,480,392,0.8478260636329651,nan,6.569746017456055,6.569746017456055,0.0,nan,1,True,1337,512,crpa_contribution,1c1049328b86
4,7,15,10,0.8333333134651184,nan,6.569746017456055,6.569746494293213,4.76837158203125e-07,nan,1,True,1337,512,crpa_contribution,1c1049328b86
4,7,33,11,0.8333333134651184,nan,6.569746017456055,6.5697407722473145,-5.245208740234375e-06,nan,1,True,1337,512,crpa_contribution,1c1049328b86
4,7,15,12,0.8333333134651184,nan,6.569746017456055,6.569746494293213,4.76837158203125e-07,nan,1,True,1337,512,crpa_contribution,1c1049328b86
4,7,86,18,0.8181818127632141,nan,6.569746017456055,6.569746017456055,0.0,nan,1,True,1337,512,crpa_contribution,1c1049328b86
4,2,94,55,0.782608687877655,nan,6.569746017456055,6.569746017456055,0.0,nan,1,True,1337,512,crpa_contribution,1c1049328b86
4,4,250,134,0.779411792755127,nan,6.569746017456055,6.569746494293213,4.76837158203125e-07,nan,1,True,1337,512,crpa_contribution,1c1049328b86
4,4,250,215,0.779411792755127,nan,6.569746017456055,6.569746017456055,0.0,nan,1,True,1337,512,crpa_contribution,1c1049328b86
4,6,16,12,0.7777777910232544,nan,6.569746017456055,6.569746017456055,0.0,nan,1,True,1337,512,crpa_contribution,1c1049328b86
4,7,80,77,0.7777777910232544,nan,6.569746017456055,6.569746017456055,0.0,nan,1,True,1337,512,crpa_contribution,1c1049328b86
4,3,250,156,0.7702702879905701,nan,6.569746017456055,6.569746017456055,0.0,nan,1,True,1337,512,crpa_contribution,1c1049328b86
4,4,505,495,0.7571428418159485,nan,6.569746017456055,6.569746017456055,0.0,nan,1,True,1337,512,crpa_contribution,1c1049328b86
4,6,244,199,0.7551020383834839,nan,6.569746017456055,6.569746017456055,0.0,nan,1,True,1337,512,crpa_contribution,1c1049328b86
4,0,6,2,0.75,nan,6.569746017456055,6.569746494293213,4.76837158203125e-07,nan,1,True,1337,512,crpa_contribution,1c1049328b86
4,1,14,6,0.75,nan,6.569746017456055,6.569747447967529,1.430511474609375e-06,nan,1,True,1337,512,crpa_contribution,1c1049328b86
4,2,18,7,0.75,nan,6.569746017456055,6.569746494293213,4.76837158203125e-07,nan,1,True,1337,512,crpa_contribution,1c1049328b86
4,3,29,10,0.75,nan,6.569746017456055,6.569746494293213,4.76837158203125e-07,nan,1,True,1337,512,crpa_contribution,1c1049328b86
4,3,29,16,0.75,nan,6.569746017456055,6.569746017456055,0.0,nan,1,True,1337,512,crpa_contribution,1c1049328b86
4,5,366,364,0.75,nan,6.569746017456055,6.569746017456055,0.0,nan,1,True,1337,512,crpa_contribution,1c1049328b86
4,5,8,3,0.75,nan,6.569746017456055,6.569747447967529,1.430511474609375e-06,nan,1,True,1337,512,crpa_contribution,1c1049328b86
4,5,4,3,0.75,nan,6.569746017456055,6.569745063781738,-9.5367431640625e-07,nan,1,True,1337,512,crpa_contribution,1c1049328b86
4,5,105,29,0.75,nan,6.569746017456055,6.569746017456055,0.0,nan,1,True,1337,512,crpa_contribution,1c1049328b86
4,5,367,362,0.75,nan,6.569746017456055,6.569746017456055,0.0,nan,1,True,1337,512,crpa_contribution,1c1049328b86
4,7,89,74,0.75,nan,6.569746017456055,6.569746017456055,0.0,nan,1,True,1337,512,crpa_contribution,1c1049328b86
4,7,89,62,0.75,nan,6.569746017456055,6.569748878479004,2.86102294921875e-06,nan,1,True,1337,512,crpa_contribution,1c1049328b86
4,5,307,299,0.7407407164573669,nan,6.569746017456055,6.569746017456055,0.0,nan,1,True,1337,512,crpa_contribution,1c1049328b86
4,5,318,259,0.7368420958518982,nan,6.569746017456055,6.569746494293213,4.76837158203125e-07,nan,1,True,1337,512,crpa_contribution,1c1049328b86
4,5,318,272,0.7368420958518982,nan,6.569746017456055,6.569746017456055,0.0,nan,1,True,1337,512,crpa_contribution,1c1049328b86
4,5,322,272,0.7368420958518982,nan,6.569746017456055,6.569746017456055,0.0,nan,1,True,1337,512,crpa_contribution,1c1049328b86
4,3,458,403,0.7358490824699402,nan,6.569746017456055,6.569746017456055,0.0,nan,1,True,1337,512,crpa_contribution,1c1049328b86
4,2,35,7,0.7333333492279053,nan,6.569746017456055,6.569745063781738,-9.5367431640625e-07,nan,1,True,1337,512,crpa_contribution,1c1049328b86
4,2,31,22,0.7333333492279053,nan,6.569746017456055,6.569746971130371,9.5367431640625e-07,nan,1,True,1337,512,crpa_contribution,1c1049328b86
4,7,227,167,0.7307692170143127,nan,6.569746017456055,6.569746017456055,0.0,nan,1,True,1337,512,crpa_contribution,1c1049328b86
4,7,209,129,0.7307692170143127,nan,6.569746017456055,6.569746017456055,0.0,nan,1,True,1337,512,crpa_contribution,1c1049328b86
4,7,209,186,0.7307692170143127,nan,6.569746017456055,6.569746017456055,0.0,nan,1,True,1337,512,crpa_contribution,1c1049328b86
4,7,227,153,0.7307692170143127,nan,6.569746017456055,6.569746017456055,0.0,nan,1,True,1337,512,crpa_contribution,1c1049328b86
4,7,209,153,0.7307692170143127,nan,6.569746017456055,6.569746017456055,0.0,nan,1,True,1337,512,crpa_contribution,1c1049328b86
4,5,82,4,0.7272727489471436,nan,6.569746017456055,6.569746017456055,0.0,nan,1,True,1337,512,crpa_contribution,1c1049328b86
4,6,99,86,0.7272727489471436,nan,6.569746017456055,6.569746017456055,0.0,nan,1,True,1337,512,crpa_contribution,1c1049328b86
4,4,492,422,0.725806474685669,nan,6.569746017456055,6.569746017456055,0.0,nan,1,True,1337,512,crpa_contribution,1c1049328b86
4,3,45,3,0.7241379022598267,nan,6.569746017456055,6.569746017456055,0.0,nan,1,True,1337,512,crpa_contribution,1c1049328b86
4,3,45,37,0.7241379022598267,nan,6.569746017456055,6.569746017456055,0.0,nan,1,True,1337,512,crpa_contribution,1c1049328b86
4,7,222,190,0.7222222089767456,nan,6.569746017456055,6.569746017456055,0.0,nan,1,True,1337,512,crpa_contribution,1c1049328b86
4,2,114,98,0.7209302186965942,nan,6.569746017456055,6.5697455406188965,-4.76837158203125e-07,nan,1,True,1337,512,crpa_contribution,1c1049328b86
4,3,247,216,0.7200000286102295,nan,6.569746017456055,6.569746017456055,0.0,nan,1,True,1337,512,crpa_contribution,1c1049328b86
4,2,238,148,0.7179487347602844,nan,6.569746017456055,6.569745063781738,-9.5367431640625e-07,nan,1,True,1337,512,crpa_contribution,1c1049328b86
4,2,478,412,0.7142857313156128,nan,6.569746017456055,6.569746017456055,0.0,nan,1,True,1337,512,crpa_contribution,1c1049328b86
4,3,8,2,0.7142857313156128,nan,6.569746017456055,6.569746494293213,4.76837158203125e-07,nan,1,True,1337,512,crpa_contribution,1c1049328b86
4,3,9,5,0.7142857313156128,nan,6.569746017456055,6.569746017456055,0.0,nan,1,True,1337,512,crpa_contribution,1c1049328b86
4,7,499,454,0.7142857313156128,nan,6.569746017456055,6.569746017456055,0.0,nan,1,True,1337,512,crpa_contribution,1c1049328b86
4,5,198,148,0.7105262875556946,nan,6.569746017456055,6.569746017456055,0.0,nan,1,True,1337,512,crpa_contribution,1c1049328b86
4,4,368,352,0.7096773982048035,nan,6.569746017456055,6.569746017456055,0.0,nan,1,True,1337,512,crpa_contribution,1c1049328b86
4,3,53,37,0.7058823704719543,nan,6.569746017456055,6.569746017456055,0.0,nan,1,True,1337,512,crpa_contribution,1c1049328b86
4,4,93,12,0.7017543911933899,nan,6.569746017456055,6.569746494293213,4.76837158203125e-07,nan,1,True,1337,512,crpa_contribution,1c1049328b86
4,4,210,190,0.7017543911933899,nan,6.569746017456055,6.5697455406188965,-4.76837158203125e-07,nan,1,True,1337,512,crpa_contribution,1c1049328b86
4,4,93,69,0.7017543911933899,nan,6.569746017456055,6.569746017456055,0.0,nan,1,True,1337,512,crpa_contribution,1c1049328b86
4,2,251,237,0.699999988079071,nan,6.569746017456055,6.569746494293213,4.76837158203125e-07,nan,1,True,1337,512,crpa_contribution,1c1049328b86
4,5,268,204,0.699999988079071,nan,6.569746017456055,6.569746017456055,0.0,nan,1,True,1337,512,crpa_contribution,1c1049328b86
4,7,415,102,0.699999988079071,nan,6.569746017456055,6.569750785827637,4.76837158203125e-06,nan,1,True,1337,512,crpa_contribution,1c1049328b86
4,3,82,32,0.698113203048706,nan,6.569746017456055,6.5697455406188965,-4.76837158203125e-07,nan,1,True,1337,512,crpa_contribution,1c1049328b86
4,2,511,436,0.6976743936538696,nan,6.569746017456055,6.569746494293213,4.76837158203125e-07,nan,1,True,1337,512,crpa_contribution,1c1049328b86
4,2,511,430,0.6976743936538696,nan,6.569746017456055,6.569745063781738,-9.5367431640625e-07,nan,1,True,1337,512,crpa_contribution,1c1049328b86
4,3,360,300,0.6973684430122375,nan,6.569746017456055,6.569746494293213,4.76837158203125e-07,nan,1,True,1337,512,crpa_contribution,1c1049328b86
4,3,360,297,0.6973684430122375,nan,6.569746017456055,6.569746017456055,0.0,nan,1,True,1337,512,crpa_contribution,1c1049328b86
4,3,81,30,0.6964285969734192,nan,6.569746017456055,6.569746017456055,0.0,nan,1,True,1337,512,crpa_contribution,1c1049328b86
4,3,81,60,0.6964285969734192,nan,6.569746017456055,6.569746017456055,0.0,nan,1,True,1337,512,crpa_contribution,1c1049328b86
4,4,328,324,0.695652186870575,nan,6.569746017456055,6.569746017456055,0.0,nan,1,True,1337,512,crpa_contribution,1c1049328b86
4,0,499,422,0.6935483813285828,nan,6.569746017456055,6.5697455406188965,-4.76837158203125e-07,nan,1,True,1337,512,crpa_contribution,1c1049328b86
4,2,242,237,0.692307710647583,nan,6.569746017456055,6.5697455406188965,-4.76837158203125e-07,nan,1,True,1337,512,crpa_contribution,1c1049328b86
4,2,250,130,0.692307710647583,nan,6.569746017456055,6.569746017456055,0.0,nan,1,True,1337,512,crpa_contribution,1c1049328b86
4,4,95,17,0.6909090876579285,nan,6.569746017456055,6.569746017456055,0.0,nan,1,True,1337,512,crpa_contribution,1c1049328b86
4,4,95,8,0.6909090876579285,nan,6.569746017456055,6.569746017456055,0.0,nan,1,True,1337,512,crpa_contribution,1c1049328b86
4,4,334,305,0.6875,nan,6.569746017456055,6.569746494293213,4.76837158203125e-07,nan,1,True,1337,512,crpa_contribution,1c1049328b86
4,0,480,385,0.6842105388641357,nan,6.569746017456055,6.569746017456055,0.0,nan,1,True,1337,512,crpa_contribution,1c1049328b86
4,0,481,456,0.6842105388641357,nan,6.569746017456055,6.569746017456055,0.0,nan,1,True,1337,512,crpa_contribution,1c1049328b86
4,2,40,35,0.6842105388641357,nan,6.569746017456055,6.569746017456055,0.0,nan,1,True,1337,512,crpa_contribution,1c1049328b86
4,6,52,13,0.6842105388641357,nan,6.569746017456055,6.569746494293213,4.76837158203125e-07,nan,1,True,1337,512,crpa_contribution,1c1049328b86
4,6,203,158,0.6842105388641357,nan,6.569746017456055,6.569746017456055,0.0,nan,1,True,1337,512,crpa_contribution,1c1049328b86
4,6,52,30,0.6842105388641357,nan,6.569746017456055,6.569746494293213,4.76837158203125e-07,nan,1,True,1337,512,crpa_contribution,1c1049328b86
4,2,247,175,0.6818181872367859,nan,6.569746017456055,6.569747447967529,1.430511474609375e-06,nan,1,True,1337,512,crpa_contribution,1c1049328b86
4,2,492,464,0.6818181872367859,nan,6.569746017456055,6.569746017456055,0.0,nan,1,True,1337,512,crpa_contribution,1c1049328b86
4,2,498,413,0.6818181872367859,nan,6.569746017456055,6.5697455406188965,-4.76837158203125e-07,nan,1,True,1337,512,crpa_contribution,1c1049328b86
4,2,492,431,0.6818181872367859,nan,6.569746017456055,6.569746494293213,4.76837158203125e-07,nan,1,True,1337,512,crpa_contribution,1c1049328b86
4,2,492,436,0.6818181872367859,nan,6.569746017456055,6.569746971130371,9.5367431640625e-07,nan,1,True,1337,512,crpa_contribution,1c1049328b86
4,6,46,41,0.6818181872367859,nan,6.569746017456055,6.569746017456055,0.0,nan,1,True,1337,512,crpa_contribution,1c1049328b86
4,6,46,29,0.6818181872367859,nan,6.569746017456055,6.569746017456055,0.0,nan,1,True,1337,512,crpa_contribution,1c1049328b86
4,6,46,20,0.6818181872367859,nan,6.569746017456055,6.569746017456055,0.0,nan,1,True,1337,512,crpa_contribution,1c1049328b86
4,7,490,395,0.6800000071525574,nan,6.569746017456055,6.569746017456055,0.0,nan,1,True,1337,512,crpa_contribution,1c1049328b86
4,1,53,12,0.6785714030265808,nan,6.569746017456055,6.5697455406188965,-4.76837158203125e-07,nan,1,True,1337,512,crpa_contribution,1c1049328b86
4,5,443,394,0.6774193644523621,nan,6.569746017456055,6.569746017456055,0.0,nan,1,True,1337,512,crpa_contribution,1c1049328b86
4,5,217,148,0.675000011920929,nan,6.569746017456055,6.569746017456055,0.0,nan,1,True,1337,512,crpa_contribution,1c1049328b86
4,1,478,466,0.6739130616188049,nan,6.569746017456055,6.569746494293213,4.76837158203125e-07,nan,1,True,1337,512,crpa_contribution,1c1049328b86
4,6,102,74,0.6739130616188049,nan,6.569746017456055,6.569746494293213,4.76837158203125e-07,nan,1,True,1337,512,crpa_contribution,1c1049328b86
4,4,213,158,0.6734693646430969,nan,6.569746017456055,6.569746017456055,0.0,nan,1,True,1337,512,crpa_contribution,1c1049328b86
4,4,86,13,0.6730769276618958,nan,6.569746017456055,6.569746017456055,0.0,nan,1,True,1337,512,crpa_contribution,1c1049328b86
4,5,104,38,0.6724137663841248,nan,6.569746017456055,6.569746017456055,0.0,nan,1,True,1337,512,crpa_contribution,1c1049328b86
4,0,2,0,0.6666666865348816,nan,6.569746017456055,6.56974458694458,-1.430511474609375e-06,nan,1,True,1337,512,crpa_contribution,1c1049328b86
4,0,2,1,0.6666666865348816,nan,6.569746017456055,6.5697479248046875,1.9073486328125e-06,nan,1,True,1337,512,crpa_contribution,1c1049328b86
4,0,4,0,0.6666666865348816,nan,6.569746017456055,6.5697455406188965,-4.76837158203125e-07,nan,1,True,1337,512,crpa_contribution,1c1049328b86
4,1,52,3,0.6666666865348816,nan,6.569746017456055,6.569746971130371,9.5367431640625e-07,nan,1,True,1337,512,crpa_contribution,1c1049328b86
4,1,24,12,0.6666666865348816,nan,6.569746017456055,6.569746017456055,0.0,nan,1,True,1337,512,crpa_contribution,1c1049328b86
4,2,187,168,0.6666666865348816,nan,6.569746017456055,6.569746017456055,0.0,nan,1,True,1337,512,crpa_contribution,1c1049328b86
4,2,36,27,0.6666666865348816,nan,6.569746017456055,6.569765567779541,1.9550323486328125e-05,nan,1,True,1337,512,crpa_contribution,1c1049328b86
4,2,434,395,0.6666666865348816,nan,6.569746017456055,6.5697479248046875,1.9073486328125e-06,nan,1,True,1337,512,crpa_contribution,1c1049328b86
4,2,112,3,0.6666666865348816,nan,6.569746017456055,6.569746017456055,0.0,nan,1,True,1337,512,crpa_contribution,1c1049328b86
4,3,187,170,0.6666666865348816,nan,6.569746017456055,6.569746017456055,0.0,nan,1,True,1337,512,crpa_contribution,1c1049328b86
4,3,57,20,0.6666666865348816,nan,6.569746017456055,6.569746494293213,4.76837158203125e-07,nan,1,True,1337,512,crpa_contribution,1c1049328b86
4,3,21,2,0.6666666865348816,nan,6.569746017456055,6.569746017456055,0.0,nan,1,True,1337,512,crpa_contribution,1c1049328b86
4,3,48,35,0.6666666865348816,nan,6.569746017456055,6.569746017456055,0.0,nan,1,True,1337,512,crpa_contribution,1c1049328b86
4,4,9,6,0.6666666865348816,nan,6.569746017456055,6.569748401641846,2.384185791015625e-06,nan,1,True,1337,512,crpa_contribution,1c1049328b86
4,5,133,128,0.6666666865348816,nan,6.569746017456055,6.56974458694458,-1.430511474609375e-06,nan,1,True,1337,512,crpa_contribution,1c1049328b86
4,5,14,9,0.6666666865348816,nan,6.569746017456055,6.569745063781738,-9.5367431640625e-07,nan,1,True,1337,512,crpa_contribution,1c1049328b86
4,5,3,1,0.6666666865348816,nan,6.569746017456055,6.569747447967529,1.430511474609375e-06,nan,1,True,1337,512,crpa_contribution,1c1049328b86
4,5,132,129,0.6666666865348816,nan,6.569746017456055,6.5697455406188965,-4.76837158203125e-07,nan,1,True,1337,512,crpa_contribution,1c1049328b86
4,6,108,91,0.6666666865348816,nan,6.569746017456055,6.569746494293213,4.76837158203125e-07,nan,1,True,1337,512,crpa_contribution,1c1049328b86
4,6,3,2,0.6666666865348816,nan,6.569746017456055,6.569746017456055,0.0,nan,1,True,1337,512,crpa_contribution,1c1049328b86
4,6,97,29,0.6666666865348816,nan,6.569746017456055,6.569746494293213,4.76837158203125e-07,nan,1,True,1337,512,crpa_contribution,1c1049328b86
4,6,49,21,0.6666666865348816,nan,6.569746017456055,6.569746017456055,0.0,nan,1,True,1337,512,crpa_contribution,1c1049328b86
4,7,4,3,0.6666666865348816,nan,6.569746017456055,6.5697479248046875,1.9073486328125e-06,nan,1,True,1337,512,crpa_contribution,1c1049328b86
4,7,8,3,0.6666666865348816,nan,6.569746017456055,6.569742679595947,-3.337860107421875e-06,nan,1,True,1337,512,crpa_contribution,1c1049328b86
4,7,290,256,0.6666666865348816,nan,6.569746017456055,6.569744110107422,-1.9073486328125e-06,nan,1,True,1337,512,crpa_contribution,1c1049328b86
4,7,21,3,0.6666666865348816,nan,6.569746017456055,6.569746017456055,0.0,nan,1,True,1337,512,crpa_contribution,1c1049328b86
4,5,507,415,0.6615384817123413,nan,6.569746017456055,6.569746017456055,0.0,nan,1,True,1337,512,crpa_contribution,1c1049328b86
4,5,459,306,0.6590909361839294,nan,6.569746017456055,6.569746017456055,0.0,nan,1,True,1337,512,crpa_contribution,1c1049328b86
4,4,252,186,0.6582278609275818,nan,6.569746017456055,6.569746017456055,0.0,nan,1,True,1337,512,crpa_contribution,1c1049328b86
4,3,58,21,0.6578947305679321,nan,6.569746017456055,6.569746017456055,0.0,nan,1,True,1337,512,crpa_contribution,1c1049328b86
4,3,217,209,0.6567164063453674,nan,6.569746017456055,6.569746017456055,0.0,nan,1,True,1337,512,crpa_contribution,1c1049328b86
4,4,429,416,0.65625,nan,6.569746017456055,6.569746494293213,4.76837158203125e-07,nan,1,True,1337,512,crpa_contribution,1c1049328b86
4,5,365,281,0.65625,nan,6.569746017456055,6.5697455406188965,-4.76837158203125e-07,nan,1,True,1337,512,crpa_contribution,1c1049328b86
4,3,193,178,0.6530612111091614,nan,6.569746017456055,6.569746017456055,0.0,nan,1,True,1337,512,crpa_contribution,1c1049328b86
4,6,224,183,0.6521739363670349,nan,6.569746017456055,6.569746494293213,4.76837158203125e-07,nan,1,True,1337,512,crpa_contribution,1c1049328b86
4,4,118,62,0.6515151262283325,nan,6.569746017456055,6.569746017456055,0.0,nan,1,True,1337,512,crpa_contribution,1c1049328b86
4,1,82,6,0.6511628031730652,nan,6.569746017456055,6.5697455406188965,-4.76837158203125e-07,nan,1,True,1337,512,crpa_contribution,1c1049328b86
4,4,240,190,0.6470588445663452,nan,6.569746017456055,6.569746017456055,0.0,nan,1,True,1337,512,crpa_contribution,1c1049328b86
4,6,285,264,0.6470588445663452,nan,6.569746017456055,6.569746494293213,4.76837158203125e-07,nan,1,True,1337,512,crpa_contribution,1c1049328b86
4,6,166,160,0.6470588445663452,nan,6.569746017456055,6.569746017456055,0.0,nan,1,True,1337,512,crpa_contribution,1c1049328b86
4,1,226,183,0.6440678238868713,nan,6.569746017456055,6.569746017456055,0.0,nan,1,True,1337,512,crpa_contribution,1c1049328b86
4,0,404,393,0.6428571343421936,nan,6.569746017456055,6.5697455406188965,-4.76837158203125e-07,nan,1,True,1337,512,crpa_contribution,1c1049328b86
4,1,458,417,0.6428571343421936,nan,6.569746017456055,6.569746017456055,0.0,nan,1,True,1337,512,crpa_contribution,1c1049328b86
4,1,275,261,0.6428571343421936,nan,6.569746017456055,6.569746017456055,0.0,nan,1,True,1337,512,crpa_contribution,1c1049328b86
4,4,445,441,0.6428571343421936,nan,6.569746017456055,6.569746494293213,4.76837158203125e-07,nan,1,True,1337,512,crpa_contribution,1c1049328b86
4,4,344,307,0.6428571343421936,nan,6.569746017456055,6.569746017456055,0.0,nan,1,True,1337,512,crpa_contribution,1c1049328b86
4,1,56,40,0.6410256624221802,nan,6.569746017456055,6.569746017456055,0.0,nan,1,True,1337,512,crpa_contribution,1c1049328b86
4,6,480,411,0.6388888955116272,nan,6.569746017456055,6.569746494293213,4.76837158203125e-07,nan,1,True,1337,512,crpa_contribution,1c1049328b86
4,6,239,188,0.6382978558540344,nan,6.569746017456055,6.569746017456055,0.0,nan,1,True,1337,512,crpa_contribution,1c1049328b86
4,4,209,152,0.6379310488700867,nan,6.569746017456055,6.569746017456055,0.0,nan,1,True,1337,512,crpa_contribution,1c1049328b86
4,4,209,170,0.6379310488700867,nan,6.569746017456055,6.569746017456055,0.0,nan,1,True,1337,512,crpa_contribution,1c1049328b86
4,4,209,185,0.6379310488700867,nan,6.569746017456055,6.569746017456055,0.0,nan,1,True,1337,512,crpa_contribution,1c1049328b86
4,0,396,388,0.6363636255264282,nan,6.569746017456055,6.569746017456055,0.0,nan,1,True,1337,512,crpa_contribution,1c1049328b86
4,0,399,306,0.6363636255264282,nan,6.569746017456055,6.569746017456055,0.0,nan,1,True,1337,512,crpa_contribution,1c1049328b86
4,7,418,397,0.6363636255264282,nan,6.569746017456055,6.569746494293213,4.76837158203125e-07,nan,1,True,1337,512,crpa_contribution,1c1049328b86
4,7,190,170,0.6363636255264282,nan,6.569746017456055,6.569746494293213,4.76837158203125e-07,nan,1,True,1337,512,crpa_contribution,1c1049328b86
4,1,243,208,0.6333333253860474,nan,6.569746017456055,6.5697455406188965,-4.76837158203125e-07,nan,1,True,1337,512,crpa_contribution,1c1049328b86
4,1,243,155,0.6333333253860474,nan,6.569746017456055,6.569746017456055,0.0,nan,1,True,1337,512,crpa_contribution,1c1049328b86
4,1,243,164,0.6333333253860474,nan,6.569746017456055,6.5697455406188965,-4.76837158203125e-07,nan,1,True,1337,512,crpa_contribution,1c1049328b86
4,6,83,12,0.6333333253860474,nan,6.569746017456055,6.569746017456055,0.0,nan,1,True,1337,512,crpa_contribution,1c1049328b86
4,6,83,21,0.6333333253860474,nan,6.569746017456055,6.569746017456055,0.0,nan,1,True,1337,512,crpa_contribution,1c1049328b86
4,1,465,460,0.6326530575752258,nan,6.569746017456055,6.569746017456055,0.0,nan,1,True,1337,512,crpa_contribution,1c1049328b86
4,0,253,150,0.6323529481887817,nan,6.569746017456055,6.569746017456055,0.0,nan,1,True,1337,512,crpa_contribution,1c1049328b86
4,0,253,239,0.6323529481887817,nan,6.569746017456055,6.569746017456055,0.0,nan,1,True,1337,512,crpa_contribution,1c1049328b86
4,1,284,265,0.6315789222717285,nan,6.569746017456055,6.569746017456055,0.0,nan,1,True,1337,512,crpa_contribution,1c1049328b86
4,1,35,22,0.6315789222717285,nan,6.569746017456055,6.569746017456055,0.0,nan,1,True,1337,512,crpa_contribution,1c1049328b86
4,6,74,15,0.6315789222717285,nan,6.569746017456055,6.569746017456055,0.0,nan,1,True,1337,512,crpa_contribution,1c1049328b86
4,6,119,18,0.6296296119689941,nan,6.569746017456055,6.569746494293213,4.76837158203125e-07,nan,1,True,1337,512,crpa_contribution,1c1049328b86
4,0,15,9,0.625,nan,6.569746017456055,6.569746017456055,0.0,nan,1,True,1337,512,crpa_contribution,1c1049328b86
4,0,10,4,0.625,nan,6.569746017456055,6.569746017456055,0.0,nan,1,True,1337,512,crpa_contribution,1c1049328b86
4,1,94,91,0.625,nan,6.569746017456055,6.569746017456055,0.0,nan,1,True,1337,512,crpa_contribution,1c1049328b86
4,1,70,4,0.625,nan,6.569746017456055,6.569746017456055,0.0,nan,1,True,1337,512,crpa_contribution,1c1049328b86
4,1,95,91,0.625,nan,6.569746017456055,6.569746017456055,0.0,nan,1,True,1337,512,crpa_contribution,1c1049328b86
4,1,41,29,0.625,nan,6.569746017456055,6.569746017456055,0.0,nan,1,True,1337,512,crpa_contribution,1c1049328b86
4,6,66,1,0.625,nan,6.569746017456055,6.569746494293213,4.76837158203125e-07,nan,1,True,1337,512,crpa_contribution,1c1049328b86
4,7,24,18,0.625,nan,6.569746017456055,6.569751262664795,5.245208740234375e-06,nan,1,True,1337,512,crpa_contribution,1c1049328b86
4,7,46,8,0.625,nan,6.569746017456055,6.569746017456055,0.0,nan,1,True,1337,512,crpa_contribution,1c1049328b86
4,0,428,419,0.6206896305084229,nan,6.569746017456055,6.569746017456055,0.0,nan,1,True,1337,512,crpa_contribution,1c1049328b86
4,1,46,38,0.6206896305084229,nan,6.569746017456055,6.569746017456055,0.0,nan,1,True,1337,512,crpa_contribution,1c1049328b86
4,1,36,17,0.6190476417541504,nan,6.569746017456055,6.569746494293213,4.76837158203125e-07,nan,1,True,1337,512,crpa_contribution,1c1049328b86
4,1,471,432,0.6170212626457214,nan,6.569746017456055,6.569746017456055,0.0,nan,1,True,1337,512,crpa_contribution,1c1049328b86
4,1,460,457,0.6170212626457214,nan,6.569746017456055,6.569746494293213,4.76837158203125e-07,nan,1,True,1337,512,crpa_contribution,1c1049328b86
4,0,75,19,0.6122449040412903,nan,6.569746017456055,6.569746017456055,0.0,nan,1,True,1337,512,crpa_contribution,1c1049328b86
4,0,293,277,0.6086956262588501,nan,6.569746017456055,6.569746494293213,4.76837158203125e-07,nan,1,True,1337,512,crpa_contribution,1c1049328b86
4,0,289,258,0.6086956262588501,nan,6.569746017456055,6.569746494293213,4.76837158203125e-07,nan,1,True,1337,512,crpa_contribution,1c1049328b86
4,0,219,133,0.6034482717514038,nan,6.569746017456055,6.569746017456055,0.0,nan,1,True,1337,512,crpa_contribution,1c1049328b86
4,0,416,102,0.6000000238418579,nan,6.569746017456055,6.569746017456055,0.0,nan,1,True,1337,512,crpa_contribution,1c1049328b86
4,0,34,33,0.6000000238418579,nan,6.569746017456055,6.569746017456055,0.0,nan,1,True,1337,512,crpa_contribution,1c1049328b86
4,0,374,260,0.5945945978164673,nan,6.569746017456055,6.569746017456055,0.0,nan,1,True,1337,512,crpa_contribution,1c1049328b86
4,0,375,357,0.5942028760910034,nan,6.569746017456055,6.569746017456055,0.0,nan,1,True,1337,512,crpa_contribution,1c1049328b86
4,0,427,400,0.5925925970077515,nan,6.569746017456055,6.569746017456055,0.0,nan,1,True,1337,512,crpa_contribution,1c1049328b86
5,0,165,137,1.0,nan,6.569746017456055,6.569746494293213,4.76837158203125e-07,nan,1,True,1337,512,crpa_contribution,1c1049328b86
5,0,13,10,1.0,nan,6.569746017456055,6.569746017456055,0.0,nan,1,True,1337,512,crpa_contribution,1c1049328b86
5,0,165,153,1.0,nan,6.569746017456055,6.569741725921631,-4.291534423828125e-06,nan,1,True,1337,512,crpa_contribution,1c1049328b86
5,0,33,18,1.0,nan,6.569746017456055,6.569740295410156,-5.7220458984375e-06,nan,1,True,1337,512,crpa_contribution,1c1049328b86
5,0,86,27,1.0,nan,6.569746017456055,6.569746494293213,4.76837158203125e-07,nan,1,True,1337,512,crpa_contribution,1c1049328b86
5,3,1,1,1.0,nan,6.569746017456055,6.569734573364258,-1.1444091796875e-05,nan,1,True,1337,512,crpa_contribution,1c1049328b86
5,4,3,2,1.0,nan,6.569746017456055,6.569742679595947,-3.337860107421875e-06,nan,1,True,1337,512,crpa_contribution,1c1049328b86
5,4,3,0,1.0,nan,6.569746017456055,6.569741725921631,-4.291534423828125e-06,nan,1,True,1337,512,crpa_contribution,1c1049328b86
5,0,220,142,0.9230769276618958,nan,6.569746017456055,6.5697455406188965,-4.76837158203125e-07,nan,1,True,1337,512,crpa_contribution,1c1049328b86
5,2,76,49,0.9090909361839294,nan,6.569746017456055,6.5697455406188965,-4.76837158203125e-07,nan,1,True,1337,512,crpa_contribution,1c1049328b86
5,0,82,61,0.8999999761581421,nan,6.569746017456055,6.569746971130371,9.5367431640625e-07,nan,1,True,1337,512,crpa_contribution,1c1049328b86
5,6,80,77,0.8999999761581421,nan,6.569746017456055,6.569746017456055,0.0,nan,1,True,1337,512,crpa_contribution,1c1049328b86
5,0,75,27,0.8888888955116272,nan,6.569746017456055,6.569746494293213,4.76837158203125e-07,nan,1,True,1337,512,crpa_contribution,1c1049328b86
5,0,75,63,0.8888888955116272,nan,6.569746017456055,6.569746494293213,4.76837158203125e-07,nan,1,True,1337,512,crpa_contribution,1c1049328b86
5,0,58,12,0.875,nan,6.569746017456055,6.569746017456055,0.0,nan,1,True,1337,512,crpa_contribution,1c1049328b86
5,0,211,134,0.8666666746139526,nan,6.569746017456055,6.569745063781738,-9.5367431640625e-07,nan,1,True,1337,512,crpa_contribution,1c1049328b86
5,0,219,175,0.8666666746139526,nan,6.569746017456055,6.569746017456055,0.0,nan,1,True,1337,512,crpa_contribution,1c1049328b86
5,6,57,21,0.8571428656578064,nan,6.569746017456055,6.569746017456055,0.0,nan,1,True,1337,512,crpa_contribution,1c1049328b86
5,6,51,18,0.8571428656578064,nan,6.569746017456055,6.569767475128174,2.1457672119140625e-05,nan,1,True,1337,512,crpa_contribution,1c1049328b86
5,0,453,396,0.8461538553237915,nan,6.569746017456055,6.569746494293213,4.76837158203125e-07,nan,1,True,1337,512,crpa_contribution,1c1049328b86
5,0,440,430,0.8461538553237915,nan,6.569746017456055,6.569746494293213,4.76837158203125e-07,nan,1,True,1337,512,crpa_contribution,1c1049328b86
5,6,111,69,0.8461538553237915,nan,6.569746017456055,6.569746017456055,0.0,nan,1,True,1337,512,crpa_contribution,1c1049328b86
5,0,44,32,0.8333333134651184,nan,6.569746017456055,6.56974983215332,3.814697265625e-06,nan,1,True,1337,512,crpa_contribution,1c1049328b86
5,0,43,18,0.8333333134651184,nan,6.569746017456055,6.569747447967529,1.430511474609375e-06,nan,1,True,1337,512,crpa_contribution,1c1049328b86
5,0,42,18,0.8333333134651184,nan,6.569746017456055,6.569746017456055,0.0,nan,1,True,1337,512,crpa_contribution,1c1049328b86
5,2,328,318,0.8333333134651184,nan,6.569746017456055,6.569746494293213,4.76837158203125e-07,nan,1,True,1337,512,crpa_contribution,1c1049328b86
5,6,49,3,0.8333333134651184,nan,6.569746017456055,6.569746494293213,4.76837158203125e-07,nan,1,True,1337,512,crpa_contribution,1c1049328b86
5,6,43,3,0.8333333134651184,nan,6.569746017456055,6.569746017456055,0.0,nan,1,True,1337,512,crpa_contribution,1c1049328b86
5,4,40,9,0.8181818127632141,nan,6.569746017456055,6.569746494293213,4.76837158203125e-07,nan,1,True,1337,512,crpa_contribution,1c1049328b86
5,6,100,27,0.8181818127632141,nan,6.569746017456055,6.569746017456055,0.0,nan,1,True,1337,512,crpa_contribution,1c1049328b86
5,6,82,61,0.8181818127632141,nan,6.569746017456055,6.569746971130371,9.5367431640625e-07,nan,1,True,1337,512,crpa_contribution,1c1049328b86
5,6,82,43,0.8181818127632141,nan,6.569746017456055,6.5697455406188965,-4.76837158203125e-07,nan,1,True,1337,512,crpa_contribution,1c1049328b86
5,6,89,10,0.8181818127632141,nan,6.569746017456055,6.569746017456055,0.0,nan,1,True,1337,512,crpa_contribution,1c1049328b86
5,6,490,395,0.8125,nan,6.569746017456055,6.569746017456055,0.0,nan,1,True,1337,512,crpa_contribution,1c1049328b86
5,6,476,440,0.8125,nan,6.569746017456055,6.569746494293213,4.76837158203125e-07,nan,1,True,1337,512,crpa_contribution,1c1049328b86
5,6,490,410,0.8125,nan,6.569746017456055,6.569746017456055,0.0,nan,1,True,1337,512,crpa_contribution,1c1049328b86
5,4,81,36,0.8085106611251831,nan,6.569746017456055,6.569746017456055,0.0,nan,1,True,1337,512,crpa_contribution,1c1049328b86
5,4,5,0,0.800000011920929,nan,6.569746017456055,6.569746017456055,0.0,nan,1,True,1337,512,crpa_contribution,1c1049328b86
5,4,5,1,0.800000011920929,nan,6.569746017456055,6.569746494293213,4.76837158203125e-07,nan,1,True,1337,512,crpa_contribution,1c1049328b86
5,6,424,417,0.800000011920929,nan,6.569746017456055,6.569746017456055,0.0,nan,1,True,1337,512,crpa_contribution,1c1049328b86
5,6,403,393,0.800000011920929,nan,6.569746017456055,6.569751262664795,5.245208740234375e-06,nan,1,True,1337,512,crpa_contribution,1c1049328b86
5,6,427,204,0.800000011920929,nan,6.569746017456055,6.569746017456055,0.0,nan,1,True,1337,512,crpa_contribution,1c1049328b86
5,0,226,137,0.7857142686843872,nan,6.569746017456055,6.569746017456055,0.0,nan,1,True,1337,512,crpa_contribution,1c1049328b86
5,6,93,16,0.7857142686843872,nan,6.569746017456055,6.569746494293213,4.76837158203125e-07,nan,1,True,1337,512,crpa_contribution,1c1049328b86
5,3,22,5,0.7777777910232544,nan,6.569746017456055,6.569746017456055,0.0,nan,1,True,1337,512,crpa_contribution,1c1049328b86
5,1,19,4,0.7692307829856873,nan,6.569746017456055,6.5697455406188965,-4.76837158203125e-07,nan,1,True,1337,512,crpa_contribution,1c1049328b86
5,2,117,77,0.7692307829856873,nan,6.569746017456055,6.569746017456055,0.0,nan,1,True,1337,512,crpa_contribution,1c1049328b86
5,6,344,278,0.7692307829856873,nan,6.569746017456055,6.569746494293213,4.76837158203125e-07,nan,1,True,1337,512,crpa_contribution,1c1049328b86
5,6,328,287,0.7692307829856873,nan,6.569746017456055,6.569746017456055,0.0,nan,1,True,1337,512,crpa_contribution,1c1049328b86
5,0,237,152,0.7647058963775635,nan,6.569746017456055,6.569746017456055,0.0,nan,1,True,1337,512,crpa_contribution,1c1049328b86
5,0,237,175,0.7647058963775635,nan,6.569746017456055,6.569746494293213,4.76837158203125e-07,nan,1,True,1337,512,crpa_contribution,1c1049328b86
5,2,225,194,0.7599999904632568,nan,6.569746017456055,6.569746017456055,0.0,nan,1,True,1337,512,crpa_contribution,1c1049328b86
5,7,493,392,0.7586206793785095,nan,6.569746017456055,6.569746017456055,0.0,nan,1,True,1337,512,crpa_contribution,1c1049328b86
5,0,9,6,0.75,nan,6.569746017456055,6.569743633270264,-2.384185791015625e-06,nan,1,True,1337,512,crpa_contribution,1c1049328b86
5,0,167,152,0.75,nan,6.569746017456055,6.569746494293213,4.76837158203125e-07,nan,1,True,1337,512,crpa_contribution,1c1049328b86
5,0,192,153,0.75,nan,6.569746017456055,6.569746017456055,0.0,nan,1,True,1337,512,crpa_contribution,1c1049328b86
5,2,33,18,0.75,nan,6.569746017456055,6.56974458694458,-1.430511474609375e-06,nan,1,True,1337,512,crpa_contribution,1c1049328b86
5,2,317,274,0.75,nan,6.569746017456055,6.569746017456055,0.0,nan,1,True,1337,512,crpa_contribution,1c1049328b86
5,2,14,10,0.75,nan,6.569746017456055,6.56974458694458,-1.430511474609375e-06,nan,1,True,1337,512,crpa_contribution,1c1049328b86
5,2,6,3,0.75,nan,6.569746017456055,6.569744110107422,-1.9073486328125e-06,nan,1,True,1337,512,crpa_contribution,1c1049328b86
5,3,6,4,0.75,nan,6.569746017456055,6.569746971130371,9.5367431640625e-07,nan,1,True,1337,512,crpa_contribution,1c1049328b86
5,3,10,3,0.75,nan,6.569746017456055,6.569747447967529,1.430511474609375e-06,nan,1,True,1337,512,crpa_contribution,1c1049328b86
5,4,142,139,0.75,nan,6.569746017456055,6.569746017456055,0.0,nan,1,True,1337,512,crpa_contribution,1c1049328b86
5,6,167,141,0.75,nan,6.569746017456055,6.569746017456055,0.0,nan,1,True,1337,512,crpa_contribution,1c1049328b86
5,6,220,169,0.75,nan,6.569746017456055,6.569746017456055,0.0,nan,1,True,1337,512,crpa_contribution,1c1049328b86
5,6,433,405,0.75,nan,6.569746017456055,6.569746017456055,0.0,nan,1,True,1337,512,crpa_contribution,1c1049328b86
5,4,220,208,0.7457627058029175,nan,6.569746017456055,6.569746017456055,0.0,nan,1,True,1337,512,crpa_contribution,1c1049328b86
5,4,220,206,0.7457627058029175,nan,6.569746017456055,6.569746017456055,0.0,nan,1,True,1337,512,crpa_contribution,1c1049328b86
5,1,233,219,0.7384615540504456,nan,6.569746017456055,6.569746017456055,0.0,nan,1,True,1337,512,crpa_contribution,1c1049328b86
5,1,244,192,0.7384615540504456,nan,6.569746017456055,6.569746017456055,0.0,nan,1,True,1337,512,crpa_contribution,1c1049328b86
5,4,253,189,0.7313432693481445,nan,6.569746017456055,6.569746017456055,0.0,nan,1,True,1337,512,crpa_contribution,1c1049328b86
5,4,253,223,0.7313432693481445,nan,6.569746017456055,6.569746494293213,4.76837158203125e-07,nan,1,True,1337,512,crpa_contribution,1c1049328b86
5,6,55,21,0.7272727489471436,nan,6.569746017456055,6.569746494293213,4.76837158203125e-07,nan,1,True,1337,512,crpa_contribution,1c1049328b86
5,6,235,137,0.7222222089767456,nan,6.569746017456055,6.569746017456055,0.0,nan,1,True,1337,512,crpa_contribution,1c1049328b86
5,7,238,196,0.7222222089767456,nan,6.569746017456055,6.569746017456055,0.0,nan,1,True,1337,512,crpa_contribution,1c1049328b86
5,1,187,163,0.7179487347602844,nan,6.569746017456055,6.569746494293213,4.76837158203125e-07,nan,1,True,1337,512,crpa_contribution,1c1049328b86
5,0,30,16,0.7142857313156128,nan,6.569746017456055,6.569747447967529,1.430511474609375e-06,nan,1,True,1337,512,crpa_contribution,1c1049328b86
5,2,40,31,0.7142857313156128,nan,6.569746017456055,6.569746017456055,0.0,nan,1,True,1337,512,crpa_contribution,1c1049328b86
5,1,495,451,0.7121211886405945,nan,6.569746017456055,6.569746017456055,0.0,nan,1,True,1337,512,crpa_contribution,1c1049328b86
5,1,507,402,0.7121211886405945,nan,6.569746017456055,6.569746017456055,0.0,nan,1,True,1337,512,crpa_contribution,1c1049328b86
5,1,26,3,0.7058823704719543,nan,6.569746017456055,6.569746017456055,0.0,nan,1,True,1337,512,crpa_contribution,1c1049328b86
5,1,26,8,0.7058823704719543,nan,6.569746017456055,6.5697455406188965,-4.76837158203125e-07,nan,1,True,1337,512,crpa_contribution,1c1049328b86
5,2,192,137,0.7058823704719543,nan,6.569746017456055,6.569746017456055,0.0,nan,1,True,1337,512,crpa_contribution,1c1049328b86
5,2,194,175,0.7058823704719543,nan,6.569746017456055,6.569746494293213,4.76837158203125e-07,nan,1,True,1337,512,crpa_contribution,1c1049328b86
5,1,98,52,0.7049180269241333,nan,6.569746017456055,6.569746017456055,0.0,nan,1,True,1337,512,crpa_contribution,1c1049328b86
5,1,468,397,0.7037037014961243,nan,6.569746017456055,6.569746017456055,0.0,nan,1,True,1337,512,crpa_contribution,1c1049328b86
5,2,313,271,0.699999988079071,nan,6.569746017456055,6.569746494293213,4.76837158203125e-07,nan,1,True,1337,512,crpa_contribution,1c1049328b86
5,7,396,102,0.699999988079071,nan,6.569746017456055,6.569746017456055,0.0,nan,1,True,1337,512,crpa_contribution,1c1049328b86
5,7,396,385,0.699999988079071,nan,6.569746017456055,6.569746017456055,0.0,nan,1,True,1337,512,crpa_contribution,1c1049328b86
5,4,470,424,0.6984127163887024,nan,6.569746017456055,6.569746017456055,0.0,nan,1,True,1337,512,crpa_contribution,1c1049328b86
5,1,89,36,0.698113203048706,nan,6.569746017456055,6.569746017456055,0.0,nan,1,True,1337,512,crpa_contribution,1c1049328b86
5,1,93,70,0.698113203048706,nan,6.569746017456055,6.569746017456055,0.0,nan,1,True,1337,512,crpa_contribution,1c1049328b86
5,1,238,235,0.6969696879386902,nan,6.569746017456055,6.569746017456055,0.0,nan,1,True,1337,512,crpa_contribution,1c1049328b86
5,1,240,183,0.6969696879386902,nan,6.569746017456055,6.569746017456055,0.0,nan,1,True,1337,512,crpa_contribution,1c1049328b86
5,1,238,178,0.6969696879386902,nan,6.569746017456055,6.569746494293213,4.76837158203125e-07,nan,1,True,1337,512,crpa_contribution,1c1049328b86
5,4,179,164,0.6969696879386902,nan,6.569746017456055,6.5697455406188965,-4.76837158203125e-07,nan,1,True,1337,512,crpa_contribution,1c1049328b86
5,2,241,231,0.6944444179534912,nan,6.569746017456055,6.5697455406188965,-4.76837158203125e-07,nan,1,True,1337,512,crpa_contribution,1c1049328b86
5,2,241,233,0.6944444179534912,nan,6.569746017456055,6.569746017456055,0.0,nan,1,True,1337,512,crpa_contribution,1c1049328b86
5,2,239,177,0.6944444179534912,nan,6.569746017456055,6.569746017456055,0.0,nan,1,True,1337,512,crpa_contribution,1c1049328b86
5,1,82,5,0.6938775777816772,nan,6.569746017456055,6.569746017456055,0.0,nan,1,True,1337,512,crpa_contribution,1c1049328b86
5,4,465,442,0.6938775777816772,nan,6.569746017456055,6.569746017456055,0.0,nan,1,True,1337,512,crpa_contribution,1c1049328b86
5,1,111,38,0.6935483813285828,nan,6.569746017456055,6.569746017456055,0.0,nan,1,True,1337,512,crpa_contribution,1c1049328b86
5,1,115,5,0.6935483813285828,nan,6.569746017456055,6.569746017456055,0.0,nan,1,True,1337,512,crpa_contribution,1c1049328b86
5,7,75,51,0.692307710647583,nan,6.569746017456055,6.569746017456055,0.0,nan,1,True,1337,512,crpa_contribution,1c1049328b86
5,7,75,71,0.692307710647583,nan,6.569746017456055,6.569746017456055,0.0,nan,1,True,1337,512,crpa_contribution,1c1049328b86
5,3,511,467,0.6904761791229248,nan,6.569746017456055,6.569746017456055,0.0,nan,1,True,1337,512,crpa_contribution,1c1049328b86
5,3,492,405,0.6904761791229248,nan,6.569746017456055,6.569746017456055,0.0,nan,1,True,1337,512,crpa_contribution,1c1049328b86
5,4,71,12,0.6904761791229248,nan,6.569746017456055,6.569746017456055,0.0,nan,1,True,1337,512,crpa_contribution,1c1049328b86
5,1,490,475,0.6865671873092651,nan,6.569746017456055,6.569746017456055,0.0,nan,1,True,1337,512,crpa_contribution,1c1049328b86
5,4,89,22,0.6851851940155029,nan,6.569746017456055,6.569746017456055,0.0,nan,1,True,1337,512,crpa_contribution,1c1049328b86
5,7,247,148,0.6833333373069763,nan,6.569746017456055,6.569746017456055,0.0,nan,1,True,1337,512,crpa_contribution,1c1049328b86
5,3,52,50,0.6818181872367859,nan,6.569746017456055,6.5697455406188965,-4.76837158203125e-07,nan,1,True,1337,512,crpa_contribution,1c1049328b86
5,4,110,107,0.6769230961799622,nan,6.569746017456055,6.569746017456055,0.0,nan,1,True,1337,512,crpa_contribution,1c1049328b86
5,1,57,28,0.6764705777168274,nan,6.569746017456055,6.569746017456055,0.0,nan,1,True,1337,512,crpa_contribution,1c1049328b86
5,1,501,406,0.6716417670249939,nan,6.569746017456055,6.569746017456055,0.0,nan,1,True,1337,512,crpa_contribution,1c1049328b86
5,1,474,433,0.6666666865348816,nan,6.569746017456055,6.569746494293213,4.76837158203125e-07,nan,1,True,1337,512,crpa_contribution,1c1049328b86
5,1,102,57,0.6666666865348816,nan,6.569746017456055,6.569746494293213,4.76837158203125e-07,nan,1,True,1337,512,crpa_contribution,1c1049328b86
5,1,2,2,0.6666666865348816,nan,6.569746017456055,6.569747447967529,1.430511474609375e-06,nan,1,True,1337,512,crpa_contribution,1c1049328b86
5,2,38,32,0.6666666865348816,nan,6.569746017456055,6.569746494293213,4.76837158203125e-07,nan,1,True,1337,512,crpa_contribution,1c1049328b86
5,2,4,2,0.6666666865348816,nan,6.569746017456055,6.569749355316162,3.337860107421875e-06,nan,1,True,1337,512,crpa_contribution,1c1049328b86
5,2,42,32,0.6666666865348816,nan,6.569746017456055,6.569746971130371,9.5367431640625e-07,nan,1,True,1337,512,crpa_contribution,1c1049328b86
5,2,341,309,0.6666666865348816,nan,6.569746017456055,6.569746017456055,0.0,nan,1,True,1337,512,crpa_contribution,1c1049328b86
5,2,5,1,0.6666666865348816,nan,6.569746017456055,6.569748401641846,2.384185791015625e-06,nan,1,True,1337,512,crpa_contribution,1c1049328b86
5,2,341,257,0.6666666865348816,nan,6.569746017456055,6.569746017456055,0.0,nan,1,True,1337,512,crpa_contribution,1c1049328b86
5,4,172,139,0.6666666865348816,nan,6.569746017456055,6.569746494293213,4.76837158203125e-07,nan,1,True,1337,512,crpa_contribution,1c1049328b86
5,4,87,20,0.6666666865348816,nan,6.569746017456055,6.569746017456055,0.0,nan,1,True,1337,512,crpa_contribution,1c1049328b86
5,4,8,6,0.6666666865348816,nan,6.569746017456055,6.569746494293213,4.76837158203125e-07,nan,1,True,1337,512,crpa_contribution,1c1049328b86
5,4,375,290,0.6666666865348816,nan,6.569746017456055,6.569746017456055,0.0,nan,1,True,1337,512,crpa_contribution,1c1049328b86
5,5,364,352,0.6666666865348816,nan,6.569746017456055,6.569746017456055,0.0,nan,1,True,1337,512,crpa_contribution,1c1049328b86
5,5,4,2,0.6666666865348816,nan,6.569746017456055,6.5697455406188965,-4.76837158203125e-07,nan,1,True,1337,512,crpa_contribution,1c1049328b86
5,7,402,385,0.6666666865348816,nan,6.569746017456055,6.569746017456055,0.0,nan,1,True,1337,512,crpa_contribution,1c1049328b86
5,4,123,58,0.662162184715271,nan,6.569746017456055,6.569746017456055,0.0,nan,1,True,1337,512,crpa_contribution,1c1049328b86
5,4,123,83,0.662162184715271,nan,6.569746017456055,6.569746017456055,0.0,nan,1,True,1337,512,crpa_contribution,1c1049328b86
5,4,235,226,0.6619718074798584,nan,6.569746017456055,6.569746017456055,0.0,nan,1,True,1337,512,crpa_contribution,1c1049328b86
5,2,105,64,0.6578947305679321,nan,6.569746017456055,6.569746017456055,0.0,nan,1,True,1337,512,crpa_contribution,1c1049328b86
5,2,105,61,0.6578947305679321,nan,6.569746017456055,6.569746494293213,4.76837158203125e-07,nan,1,True,1337,512,crpa_contribution,1c1049328b86
5,2,98,73,0.6578947305679321,nan,6.569746017456055,6.569746017456055,0.0,nan,1,True,1337,512,crpa_contribution,1c1049328b86
5,7,36,18,0.6470588445663452,nan,6.569746017456055,6.569746494293213,4.76837158203125e-07,nan,1,True,1337,512,crpa_contribution,1c1049328b86
5,7,480,409,0.6470588445663452,nan,6.569746017456055,6.569746017456055,0.0,nan,1,True,1337,512,crpa_contribution,1c1049328b86
5,5,219,201,0.6458333134651184,nan,6.569746017456055,6.569746017456055,0.0,nan,1,True,1337,512,crpa_contribution,1c1049328b86
5,5,334,317,0.644444465637207,nan,6.569746017456055,6.569746017456055,0.0,nan,1,True,1337,512,crpa_contribution,1c1049328b86
5,7,78,38,0.644444465637207,nan,6.569746017456055,6.569746494293213,4.76837158203125e-07,nan,1,True,1337,512,crpa_contribution,1c1049328b86
5,7,235,173,0.6440678238868713,nan,6.569746017456055,6.569746017456055,0.0,nan,1,True,1337,512,crpa_contribution,1c1049328b86
5,5,326,274,0.6410256624221802,nan,6.569746017456055,6.569746494293213,4.76837158203125e-07,nan,1,True,1337,512,crpa_contribution,1c1049328b86
5,5,98,40,0.6382978558540344,nan,6.569746017456055,6.569746494293213,4.76837158203125e-07,nan,1,True,1337,512,crpa_contribution,1c1049328b86
5,3,197,157,0.6363636255264282,nan,6.569746017456055,6.5697455406188965,-4.76837158203125e-07,nan,1,True,1337,512,crpa_contribution,1c1049328b86
5,3,95,11,0.6363636255264282,nan,6.569746017456055,6.5697455406188965,-4.76837158203125e-07,nan,1,True,1337,512,crpa_contribution,1c1049328b86
5,5,86,45,0.6363636255264282,nan,6.569746017456055,6.569746017456055,0.0,nan,1,True,1337,512,crpa_contribution,1c1049328b86
5,5,232,135,0.6346153616905212,nan,6.569746017456055,6.569746494293213,4.76837158203125e-07,nan,1,True,1337,512,crpa_contribution,1c1049328b86
5,7,103,72,0.6346153616905212,nan,6.569746017456055,6.569746494293213,4.76837158203125e-07,nan,1,True,1337,512,crpa_contribution,1c1049328b86
5,5,84,16,0.6279069781303406,nan,6.569746017456055,6.569746017456055,0.0,nan,1,True,1337,512,crpa_contribution,1c1049328b86
5,3,126,5,0.625,nan,6.569746017456055,6.569746017456055,0.0,nan,1,True,1337,512,crpa_contribution,1c1049328b86
5,3,25,1,0.625,nan,6.569746017456055,6.569746971130371,9.5367431640625e-07,nan,1,True,1337,512,crpa_contribution,1c1049328b86
5,3,62,30,0.625,nan,6.569746017456055,6.569746017456055,0.0,nan,1,True,1337,512,crpa_contribution,1c1049328b86
5,3,43,22,0.625,nan,6.569746017456055,6.569746017456055,0.0,nan,1,True,1337,512,crpa_contribution,1c1049328b86
5,5,493,432,0.625,nan,6.569746017456055,6.569746017456055,0.0,nan,1,True,1337,512,crpa_contribution,1c1049328b86
5,5,50,40,0.625,nan,6.569746017456055,6.569745063781738,-9.5367431640625e-07,nan,1,True,1337,512,crpa_contribution,1c1049328b86
5,5,87,33,0.625,nan,6.569746017456055,6.569746017456055,0.0,nan,1,True,1337,512,crpa_contribution,1c1049328b86
5,7,105,29,0.625,nan,6.569746017456055,6.569746017456055,0.0,nan,1,True,1337,512,crpa_contribution,1c1049328b86
5,7,96,61,0.6111111044883728,nan,6.569746017456055,6.569746017456055,0.0,nan,1,True,1337,512,crpa_contribution,1c1049328b86
5,7,327,267,0.6097561120986938,nan,6.569746017456055,6.569746017456055,0.0,nan,1,True,1337,512,crpa_contribution,1c1049328b86
5,7,327,298,0.6097561120986938,nan,6.569746017456055,6.569746494293213,4.76837158203125e-07,nan,1,True,1337,512,crpa_contribution,1c1049328b86
5,7,249,231,0.609375,nan,6.569746017456055,6.569746017456055,0.0,nan,1,True,1337,512,crpa_contribution,1c1049328b86
5,7,32,14,0.6086956262588501,nan,6.569746017456055,6.569746017456055,0.0,nan,1,True,1337,512,crpa_contribution,1c1049328b86
5,3,239,147,0.6078431606292725,nan,6.569746017456055,6.569746494293213,4.76837158203125e-07,nan,1,True,1337,512,crpa_contribution,1c1049328b86
5,3,249,142,0.6078431606292725,nan,6.569746017456055,6.569746971130371,9.5367431640625e-07,nan,1,True,1337,512,crpa_contribution,1c1049328b86
5,7,490,412,0.6071428656578064,nan,6.569746017456055,6.569746017456055,0.0,nan,1,True,1337,512,crpa_contribution,1c1049328b86
5,5,374,329,0.6034482717514038,nan,6.569746017456055,6.569746017456055,0.0,nan,1,True,1337,512,crpa_contribution,1c1049328b86
5,3,34,12,0.6000000238418579,nan,6.569746017456055,6.569746494293213,4.76837158203125e-07,nan,1,True,1337,512,crpa_contribution,1c1049328b86
5,3,314,303,0.6000000238418579,nan,6.569746017456055,6.569746017456055,0.0,nan,1,True,1337,512,crpa_contribution,1c1049328b86
5,3,114,84,0.6000000238418579,nan,6.569746017456055,6.569746017456055,0.0,nan,1,True,1337,512,crpa_contribution,1c1049328b86
5,5,18,9,0.6000000238418579,nan,6.569746017456055,6.569746017456055,0.0,nan,1,True,1337,512,crpa_contribution,1c1049328b86
5,5,16,12,0.6000000238418579,nan,6.569746017456055,6.569750785827637,4.76837158203125e-06,nan,1,True,1337,512,crpa_contribution,1c1049328b86
5,5,78,69,0.6000000238418579,nan,6.569746017456055,6.5697455406188965,-4.76837158203125e-07,nan,1,True,1337,512,crpa_contribution,1c1049328b86
5,5,434,401,0.6000000238418579,nan,6.569746017456055,6.569746017456055,0.0,nan,1,True,1337,512,crpa_contribution,1c1049328b86
5,5,490,438,0.6000000238418579,nan,6.569746017456055,6.569746017456055,0.0,nan,1,True,1337,512,crpa_contribution,1c1049328b86
5,7,258,102,0.6000000238418579,nan,6.569746017456055,6.569747447967529,1.430511474609375e-06,nan,1,True,1337,512,crpa_contribution,1c1049328b86
5,7,9,1,0.6000000238418579,nan,6.569746017456055,6.56974458694458,-1.430511474609375e-06,nan,1,True,1337,512,crpa_contribution,1c1049328b86
5,7,114,30,0.6000000238418579,nan,6.569746017456055,6.569746017456055,0.0,nan,1,True,1337,512,crpa_contribution,1c1049328b86
5,7,481,384,0.5967742204666138,nan,6.569746017456055,6.569746017456055,0.0,nan,1,True,1337,512,crpa_contribution,1c1049328b86
5,5,485,453,0.5925925970077515,nan,6.569746017456055,6.569746017456055,0.0,nan,1,True,1337,512,crpa_contribution,1c1049328b86
5,5,485,459,0.5925925970077515,nan,6.569746017456055,6.5697455406188965,-4.76837158203125e-07,nan,1,True,1337,512,crpa_contribution,1c1049328b86
5,5,229,210,0.5925925970077515,nan,6.569746017456055,6.569746017456055,0.0,nan,1,True,1337,512,crpa_contribution,1c1049328b86
5,5,477,449,0.5918367505073547,nan,6.569746017456055,6.569746494293213,4.76837158203125e-07,nan,1,True,1337,512,crpa_contribution,1c1049328b86
5,5,191,170,0.5897436141967773,nan,6.569746017456055,6.569746017456055,0.0,nan,1,True,1337,512,crpa_contribution,1c1049328b86
5,5,207,186,0.5897436141967773,nan,6.569746017456055,6.569746494293213,4.76837158203125e-07,nan,1,True,1337,512,crpa_contribution,1c1049328b86
5,3,82,62,0.5882353186607361,nan,6.569746017456055,6.5697479248046875,1.9073486328125e-06,nan,1,True,1337,512,crpa_contribution,1c1049328b86
5,3,206,128,0.5853658318519592,nan,6.569746017456055,6.569746494293213,4.76837158203125e-07,nan,1,True,1337,512,crpa_contribution,1c1049328b86
5,3,230,149,0.5853658318519592,nan,6.569746017456055,6.569746017456055,0.0,nan,1,True,1337,512,crpa_contribution,1c1049328b86
5,3,66,61,0.5833333134651184,nan,6.569746017456055,6.569746017456055,0.0,nan,1,True,1337,512,crpa_contribution,1c1049328b86
5,3,42,31,0.5833333134651184,nan,6.569746017456055,6.569746017456055,0.0,nan,1,True,1337,512,crpa_contribution,1c1049328b86
5,3,38,10,0.5833333134651184,nan,6.569746017456055,6.569749355316162,3.337860107421875e-06,nan,1,True,1337,512,crpa_contribution,1c1049328b86
0,0,11,7,1.0,nan,6.8978190422058105,6.897808074951172,-1.0967254638671875e-05,nan,1,True,2024,512,crpa_contribution,ebcffb048d2d
0,0,79,42,0.9629629850387573,nan,6.8978190422058105,6.897818565368652,-4.76837158203125e-07,nan,1,True,2024,512,crpa_contribution,ebcffb048d2d
0,0,91,13,0.9090909361839294,nan,6.8978190422058105,6.897818565368652,-4.76837158203125e-07,nan,1,True,2024,512,crpa_contribution,ebcffb048d2d
0,0,300,297,0.8999999761581421,nan,6.8978190422058105,6.897820472717285,1.430511474609375e-06,nan,1,True,2024,512,crpa_contribution,ebcffb048d2d
0,0,300,295,0.8999999761581421,nan,6.8978190422058105,6.8978190422058105,0.0,nan,1,True,2024,512,crpa_contribution,ebcffb048d2d
0,0,302,267,0.8999999761581421,nan,6.8978190422058105,6.897819519042969,4.76837158203125e-07,nan,1,True,2024,512,crpa_contribution,ebcffb048d2d
0,0,74,32,0.8846153616905212,nan,6.8978190422058105,6.897819519042969,4.76837158203125e-07,nan,1,True,2024,512,crpa_contribution,ebcffb048d2d
0,0,219,182,0.8823529481887817,nan,6.8978190422058105,6.897819519042969,4.76837158203125e-07,nan,1,True,2024,512,crpa_contribution,ebcffb048d2d
0,0,108,87,0.8809523582458496,nan,6.8978190422058105,6.8978190422058105,0.0,nan,1,True,2024,512,crpa_contribution,ebcffb048d2d
0,0,121,49,0.8809523582458496,nan,6.8978190422058105,6.897818088531494,-9.5367431640625e-07,nan,1,True,2024,512,crpa_contribution,ebcffb048d2d
0,0,126,14,0.8780487775802612,nan,6.8978190422058105,6.897819519042969,4.76837158203125e-07,nan,1,True,2024,512,crpa_contribution,ebcffb048d2d
0,0,126,61,0.8780487775802612,nan,6.8978190422058105,6.8978190422058105,0.0,nan,1,True,2024,512,crpa_contribution,ebcffb048d2d
0,0,112,86,0.875,nan,6.8978190422058105,6.8978190422058105,0.0,nan,1,True,2024,512,crpa_contribution,ebcffb048d2d
0,2,37,18,0.875,nan,6.8978190422058105,6.897820949554443,1.9073486328125e-06,nan,1,True,2024,512,crpa_contribution,ebcffb048d2d
0,0,339,291,0.8709677457809448,nan,6.8978190422058105,6.8978190422058105,0.0,nan,1,True,2024,512,crpa_contribution,ebcffb048d2d
0,0,65,15,0.8695651888847351,nan,6.8978190422058105,6.8978190422058105,0.0,nan,1,True,2024,512,crpa_contribution,ebcffb048d2d
0,0,45,31,0.8666666746139526,nan,6.8978190422058105,6.8978190422058105,0.0,nan,1,True,2024,512,crpa_contribution,ebcffb048d2d
0,1,226,158,0.8571428656578064,nan,6.8978190422058105,6.897818088531494,-9.5367431640625e-07,nan,1,True,2024,512,crpa_contribution,ebcffb048d2d
0,1,34,17,0.8461538553237915,nan,6.8978190422058105,6.897820472717285,1.430511474609375e-06,nan,1,True,2024,512,crpa_contribution,ebcffb048d2d
0,1,34,27,0.8461538553237915,nan,6.8978190422058105,6.897818565368652,-4.76837158203125e-07,nan,1,True,2024,512,crpa_contribution,ebcffb048d2d
0,1,34,19,0.8461538553237915,nan,6.8978190422058105,6.897815227508545,-3.814697265625e-06,nan,1,True,2024,512,crpa_contribution,ebcffb048d2d
0,0,425,391,0.8421052694320679,nan,6.8978190422058105,6.8978190422058105,0.0,nan,1,True,2024,512,crpa_contribution,ebcffb048d2d
0,0,423,402,0.8421052694320679,nan,6.8978190422058105,6.897817134857178,-1.9073486328125e-06,nan,1,True,2024,512,crpa_contribution,ebcffb048d2d
0,0,423,406,0.8421052694320679,nan,6.8978190422058105,6.897819995880127,9.5367431640625e-07,nan,1,True,2024,512,crpa_contribution,ebcffb048d2d
0,0,317,291,0.8399999737739563,nan,6.8978190422058105,6.897818565368652,-4.76837158203125e-07,nan,1,True,2024,512,crpa_contribution,ebcffb048d2d
0,0,209,153,0.8333333134651184,nan,6.8978190422058105,6.8978190422058105,0.0,nan,1,True,2024,512,crpa_contribution,ebcffb048d2d
0,0,500,392,0.8260869383811951,nan,6.8978190422058105,6.8978190422058105,0.0,nan,1,True,2024,512,crpa_contribution,ebcffb048d2d
0,0,316,301,0.8260869383811951,nan,6.8978190422058105,6.897819519042969,4.76837158203125e-07,nan,1,True,2024,512,crpa_contribution,ebcffb048d2d
0,0,349,268,0.824999988079071,nan,6.8978190422058105,6.8978190422058105,0.0,nan,1,True,2024,512,crpa_contribution,ebcffb048d2d
0,1,227,142,0.800000011920929,nan,6.8978190422058105,6.897817611694336,-1.430511474609375e-06,nan,1,True,2024,512,crpa_contribution,ebcffb048d2d
0,1,230,185,0.800000011920929,nan,6.8978190422058105,6.897815704345703,-3.337860107421875e-06,nan,1,True,2024,512,crpa_contribution,ebcffb048d2d
0,1,226,225,0.800000011920929,nan,6.8978190422058105,6.897819519042969,4.76837158203125e-07,nan,1,True,2024,512,crpa_contribution,ebcffb048d2d
0,4,6,6,0.800000011920929,nan,6.8978190422058105,6.897822380065918,3.337860107421875e-06,nan,1,True,2024,512,crpa_contribution,ebcffb048d2d
0,4,7,3,0.800000011920929,nan,6.8978190422058105,6.897831439971924,1.239776611328125e-05,nan,1,True,2024,512,crpa_contribution,ebcffb048d2d
0,4,8,0,0.800000011920929,nan,6.8978190422058105,6.897805213928223,-1.3828277587890625e-05,nan,1,True,2024,512,crpa_contribution,ebcffb048d2d
0,1,57,48,0.7916666865348816,nan,6.8978190422058105,6.897818088531494,-9.5367431640625e-07,nan,1,True,2024,512,crpa_contribution,ebcffb048d2d
0,4,228,147,0.7916666865348816,nan,6.8978190422058105,6.8978190422058105,0.0,nan,1,True,2024,512,crpa_contribution,ebcffb048d2d
0,4,298,274,0.7916666865348816,nan,6.8978190422058105,6.897819519042969,4.76837158203125e-07,nan,1,True,2024,512,crpa_contribution,ebcffb048d2d
0,4,297,267,0.7916666865348816,nan,6.8978190422058105,6.8978190422058105,0.0,nan,1,True,2024,512,crpa_contribution,ebcffb048d2d
0,4,228,183,0.7916666865348816,nan,6.8978190422058105,6.897818565368652,-4.76837158203125e-07,nan,1,True,2024,512,crpa_contribution,ebcffb048d2d
0,4,228,186,0.7916666865348816,nan,6.8978190422058105,6.8978190422058105,0.0,nan,1,True,2024,512,crpa_contribution,ebcffb048d2d
0,1,103,8,0.7727272510528564,nan,6.8978190422058105,6.8978190422058105,0.0,nan,1,True,2024,512,crpa_contribution,ebcffb048d2d
0,5,98,15,0.7727272510528564,nan,6.8978190422058105,6.897821426391602,2.384185791015625e-06,nan,1,True,2024,512,crpa_contribution,ebcffb048d2d
0,6,231,190,0.7674418687820435,nan,6.8978190422058105,6.8978190422058105,0.0,nan,1,True,2024,512,crpa_contribution,ebcffb048d2d
0,1,446,430,0.7666666507720947,nan,6.8978190422058105,6.897817611694336,-1.430511474609375e-06,nan,1,True,2024,512,crpa_contribution,ebcffb048d2d
0,1,73,14,0.7586206793785095,nan,6.8978190422058105,6.897819519042969,4.76837158203125e-07,nan,1,True,2024,512,crpa_contribution,ebcffb048d2d
0,1,46,42,0.75,nan,6.8978190422058105,6.897818088531494,-9.5367431640625e-07,nan,1,True,2024,512,crpa_contribution,ebcffb048d2d
0,4,426,426,0.75,nan,6.8978190422058105,6.8978190422058105,0.0,nan,1,True,2024,512,crpa_contribution,ebcffb048d2d
0,7,14,3,0.75,nan,6.8978190422058105,6.897818088531494,-9.5367431640625e-07,nan,1,True,2024,512,crpa_contribution,ebcffb048d2d
0,1,121,72,0.7446808218955994,nan,6.8978190422058105,6.897818088531494,-9.5367431640625e-07,nan,1,True,2024,512,crpa_contribution,ebcffb048d2d
0,1,91,1,0.7435897588729858,nan,6.8978190422058105,6.897819519042969,4.76837158203125e-07,nan,1,True,2024,512,crpa_contribution,ebcffb048d2d
0,1,475,463,0.7333333492279053,nan,6.8978190422058105,6.897818565368652,-4.76837158203125e-07,nan,1,True,2024,512,crpa_contribution,ebcffb048d2d
0,4,63,49,0.7333333492279053,nan,6.8978190422058105,6.897818565368652,-4.76837158203125e-07,nan,1,True,2024,512,crpa_contribution,ebcffb048d2d
0,5,72,61,0.7333333492279053,nan,6.8978190422058105,6.897818565368652,-4.76837158203125e-07,nan,1,True,2024,512,crpa_contribution,ebcffb048d2d
0,5,79,36,0.7333333492279053,nan,6.8978190422058105,6.897818565368652,-4.76837158203125e-07,nan,1,True,2024,512,crpa_contribution,ebcffb048d2d
0,4,250,232,0.7288135886192322,nan,6.8978190422058105,6.897818565368652,-4.76837158203125e-07,nan,1,True,2024,512,crpa_contribution,ebcffb048d2d
0,1,191,167,0.7272727489471436,nan,6.8978190422058105,6.897819995880127,9.5367431640625e-07,nan,1,True,2024,512,crpa_contribution,ebcffb048d2d
0,1,191,161,0.7272727489471436,nan,6.8978190422058105,6.897818088531494,-9.5367431640625e-07,nan,1,True,2024,512,crpa_contribution,ebcffb048d2d
0,4,19,18,0.7272727489471436,nan,6.8978190422058105,6.897818088531494,-9.5367431640625e-07,nan,1,True,2024,512,crpa_contribution,ebcffb048d2d
0,1,106,43,0.7209302186965942,nan,6.8978190422058105,6.8978190422058105,0.0,nan,1,True,2024,512,crpa_contribution,ebcffb048d2d
0,4,42,29,0.7200000286102295,nan,6.8978190422058105,6.8978190422058105,0.0,nan,1,True,2024,512,crpa_contribution,ebcffb048d2d
0,6,500,437,0.717391312122345,nan,6.8978190422058105,6.8978190422058105,0.0,nan,1,True,2024,512,crpa_contribution,ebcffb048d2d
0,1,237,157,0.7142857313156128,nan,6.8978190422058105,6.897819519042969,4.76837158203125e-07,nan,1,True,2024,512,crpa_contribution,ebcffb048d2d
0,1,29,19,0.7142857313156128,nan,6.8978190422058105,6.8978118896484375,-7.152557373046875e-06,nan,1,True,2024,512,crpa_contribution,ebcffb048d2d
0,1,75,75,0.7142857313156128,nan,6.8978190422058105,6.897818565368652,-4.76837158203125e-07,nan,1,True,2024,512,crpa_contribution,ebcffb048d2d
0,1,237,147,0.7142857313156128,nan,6.8978190422058105,6.897819519042969,4.76837158203125e-07,nan,1,True,2024,512,crpa_contribution,ebcffb048d2d
0,6,346,261,0.7142857313156128,nan,6.8978190422058105,6.8978166580200195,-2.384185791015625e-06,nan,1,True,2024,512,crpa_contribution,ebcffb048d2d
0,4,361,296,0.7118644118309021,nan,6.8978190422058105,6.8978190422058105,0.0,nan,1,True,2024,512,crpa_contribution,ebcffb048d2d
0,4,361,300,0.7118644118309021,nan,6.8978190422058105,6.8978190422058105,0.0,nan,1,True,2024,512,crpa_contribution,ebcffb048d2d
0,1,198,154,0.7058823704719543,nan,6.8978190422058105,6.897818565368652,-4.76837158203125e-07,nan,1,True,2024,512,crpa_contribution,ebcffb048d2d
0,4,367,300,0.7049180269241333,nan,6.8978190422058105,6.8978190422058105,0.0,nan,1,True,2024,512,crpa_contribution,ebcffb048d2d
0,1,73,10,0.699999988079071,nan,6.8978190422058105,6.8978190422058105,0.0,nan,1,True,2024,512,crpa_contribution,ebcffb048d2d
0,4,110,103,0.699999988079071,nan,6.8978190422058105,6.897818565368652,-4.76837158203125e-07,nan,1,True,2024,512,crpa_contribution,ebcffb048d2d
0,4,110,105,0.699999988079071,nan,6.8978190422058105,6.8978190422058105,0.0,nan,1,True,2024,512,crpa_contribution,ebcffb048d2d
0,4,365,306,0.699999988079071,nan,6.8978190422058105,6.8978190422058105,0.0,nan,1,True,2024,512,crpa_contribution,ebcffb048d2d
0,4,365,310,0.699999988079071,nan,6.8978190422058105,6.897818565368652,-4.76837158203125e-07,nan,1,True,2024,512,crpa_contribution,ebcffb048d2d
0,6,445,395,0.699999988079071,nan,6.8978190422058105,6.897819519042969,4.76837158203125e-07,nan,1,True,2024,512,crpa_contribution,ebcffb048d2d
0,2,336,306,0.6976743936538696,nan,6.8978190422058105,6.897820472717285,1.430511474609375e-06,nan,1,True,2024,512,crpa_contribution,ebcffb048d2d
0,4,76,7,0.6969696879386902,nan,6.8978190422058105,6.8978190422058105,0.0,nan,1,True,2024,512,crpa_contribution,ebcffb048d2d
0,4,76,49,0.6969696879386902,nan,6.8978190422058105,6.897819519042969,4.76837158203125e-07,nan,1,True,2024,512,crpa_contribution,ebcffb048d2d
0,4,494,426,0.6964285969734192,nan,6.8978190422058105,6.897818565368652,-4.76837158203125e-07,nan,1,True,2024,512,crpa_contribution,ebcffb048d2d
0,6,465,430,0.6944444179534912,nan,6.8978190422058105,6.897818565368652,-4.76837158203125e-07,nan,1,True,2024,512,crpa_contribution,ebcffb048d2d
0,6,465,411,0.6944444179534912,nan,6.8978190422058105,6.897819519042969,4.76837158203125e-07,nan,1,True,2024,512,crpa_contribution,ebcffb048d2d
0,3,221,150,0.6938775777816772,nan,6.8978190422058105,6.8978190422058105,0.0,nan,1,True,2024,512,crpa_contribution,ebcffb048d2d
0,4,502,460,0.688524603843689,nan,6.8978190422058105,6.8978190422058105,0.0,nan,1,True,2024,512,crpa_contribution,ebcffb048d2d
0,7,31,19,0.6875,nan,6.8978190422058105,6.897817611694336,-1.430511474609375e-06,nan,1,True,2024,512,crpa_contribution,ebcffb048d2d
0,2,99,70,0.686274528503418,nan,6.8978190422058105,6.897818565368652,-4.76837158203125e-07,nan,1,True,2024,512,crpa_contribution,ebcffb048d2d
0,5,207,161,0.6857143044471741,nan,6.8978190422058105,6.897818565368652,-4.76837158203125e-07,nan,1,True,2024,512,crpa_contribution,ebcffb048d2d
0,7,509,473,0.6851851940155029,nan,6.8978190422058105,6.897819519042969,4.76837158203125e-07,nan,1,True,2024,512,crpa_contribution,ebcffb048d2d
0,5,219,169,0.6842105388641357,nan,6.8978190422058105,6.897819519042969,4.76837158203125e-07,nan,1,True,2024,512,crpa_contribution,ebcffb048d2d
0,2,42,36,0.6800000071525574,nan,6.8978190422058105,6.897826194763184,7.152557373046875e-06,nan,1,True,2024,512,crpa_contribution,ebcffb048d2d
0,6,241,201,0.6800000071525574,nan,6.8978190422058105,6.8978190422058105,0.0,nan,1,True,2024,512,crpa_contribution,ebcffb048d2d
0,5,81,19,0.6774193644523621,nan,6.8978190422058105,6.897818088531494,-9.5367431640625e-07,nan,1,True,2024,512,crpa_contribution,ebcffb048d2d
0,6,70,65,0.6774193644523621,nan,6.8978190422058105,6.897818565368652,-4.76837158203125e-07,nan,1,True,2024,512,crpa_contribution,ebcffb048d2d
0,3,67,42,0.675000011920929,nan,6.8978190422058105,6.897817611694336,-1.430511474609375e-06,nan,1,True,2024,512,crpa_contribution,ebcffb048d2d
0,2,4,0,0.6666666865348816,nan,6.8978190422058105,6.8979692459106445,0.00015020370483398438,nan,1,True,2024,512,crpa_contribution,ebcffb048d2d
0,3,22,15,0.6666666865348816,nan,6.8978190422058105,6.897820472717285,1.430511474609375e-06,nan,1,True,2024,512,crpa_contribution,ebcffb048d2d
0,5,262,256,0.6666666865348816,nan,6.8978190422058105,6.897815227508545,-3.814697265625e-06,nan,1,True,2024,512,crpa_contribution,ebcffb048d2d
0,6,240,173,0.6666666865348816,nan,6.8978190422058105,6.897818565368652,-4.76837158203125e-07,nan,1,True,2024,512,crpa_contribution,ebcffb048d2d
0,3,434,404,0.6578947305679321,nan,6.8978190422058105,6.8978190422058105,0.0,nan,1,True,2024,512,crpa_contribution,ebcffb048d2d
0,5,329,277,0.6551724076271057,nan,6.8978190422058105,6.897818565368652,-4.76837158203125e-07,nan,1,True,2024,512,crpa_contribution,ebcffb048d2d
0,7,241,228,0.6545454263687134,nan,6.8978190422058105,6.897818565368652,-4.76837158203125e-07,nan,1,True,2024,512,crpa_contribution,ebcffb048d2d
0,7,305,300,0.6538461446762085,nan,6.8978190422058105,6.897818088531494,-9.5367431640625e-07,nan,1,True,2024,512,crpa_contribution,ebcffb048d2d
0,3,97,41,0.6530612111091614,nan,6.8978190422058105,6.8978190422058105,0.0,nan,1,True,2024,512,crpa_contribution,ebcffb048d2d
0,6,46,14,0.6521739363670349,nan,6.8978190422058105,6.897819995880127,9.5367431640625e-07,nan,1,True,2024,512,crpa_contribution,ebcffb048d2d
0,2,499,402,0.6499999761581421,nan,6.8978190422058105,6.897818565368652,-4.76837158203125e-07,nan,1,True,2024,512,crpa_contribution,ebcffb048d2d
0,2,87,45,0.6499999761581421,nan,6.8978190422058105,6.897818565368652,-4.76837158203125e-07,nan,1,True,2024,512,crpa_contribution,ebcffb048d2d
0,6,338,332,0.6499999761581421,nan,6.8978190422058105,6.8978190422058105,0.0,nan,1,True,2024,512,crpa_contribution,ebcffb048d2d
0,7,101,7,0.644444465637207,nan,6.8978190422058105,6.897818088531494,-9.5367431640625e-07,nan,1,True,2024,512,crpa_contribution,ebcffb048d2d
0,3,69,8,0.6428571343421936,nan,6.8978190422058105,6.8978190422058105,0.0,nan,1,True,2024,512,crpa_contribution,ebcffb048d2d
0,6,119,14,0.6415094137191772,nan,6.8978190422058105,6.8978190422058105,0.0,nan,1,True,2024,512,crpa_contribution,ebcffb048d2d
0,3,206,180,0.6410256624221802,nan,6.8978190422058105,6.897818565368652,-4.76837158203125e-07,nan,1,True,2024,512,crpa_contribution,ebcffb048d2d
0,6,49,14,0.6399999856948853,nan,6.8978190422058105,6.8978190422058105,0.0,nan,1,True,2024,512,crpa_contribution,ebcffb048d2d
0,7,228,225,0.6399999856948853,nan,6.8978190422058105,6.897819519042969,4.76837158203125e-07,nan,1,True,2024,512,crpa_contribution,ebcffb048d2d
0,7,228,191,0.6399999856948853,nan,6.8978190422058105,6.897819995880127,9.5367431640625e-07,nan,1,True,2024,512,crpa_contribution,ebcffb048d2d
0,7,228,192,0.6399999856948853,nan,6.8978190422058105,6.897818565368652,-4.76837158203125e-07,nan,1,True,2024,512,crpa_contribution,ebcffb048d2d
0,2,207,165,0.6382978558540344,nan,6.8978190422058105,6.897815227508545,-3.814697265625e-06,nan,1,True,2024,512,crpa_contribution,ebcffb048d2d
0,2,219,167,0.6363636255264282,nan,6.8978190422058105,6.897820472717285,1.430511474609375e-06,nan,1,True,2024,512,crpa_contribution,ebcffb048d2d
0,2,221,137,0.6363636255264282,nan,6.8978190422058105,6.8978190422058105,0.0,nan,1,True,2024,512,crpa_contribution,ebcffb048d2d
0,2,167,131,0.6363636255264282,nan,6.8978190422058105,6.897816181182861,-2.86102294921875e-06,nan,1,True,2024,512,crpa_contribution,ebcffb048d2d
0,2,167,160,0.6363636255264282,nan,6.8978190422058105,6.897818088531494,-9.5367431640625e-07,nan,1,True,2024,512,crpa_contribution,ebcffb048d2d
0,3,71,15,0.6363636255264282,nan,6.8978190422058105,6.897819519042969,4.76837158203125e-07,nan,1,True,2024,512,crpa_contribution,ebcffb048d2d
0,5,449,419,0.6363636255264282,nan,6.8978190422058105,6.897819519042969,4.76837158203125e-07,nan,1,True,2024,512,crpa_contribution,ebcffb048d2d
0,7,375,269,0.6349206566810608,nan,6.8978190422058105,6.8978190422058105,0.0,nan,1,True,2024,512,crpa_contribution,ebcffb048d2d
0,3,357,312,0.6315789222717285,nan,6.8978190422058105,6.8978190422058105,0.0,nan,1,True,2024,512,crpa_contribution,ebcffb048d2d
0,3,350,314,0.6315789222717285,nan,6.8978190422058105,6.8978190422058105,0.0,nan,1,True,2024,512,crpa_contribution,ebcffb048d2d
0,3,350,324,0.6315789222717285,nan,6.8978190422058105,6.8978190422058105,0.0,nan,1,True,2024,512,crpa_contribution,ebcffb048d2d
0,6,104,51,0.6315789222717285,nan,6.8978190422058105,6.8978190422058105,0.0,nan,1,True,2024,512,crpa_contribution,ebcffb048d2d
0,6,96,51,0.6315789222717285,nan,6.8978190422058105,6.8978190422058105,0.0,nan,1,True,2024,512,crpa_contribution,ebcffb048d2d
0,3,294,281,0.6296296119689941,nan,6.8978190422058105,6.897818565368652,-4.76837158203125e-07,nan,1,True,2024,512,crpa_contribution,ebcffb048d2d
0,6,362,304,0.6296296119689941,nan,6.8978190422058105,6.8978190422058105,0.0,nan,1,True,2024,512,crpa_contribution,ebcffb048d2d
0,6,362,316,0.6296296119689941,nan,6.8978190422058105,6.897818565368652,-4.76837158203125e-07,nan,1,True,2024,512,crpa_contribution,ebcffb048d2d
0,6,362,296,0.6296296119689941,nan,6.8978190422058105,6.897818565368652,-4.76837158203125e-07,nan,1,True,2024,512,crpa_contribution,ebcffb048d2d
0,7,479,405,0.6296296119689941,nan,6.8978190422058105,6.897819995880127,9.5367431640625e-07,nan,1,True,2024,512,crpa_contribution,ebcffb048d2d
0,7,479,426,0.6296296119689941,nan,6.8978190422058105,6.897818565368652,-4.76837158203125e-07,nan,1,True,2024,512,crpa_contribution,ebcffb048d2d
0,3,311,204,0.6285714507102966,nan,6.8978190422058105,6.897819519042969,4.76837158203125e-07,nan,1,True,2024,512,crpa_contribution,ebcffb048d2d
0,7,499,445,0.6271186470985413,nan,6.8978190422058105,6.897818565368652,-4.76837158203125e-07,nan,1,True,2024,512,crpa_contribution,ebcffb048d2d
0,2,170,144,0.625,nan,6.8978190422058105,6.897817134857178,-1.9073486328125e-06,nan,1,True,2024,512,crpa_contribution,ebcffb048d2d
0,3,213,208,0.625,nan,6.8978190422058105,6.8978190422058105,0.0,nan,1,True,2024,512,crpa_contribution,ebcffb048d2d
0,5,15,11,0.625,nan,6.8978190422058105,6.897811412811279,-7.62939453125e-06,nan,1,True,2024,512,crpa_contribution,ebcffb048d2d
0,6,57,24,0.625,nan,6.8978190422058105,6.8978190422058105,0.0,nan,1,True,2024,512,crpa_contribution,ebcffb048d2d
0,6,176,147,0.625,nan,6.8978190422058105,6.897816181182861,-2.86102294921875e-06,nan,1,True,2024,512,crpa_contribution,ebcffb048d2d
0,2,122,14,0.6231883764266968,nan,6.8978190422058105,6.8978142738342285,-4.76837158203125e-06,nan,1,True,2024,512,crpa_contribution,ebcffb048d2d
0,5,365,318,0.6222222447395325,nan,6.8978190422058105,6.897816181182861,-2.86102294921875e-06,nan,1,True,2024,512,crpa_contribution,ebcffb048d2d
0,3,51,36,0.6206896305084229,nan,6.8978190422058105,6.8978190422058105,0.0,nan,1,True,2024,512,crpa_contribution,ebcffb048d2d
0,2,97,44,0.6200000047683716,nan,6.8978190422058105,6.897817134857178,-1.9073486328125e-06,nan,1,True,2024,512,crpa_contribution,ebcffb048d2d
0,3,31,10,0.6190476417541504,nan,6.8978190422058105,6.897819995880127,9.5367431640625e-07,nan,1,True,2024,512,crpa_contribution,ebcffb048d2d
0,5,166,150,0.6190476417541504,nan,6.8978190422058105,6.897816181182861,-2.86102294921875e-06,nan,1,True,2024,512,crpa_contribution,ebcffb048d2d
0,2,64,22,0.6176470518112183,nan,6.8978190422058105,6.897817611694336,-1.430511474609375e-06,nan,1,True,2024,512,crpa_contribution,ebcffb048d2d
0,2,193,164,0.6176470518112183,nan,6.8978190422058105,6.8978190422058105,0.0,nan,1,True,2024,512,crpa_contribution,ebcffb048d2d
0,5,467,462,0.6176470518112183,nan,6.8978190422058105,6.897819519042969,4.76837158203125e-07,nan,1,True,2024,512,crpa_contribution,ebcffb048d2d
0,2,69,32,0.6153846383094788,nan,6.8978190422058105,6.897817611694336,-1.430511474609375e-06,nan,1,True,2024,512,crpa_contribution,ebcffb048d2d
0,2,66,32,0.6153846383094788,nan,6.8978190422058105,6.897818088531494,-9.5367431640625e-07,nan,1,True,2024,512,crpa_contribution,ebcffb048d2d
0,2,224,142,0.6140350699424744,nan,6.8978190422058105,6.897822380065918,3.337860107421875e-06,nan,1,True,2024,512,crpa_contribution,ebcffb048d2d
0,3,65,65,0.6136363744735718,nan,6.8978190422058105,6.897818088531494,-9.5367431640625e-07,nan,1,True,2024,512,crpa_contribution,ebcffb048d2d
0,2,433,395,0.6129032373428345,nan,6.8978190422058105,6.897818088531494,-9.5367431640625e-07,nan,1,True,2024,512,crpa_contribution,ebcffb048d2d
0,6,456,388,0.6129032373428345,nan,6.8978190422058105,6.897818088531494,-9.5367431640625e-07,nan,1,True,2024,512,crpa_contribution,ebcffb048d2d
0,3,108,1,0.6111111044883728,nan,6.8978190422058105,6.8978190422058105,0.0,nan,1,True,2024,512,crpa_contribution,ebcffb048d2d
0,5,33,13,0.6111111044883728,nan,6.8978190422058105,6.897829055786133,1.0013580322265625e-05,nan,1,True,2024,512,crpa_contribution,ebcffb048d2d
0,5,67,6,0.6111111044883728,nan,6.8978190422058105,6.8978190422058105,0.0,nan,1,True,2024,512,crpa_contribution,ebcffb048d2d
0,3,197,128,0.6097561120986938,nan,6.8978190422058105,6.8978190422058105,0.0,nan,1,True,2024,512,crpa_contribution,ebcffb048d2d
0,6,219,198,0.6097561120986938,nan,6.8978190422058105,6.8978190422058105,0.0,nan,1,True,2024,512,crpa_contribution,ebcffb048d2d
0,5,500,396,0.6078431606292725,nan,6.8978190422058105,6.897819519042969,4.76837158203125e-07,nan,1,True,2024,512,crpa_contribution,ebcffb048d2d
0,5,491,484,0.6078431606292725,nan,6.8978190422058105,6.897818565368652,-4.76837158203125e-07,nan,1,True,2024,512,crpa_contribution,ebcffb048d2d
0,3,463,204,0.6071428656578064,nan,6.8978190422058105,6.897818565368652,-4.76837158203125e-07,nan,1,True,2024,512,crpa_contribution,ebcffb048d2d
0,5,65,8,0.6071428656578064,nan,6.8978190422058105,6.897818565368652,-4.76837158203125e-07,nan,1,True,2024,512,crpa_contribution,ebcffb048d2d
0,6,82,64,0.6060606241226196,nan,6.8978190422058105,6.8978190422058105,0.0,nan,1,True,2024,512,crpa_contribution,ebcffb048d2d
0,5,486,426,0.604651153087616,nan,6.8978190422058105,6.897819519042969,4.76837158203125e-07,nan,1,True,2024,512,crpa_contribution,ebcffb048d2d
0,5,376,295,0.6037735939025879,nan,6.8978190422058105,6.897818565368652,-4.76837158203125e-07,nan,1,True,2024,512,crpa_contribution,ebcffb048d2d
0,5,376,350,0.6037735939025879,nan,6.8978190422058105,6.897819519042969,4.76837158203125e-07,nan,1,True,2024,512,crpa_contribution,ebcffb048d2d
0,5,376,326,0.6037735939025879,nan,6.8978190422058105,6.8978190422058105,0.0,nan,1,True,2024,512,crpa_contribution,ebcffb048d2d
0,2,195,154,0.6000000238418579,nan,6.8978190422058105,6.897825241088867,6.198883056640625e-06,nan,1,True,2024,512,crpa_contribution,ebcffb048d2d
0,2,31,11,0.6000000238418579,nan,6.8978190422058105,6.897815704345703,-3.337860107421875e-06,nan,1,True,2024,512,crpa_contribution,ebcffb048d2d
0,2,202,145,0.6000000238418579,nan,6.8978190422058105,6.897793769836426,-2.5272369384765625e-05,nan,1,True,2024,512,crpa_contribution,ebcffb048d2d
0,3,485,479,0.6000000238418579,nan,6.8978190422058105,6.8978190422058105,0.0,nan,1,True,2024,512,crpa_contribution,ebcffb048d2d
0,3,25,11,0.6000000238418579,nan,6.8978190422058105,6.897818088531494,-9.5367431640625e-07,nan,1,True,2024,512,crpa_contribution,ebcffb048d2d
0,5,240,134,0.6000000238418579,nan,6.8978190422058105,6.8978190422058105,0.0,nan,1,True,2024,512,crpa_contribution,ebcffb048d2d
0,5,307,263,0.6000000238418579,nan,6.8978190422058105,6.897819519042969,4.76837158203125e-07,nan,1,True,2024,512,crpa_contribution,ebcffb048d2d
0,6,10,6,0.6000000238418579,nan,6.8978190422058105,6.897817134857178,-1.9073486328125e-06,nan,1,True,2024,512,crpa_contribution,ebcffb048d2d
0,7,115,64,0.6000000238418579,nan,6.8978190422058105,6.897818088531494,-9.5367431640625e-07,nan,1,True,2024,512,crpa_contribution,ebcffb048d2d
0,7,115,24,0.6000000238418579,nan,6.8978190422058105,6.897818565368652,-4.76837158203125e-07,nan,1,True,2024,512,crpa_contribution,ebcffb048d2d
0,7,88,76,0.6000000238418579,nan,6.8978190422058105,6.897819995880127,9.5367431640625e-07,nan,1,True,2024,512,crpa_contribution,ebcffb048d2d
0,3,122,45,0.5972222089767456,nan,6.8978190422058105,6.897818565368652,-4.76837158203125e-07,nan,1,True,2024,512,crpa_contribution,ebcffb048d2d
0,7,364,295,0.5967742204666138,nan,6.8978190422058105,6.897818565368652,-4.76837158203125e-07,nan,1,True,2024,512,crpa_contribution,ebcffb048d2d
0,7,362,356,0.5967742204666138,nan,6.8978190422058105,6.897817611694336,-1.430511474609375e-06,nan,1,True,2024,512,crpa_contribution,ebcffb048d2d
0,3,312,292,0.5945945978164673,nan,6.8978190422058105,6.897819995880127,9.5367431640625e-07,nan,1,True,2024,512,crpa_contribution,ebcffb048d2d
0,7,329,303,0.5945945978164673,nan,6.8978190422058105,6.8978190422058105,0.0,nan,1,True,2024,512,crpa_contribution,ebcffb048d2d
0,7,381,270,0.5901639461517334,nan,6.8978190422058105,6.897818565368652,-4.76837158203125e-07,nan,1,True,2024,512,crpa_contribution,ebcffb048d2d
0,7,214,185,0.5853658318519592,nan,6.8978190422058105,6.897817611694336,-1.430511474609375e-06,nan,1,True,2024,512,crpa_contribution,ebcffb048d2d
0,7,475,450,0.578125,nan,6.8978190422058105,6.897820472717285,1.430511474609375e-06,nan,1,True,2024,512,crpa_contribution,ebcffb048d2d
0,7,205,185,0.574999988079071,nan,6.8978190422058105,6.897816181182861,-2.86102294921875e-06,nan,1,True,2024,512,crpa_contribution,ebcffb048d2d
0,7,205,147,0.574999988079071,nan,6.8978190422058105,6.897818088531494,-9.5367431640625e-07,nan,1,True,2024,512,crpa_contribution,ebcffb048d2d
1,0,20,2,1.0,nan,6.8978190422058105,6.897819519042969,4.76837158203125e-07,nan,1,True,2024,512,crpa_contribution,ebcffb048d2d
1,0,3,1,1.0,nan,6.8978190422058105,6.897830486297607,1.1444091796875e-05,nan,1,True,2024,512,crpa_contribution,ebcffb048d2d
1,1,21,3,1.0,nan,6.8978190422058105,6.897818088531494,-9.5367431640625e-07,nan,1,True,2024,512,crpa_contribution,ebcffb048d2d
1,2,10,9,1.0,nan,6.8978190422058105,6.8978166580200195,-2.384185791015625e-06,nan,1,True,2024,512,crpa_contribution,ebcffb048d2d
1,2,5,5,1.0,nan,6.8978190422058105,6.897817611694336,-1.430511474609375e-06,nan,1,True,2024,512,crpa_contribution,ebcffb048d2d
1,3,18,3,1.0,nan,6.8978190422058105,6.897818565368652,-4.76837158203125e-07,nan,1,True,2024,512,crpa_contribution,ebcffb048d2d
1,4,4,3,1.0,nan,6.8978190422058105,6.897820949554443,1.9073486328125e-06,nan,1,True,2024,512,crpa_contribution,ebcffb048d2d
1,5,18,7,1.0,nan,6.8978190422058105,6.8978190422058105,0.0,nan,1,True,2024,512,crpa_contribution,ebcffb048d2d
1,5,18,13,1.0,nan,6.8978190422058105,6.897817611694336,-1.430511474609375e-06,nan,1,True,2024,512,crpa_contribution,ebcffb048d2d
1,5,19,9,1.0,nan,6.8978190422058105,6.897819519042969,4.76837158203125e-07,nan,1,True,2024,512,crpa_contribution,ebcffb048d2d
1,2,247,149,0.9714285731315613,nan,6.8978190422058105,6.8978190422058105,0.0,nan,1,True,2024,512,crpa_contribution,ebcffb048d2d
1,5,228,177,0.9411764740943909,nan,6.8978190422058105,6.8978190422058105,0.0,nan,1,True,2024,512,crpa_contribution,ebcffb048d2d
1,2,52,38,0.9375,nan,6.8978190422058105,6.897819519042969,4.76837158203125e-07,nan,1,True,2024,512,crpa_contribution,ebcffb048d2d
1,2,52,17,0.9375,nan,6.8978190422058105,6.897819519042969,4.76837158203125e-07,nan,1,True,2024,512,crpa_contribution,ebcffb048d2d
1,5,289,269,0.9285714030265808,nan,6.8978190422058105,6.8978190422058105,0.0,nan,1,True,2024,512,crpa_contribution,ebcffb048d2d
1,2,375,336,0.9268292784690857,nan,6.8978190422058105,6.8978190422058105,0.0,nan,1,True,2024,512,crpa_contribution,ebcffb048d2d
1,5,60,39,0.9130434989929199,nan,6.8978190422058105,6.8978190422058105,0.0,nan,1,True,2024,512,crpa_contribution,ebcffb048d2d
1,5,65,18,0.9130434989929199,nan,6.8978190422058105,6.8978190422058105,0.0,nan,1,True,2024,512,crpa_contribution,ebcffb048d2d
1,7,253,247,0.9130434989929199,nan,6.8978190422058105,6.8978190422058105,0.0,nan,1,True,2024,512,crpa_contribution,ebcffb048d2d
1,3,68,27,0.9090909361839294,nan,6.8978190422058105,6.8978190422058105,0.0,nan,1,True,2024,512,crpa_contribution,ebcffb048d2d
1,3,319,281,0.9047619104385376,nan,6.8978190422058105,6.8978190422058105,0.0,nan,1,True,2024,512,crpa_contribution,ebcffb048d2d
1,2,349,334,0.9032257795333862,nan,6.8978190422058105,6.8978190422058105,0.0,nan,1,True,2024,512,crpa_contribution,ebcffb048d2d
1,2,349,324,0.9032257795333862,nan,6.8978190422058105,6.8978190422058105,0.0,nan,1,True,2024,512,crpa_contribution,ebcffb048d2d
1,2,349,327,0.9032257795333862,nan,6.8978190422058105,6.8978190422058105,0.0,nan,1,True,2024,512,crpa_contribution,ebcffb048d2d
1,2,354,294,0.9032257795333862,nan,6.8978190422058105,6.8978190422058105,0.0,nan,1,True,2024,512,crpa_contribution,ebcffb048d2d
1,2,342,313,0.8999999761581421,nan,6.8978190422058105,6.8978190422058105,0.0,nan,1,True,2024,512,crpa_contribution,ebcffb048d2d
1,2,342,319,0.8999999761581421,nan,6.8978190422058105,6.8978190422058105,0.0,nan,1,True,2024,512,crpa_contribution,ebcffb048d2d
1,5,314,295,0.8999999761581421,nan,6.8978190422058105,6.8978190422058105,0.0,nan,1,True,2024,512,crpa_contribution,ebcffb048d2d
1,5,239,173,0.8974359035491943,nan,6.8978190422058105,6.8978190422058105,0.0,nan,1,True,2024,512,crpa_contribution,ebcffb048d2d
1,5,232,189,0.8974359035491943,nan,6.8978190422058105,6.8978190422058105,0.0,nan,1,True,2024,512,crpa_contribution,ebcffb048d2d
1,5,80,79,0.8965517282485962,nan,6.8978190422058105,6.8978190422058105,0.0,nan,1,True,2024,512,crpa_contribution,ebcffb048d2d
1,5,79,54,0.8965517282485962,nan,6.8978190422058105,6.8978190422058105,0.0,nan,1,True,2024,512,crpa_contribution,ebcffb048d2d
1,7,208,153,0.8965517282485962,nan,6.8978190422058105,6.8978190422058105,0.0,nan,1,True,2024,512,crpa_contribution,ebcffb048d2d
1,2,184,168,0.8947368264198303,nan,6.8978190422058105,6.8978190422058105,0.0,nan,1,True,2024,512,crpa_contribution,ebcffb048d2d
1,3,53,48,0.8947368264198303,nan,6.8978190422058105,6.8978190422058105,0.0,nan,1,True,2024,512,crpa_contribution,ebcffb048d2d
1,3,310,282,0.8947368264198303,nan,6.8978190422058105,6.8978190422058105,0.0,nan,1,True,2024,512,crpa_contribution,ebcffb048d2d
1,3,214,149,0.8928571343421936,nan,6.8978190422058105,6.8978190422058105,0.0,nan,1,True,2024,512,crpa_contribution,ebcffb048d2d
1,7,197,177,0.8928571343421936,nan,6.8978190422058105,6.8978190422058105,0.0,nan,1,True,2024,512,crpa_contribution,ebcffb048d2d
1,5,73,31,0.8888888955116272,nan,6.8978190422058105,6.897818088531494,-9.5367431640625e-07,nan,1,True,2024,512,crpa_contribution,ebcffb048d2d
1,5,73,13,0.8888888955116272,nan,6.8978190422058105,6.8978190422058105,0.0,nan,1,True,2024,512,crpa_contribution,ebcffb048d2d
1,7,342,277,0.8888888955116272,nan,6.8978190422058105,6.8978190422058105,0.0,nan,1,True,2024,512,crpa_contribution,ebcffb048d2d
1,7,195,151,0.8888888955116272,nan,6.8978190422058105,6.8978190422058105,0.0,nan,1,True,2024,512,crpa_contribution,ebcffb048d2d
1,7,21,2,0.8888888955116272,nan,6.8978190422058105,6.897819519042969,4.76837158203125e-07,nan,1,True,2024,512,crpa_contribution,ebcffb048d2d
1,5,244,129,0.8837209343910217,nan,6.8978190422058105,6.897819519042969,4.76837158203125e-07,nan,1,True,2024,512,crpa_contribution,ebcffb048d2d
1,5,91,84,0.8823529481887817,nan,6.8978190422058105,6.8978190422058105,0.0,nan,1,True,2024,512,crpa_contribution,ebcffb048d2d
1,5,115,26,0.8809523582458496,nan,6.8978190422058105,6.8978190422058105,0.0,nan,1,True,2024,512,crpa_contribution,ebcffb048d2d
1,2,44,26,0.875,nan,6.8978190422058105,6.8978190422058105,0.0,nan,1,True,2024,512,crpa_contribution,ebcffb048d2d
1,2,44,29,0.875,nan,6.8978190422058105,6.897818565368652,-4.76837158203125e-07,nan,1,True,2024,512,crpa_contribution,ebcffb048d2d
1,3,300,266,0.875,nan,6.8978190422058105,6.897819519042969,4.76837158203125e-07,nan,1,True,2024,512,crpa_contribution,ebcffb048d2d
1,5,431,401,0.875,nan,6.8978190422058105,6.8978190422058105,0.0,nan,1,True,2024,512,crpa_contribution,ebcffb048d2d
1,5,431,395,0.875,nan,6.8978190422058105,6.8978190422058105,0.0,nan,1,True,2024,512,crpa_contribution,ebcffb048d2d
1,5,431,427,0.875,nan,6.8978190422058105,6.8978190422058105,0.0,nan,1,True,2024,512,crpa_contribution,ebcffb048d2d
1,5,429,410,0.875,nan,6.8978190422058105,6.8978190422058105,0.0,nan,1,True,2024,512,crpa_contribution,ebcffb048d2d
1,5,298,295,0.875,nan,6.8978190422058105,6.8978190422058105,0.0,nan,1,True,2024,512,crpa_contribution,ebcffb048d2d
1,7,19,9,0.875,nan,6.8978190422058105,6.8978190422058105,0.0,nan,1,True,2024,512,crpa_contribution,ebcffb048d2d
1,5,236,235,0.8717948794364929,nan,6.8978190422058105,6.8978190422058105,0.0,nan,1,True,2024,512,crpa_contribution,ebcffb048d2d
1,2,341,307,0.8709677457809448,nan,6.8978190422058105,6.8978190422058105,0.0,nan,1,True,2024,512,crpa_contribution,ebcffb048d2d
1,3,223,140,0.8709677457809448,nan,6.8978190422058105,6.8978190422058105,0.0,nan,1,True,2024,512,crpa_contribution,ebcffb048d2d
1,3,222,131,0.8709677457809448,nan,6.8978190422058105,6.897818565368652,-4.76837158203125e-07,nan,1,True,2024,512,crpa_contribution,ebcffb048d2d
1,5,322,282,0.8695651888847351,nan,6.8978190422058105,6.897819519042969,4.76837158203125e-07,nan,1,True,2024,512,crpa_contribution,ebcffb048d2d
1,2,300,276,0.8666666746139526,nan,6.8978190422058105,6.897818088531494,-9.5367431640625e-07,nan,1,True,2024,512,crpa_contribution,ebcffb048d2d
1,2,345,289,0.8666666746139526,nan,6.8978190422058105,6.8978190422058105,0.0,nan,1,True,2024,512,crpa_contribution,ebcffb048d2d
1,7,209,201,0.8666666746139526,nan,6.8978190422058105,6.8978190422058105,0.0,nan,1,True,2024,512,crpa_contribution,ebcffb048d2d
1,7,160,142,0.8666666746139526,nan,6.8978190422058105,6.8978190422058105,0.0,nan,1,True,2024,512,crpa_contribution,ebcffb048d2d
1,7,422,415,0.8666666746139526,nan,6.8978190422058105,6.897818565368652,-4.76837158203125e-07,nan,1,True,2024,512,crpa_contribution,ebcffb048d2d
1,3,365,316,0.8648648858070374,nan,6.8978190422058105,6.8978190422058105,0.0,nan,1,True,2024,512,crpa_contribution,ebcffb048d2d
1,1,81,9,0.8620689511299133,nan,6.8978190422058105,6.897818565368652,-4.76837158203125e-07,nan,1,True,2024,512,crpa_contribution,ebcffb048d2d
1,3,253,172,0.8604651093482971,nan,6.8978190422058105,6.8978190422058105,0.0,nan,1,True,2024,512,crpa_contribution,ebcffb048d2d
1,3,249,155,0.8604651093482971,nan,6.8978190422058105,6.8978190422058105,0.0,nan,1,True,2024,512,crpa_contribution,ebcffb048d2d
1,7,235,190,0.8604651093482971,nan,6.8978190422058105,6.8978190422058105,0.0,nan,1,True,2024,512,crpa_contribution,ebcffb048d2d
1,7,239,190,0.8604651093482971,nan,6.8978190422058105,6.8978190422058105,0.0,nan,1,True,2024,512,crpa_contribution,ebcffb048d2d
1,1,443,421,0.8571428656578064,nan,6.8978190422058105,6.897818565368652,-4.76837158203125e-07,nan,1,True,2024,512,crpa_contribution,ebcffb048d2d
1,1,492,102,0.8571428656578064,nan,6.8978190422058105,6.8978190422058105,0.0,nan,1,True,2024,512,crpa_contribution,ebcffb048d2d
1,1,422,374,0.8571428656578064,nan,6.8978190422058105,6.8978190422058105,0.0,nan,1,True,2024,512,crpa_contribution,ebcffb048d2d
1,1,444,421,0.8571428656578064,nan,6.8978190422058105,6.897819519042969,4.76837158203125e-07,nan,1,True,2024,512,crpa_contribution,ebcffb048d2d
1,2,121,84,0.8571428656578064,nan,6.8978190422058105,6.8978190422058105,0.0,nan,1,True,2024,512,crpa_contribution,ebcffb048d2d
1,2,290,278,0.8571428656578064,nan,6.8978190422058105,6.897819519042969,4.76837158203125e-07,nan,1,True,2024,512,crpa_contribution,ebcffb048d2d
1,2,489,395,0.8571428656578064,nan,6.8978190422058105,6.8978190422058105,0.0,nan,1,True,2024,512,crpa_contribution,ebcffb048d2d
1,2,489,434,0.8571428656578064,nan,6.8978190422058105,6.8978190422058105,0.0,nan,1,True,2024,512,crpa_contribution,ebcffb048d2d
1,3,400,386,0.8571428656578064,nan,6.8978190422058105,6.897819519042969,4.76837158203125e-07,nan,1,True,2024,512,crpa_contribution,ebcffb048d2d
1,3,20,8,0.8571428656578064,nan,6.8978190422058105,6.8978190422058105,0.0,nan,1,True,2024,512,crpa_contribution,ebcffb048d2d
1,3,462,389,0.8571428656578064,nan,6.8978190422058105,6.8978190422058105,0.0,nan,1,True,2024,512,crpa_contribution,ebcffb048d2d
1,7,363,316,0.8571428656578064,nan,6.8978190422058105,6.8978190422058105,0.0,nan,1,True,2024,512,crpa_contribution,ebcffb048d2d
1,7,196,160,0.8571428656578064,nan,6.8978190422058105,6.8978190422058105,0.0,nan,1,True,2024,512,crpa_contribution,ebcffb048d2d
1,1,223,222,0.8529411554336548,nan,6.8978190422058105,6.8978190422058105,0.0,nan,1,True,2024,512,crpa_contribution,ebcffb048d2d
1,1,92,85,0.8529411554336548,nan,6.8978190422058105,6.8978190422058105,0.0,nan,1,True,2024,512,crpa_contribution,ebcffb048d2d
1,1,349,316,0.8529411554336548,nan,6.8978190422058105,6.8978190422058105,0.0,nan,1,True,2024,512,crpa_contribution,ebcffb048d2d
1,3,98,2,0.8529411554336548,nan,6.8978190422058105,6.8978190422058105,0.0,nan,1,True,2024,512,crpa_contribution,ebcffb048d2d
1,3,209,172,0.8518518805503845,nan,6.8978190422058105,6.8978190422058105,0.0,nan,1,True,2024,512,crpa_contribution,ebcffb048d2d
1,1,245,134,0.8510638475418091,nan,6.8978190422058105,6.8978190422058105,0.0,nan,1,True,2024,512,crpa_contribution,ebcffb048d2d
1,2,253,224,0.8500000238418579,nan,6.8978190422058105,6.8978190422058105,0.0,nan,1,True,2024,512,crpa_contribution,ebcffb048d2d
1,2,244,213,0.8500000238418579,nan,6.8978190422058105,6.8978190422058105,0.0,nan,1,True,2024,512,crpa_contribution,ebcffb048d2d
1,1,353,289,0.8484848737716675,nan,6.8978190422058105,6.8978190422058105,0.0,nan,1,True,2024,512,crpa_contribution,ebcffb048d2d
1,1,353,295,0.8484848737716675,nan,6.8978190422058105,6.8978190422058105,0.0,nan,1,True,2024,512,crpa_contribution,ebcffb048d2d
1,1,35,18,0.8461538553237915,nan,6.8978190422058105,6.8978190422058105,0.0,nan,1,True,2024,512,crpa_contribution,ebcffb048d2d
1,1,35,13,0.8461538553237915,nan,6.8978190422058105,6.8978190422058105,0.0,nan,1,True,2024,512,crpa_contribution,ebcffb048d2d
1,3,31,29,0.8461538553237915,nan,6.8978190422058105,6.8978190422058105,0.0,nan,1,True,2024,512,crpa_contribution,ebcffb048d2d
1,3,39,31,0.8461538553237915,nan,6.8978190422058105,6.8978190422058105,0.0,nan,1,True,2024,512,crpa_contribution,ebcffb048d2d
1,1,120,79,0.8444444537162781,nan,6.8978190422058105,6.8978190422058105,0.0,nan,1,True,2024,512,crpa_contribution,ebcffb048d2d
1,7,370,347,0.8444444537162781,nan,6.8978190422058105,6.8978190422058105,0.0,nan,1,True,2024,512,crpa_contribution,ebcffb048d2d
1,3,468,465,0.84375,nan,6.8978190422058105,6.8978190422058105,0.0,nan,1,True,2024,512,crpa_contribution,ebcffb048d2d
1,7,122,96,0.843137264251709,nan,6.8978190422058105,6.8978190422058105,0.0,nan,1,True,2024,512,crpa_contribution,ebcffb048d2d
1,3,235,186,0.8421052694320679,nan,6.8978190422058105,6.8978190422058105,0.0,nan,1,True,2024,512,crpa_contribution,ebcffb048d2d
1,3,235,137,0.8421052694320679,nan,6.8978190422058105,6.8978190422058105,0.0,nan,1,True,2024,512,crpa_contribution,ebcffb048d2d
1,1,375,269,0.8409090638160706,nan,6.8978190422058105,6.8978190422058105,0.0,nan,1,True,2024,512,crpa_contribution,ebcffb048d2d
1,3,70,54,0.8399999737739563,nan,6.8978190422058105,6.8978190422058105,0.0,nan,1,True,2024,512,crpa_contribution,ebcffb048d2d
1,3,70,27,0.8399999737739563,nan,6.8978190422058105,6.8978190422058105,0.0,nan,1,True,2024,512,crpa_contribution,ebcffb048d2d
1,1,363,288,0.837837815284729,nan,6.8978190422058105,6.8978190422058105,0.0,nan,1,True,2024,512,crpa_contribution,ebcffb048d2d
1,1,229,216,0.837837815284729,nan,6.8978190422058105,6.8978190422058105,0.0,nan,1,True,2024,512,crpa_contribution,ebcffb048d2d
1,1,488,434,0.8333333134651184,nan,6.8978190422058105,6.8978190422058105,0.0,nan,1,True,2024,512,crpa_contribution,ebcffb048d2d
1,1,14,13,0.8333333134651184,nan,6.8978190422058105,6.897818565368652,-4.76837158203125e-07,nan,1,True,2024,512,crpa_contribution,ebcffb048d2d
1,1,413,404,0.8333333134651184,nan,6.8978190422058105,6.8978190422058105,0.0,nan,1,True,2024,512,crpa_contribution,ebcffb048d2d
1,1,95,30,0.8333333134651184,nan,6.8978190422058105,6.8978190422058105,0.0,nan,1,True,2024,512,crpa_contribution,ebcffb048d2d
1,1,488,439,0.8333333134651184,nan,6.8978190422058105,6.8978190422058105,0.0,nan,1,True,2024,512,crpa_contribution,ebcffb048d2d
1,1,414,404,0.8333333134651184,nan,6.8978190422058105,6.8978190422058105,0.0,nan,1,True,2024,512,crpa_contribution,ebcffb048d2d
1,7,486,421,0.8333333134651184,nan,6.8978190422058105,6.8978190422058105,0.0,nan,1,True,2024,512,crpa_contribution,ebcffb048d2d
1,7,433,420,0.8333333134651184,nan,6.8978190422058105,6.8978190422058105,0.0,nan,1,True,2024,512,crpa_contribution,ebcffb048d2d
1,7,39,14,0.8333333134651184,nan,6.8978190422058105,6.897818565368652,-4.76837158203125e-07,nan,1,True,2024,512,crpa_contribution,ebcffb048d2d
1,7,433,421,0.8333333134651184,nan,6.8978190422058105,6.897818565368652,-4.76837158203125e-07,nan,1,True,2024,512,crpa_contribution,ebcffb048d2d
1,7,494,420,0.8333333134651184,nan,6.8978190422058105,6.8978190422058105,0.0,nan,1,True,2024,512,crpa_contribution,ebcffb048d2d
1,7,39,30,0.8333333134651184,nan,6.8978190422058105,6.8978190422058105,0.0,nan,1,True,2024,512,crpa_contribution,ebcffb048d2d
1,7,108,56,0.8297872543334961,nan,6.8978190422058105,6.8978190422058105,0.0,nan,1,True,2024,512,crpa_contribution,ebcffb048d2d
1,7,68,30,0.8275862336158752,nan,6.8978190422058105,6.8978190422058105,0.0,nan,1,True,2024,512,crpa_contribution,ebcffb048d2d
1,0,30,23,0.800000011920929,nan,6.8978190422058105,6.8978190422058105,0.0,nan,1,True,2024,512,crpa_contribution,ebcffb048d2d
1,0,34,27,0.800000011920929,nan,6.8978190422058105,6.897818565368652,-4.76837158203125e-07,nan,1,True,2024,512,crpa_contribution,ebcffb048d2d
1,0,32,8,0.7777777910232544,nan,6.8978190422058105,6.897819519042969,4.76837158203125e-07,nan,1,True,2024,512,crpa_contribution,ebcffb048d2d
1,4,506,395,0.7307692170143127,nan,6.8978190422058105,6.8978190422058105,0.0,nan,1,True,2024,512,crpa_contribution,ebcffb048d2d
1,0,43,40,0.7142857313156128,nan,6.8978190422058105,6.897817134857178,-1.9073486328125e-06,nan,1,True,2024,512,crpa_contribution,ebcffb048d2d
1,0,269,256,0.7142857313156128,nan,6.8978190422058105,6.897825241088867,6.198883056640625e-06,nan,1,True,2024,512,crpa_contribution,ebcffb048d2d
1,6,14,1,0.7142857313156128,nan,6.8978190422058105,6.897814750671387,-4.291534423828125e-06,nan,1,True,2024,512,crpa_contribution,ebcffb048d2d
1,6,14,3,0.7142857313156128,nan,6.8978190422058105,6.8978190422058105,0.0,nan,1,True,2024,512,crpa_contribution,ebcffb048d2d
1,0,303,271,0.7058823704719543,nan,6.8978190422058105,6.8978190422058105,0.0,nan,1,True,2024,512,crpa_contribution,ebcffb048d2d
1,0,407,407,0.699999988079071,nan,6.8978190422058105,6.897819995880127,9.5367431640625e-07,nan,1,True,2024,512,crpa_contribution,ebcffb048d2d
1,6,150,141,0.692307710647583,nan,6.8978190422058105,6.897817134857178,-1.9073486328125e-06,nan,1,True,2024,512,crpa_contribution,ebcffb048d2d
1,0,47,36,0.6875,nan,6.8978190422058105,6.897817611694336,-1.430511474609375e-06,nan,1,True,2024,512,crpa_contribution,ebcffb048d2d
1,0,314,268,0.6842105388641357,nan,6.8978190422058105,6.8978190422058105,0.0,nan,1,True,2024,512,crpa_contribution,ebcffb048d2d
1,6,298,257,0.6842105388641357,nan,6.8978190422058105,6.897818565368652,-4.76837158203125e-07,nan,1,True,2024,512,crpa_contribution,ebcffb048d2d
1,6,486,427,0.6792452931404114,nan,6.8978190422058105,6.8978190422058105,0.0,nan,1,True,2024,512,crpa_contribution,ebcffb048d2d
1,6,499,494,0.6727272868156433,nan,6.8978190422058105,6.8978190422058105,0.0,nan,1,True,2024,512,crpa_contribution,ebcffb048d2d
1,4,497,473,0.6721311211585999,nan,6.8978190422058105,6.8978190422058105,0.0,nan,1,True,2024,512,crpa_contribution,ebcffb048d2d
1,0,165,145,0.6666666865348816,nan,6.8978190422058105,6.8978190422058105,0.0,nan,1,True,2024,512,crpa_contribution,ebcffb048d2d
1,0,150,130,0.6666666865348816,nan,6.8978190422058105,6.897821426391602,2.384185791015625e-06,nan,1,True,2024,512,crpa_contribution,ebcffb048d2d
1,0,71,20,0.6666666865348816,nan,6.8978190422058105,6.897819519042969,4.76837158203125e-07,nan,1,True,2024,512,crpa_contribution,ebcffb048d2d
1,0,47,8,0.6666666865348816,nan,6.8978190422058105,6.8978190422058105,0.0,nan,1,True,2024,512,crpa_contribution,ebcffb048d2d
1,0,41,20,0.6666666865348816,nan,6.8978190422058105,6.8978190422058105,0.0,nan,1,True,2024,512,crpa_contribution,ebcffb048d2d
1,0,165,150,0.6666666865348816,nan,6.8978190422058105,6.897818565368652,-4.76837158203125e-07,nan,1,True,2024,512,crpa_contribution,ebcffb048d2d
1,0,9,7,0.6666666865348816,nan,6.8978190422058105,6.897822380065918,3.337860107421875e-06,nan,1,True,2024,512,crpa_contribution,ebcffb048d2d
1,6,307,288,0.6666666865348816,nan,6.8978190422058105,6.897818088531494,-9.5367431640625e-07,nan,1,True,2024,512,crpa_contribution,ebcffb048d2d
1,6,91,70,0.6666666865348816,nan,6.8978190422058105,6.8978190422058105,0.0,nan,1,True,2024,512,crpa_contribution,ebcffb048d2d
1,4,366,258,0.6481481194496155,nan,6.8978190422058105,6.897818565368652,-4.76837158203125e-07,nan,1,True,2024,512,crpa_contribution,ebcffb048d2d
1,0,36,20,0.6428571343421936,nan,6.8978190422058105,6.8978190422058105,0.0,nan,1,True,2024,512,crpa_contribution,ebcffb048d2d
1,0,99,11,0.625,nan,6.8978190422058105,6.8978166580200195,-2.384185791015625e-06,nan,1,True,2024,512,crpa_contribution,ebcffb048d2d
1,0,69,2,0.625,nan,6.8978190422058105,6.8978190422058105,0.0,nan,1,True,2024,512,crpa_contribution,ebcffb048d2d
1,0,286,257,0.625,nan,6.8978190422058105,6.897818088531494,-9.5367431640625e-07,nan,1,True,2024,512,crpa_contribution,ebcffb048d2d
1,0,326,286,0.625,nan,6.8978190422058105,6.897818565368652,-4.76837158203125e-07,nan,1,True,2024,512,crpa_contribution,ebcffb048d2d
1,0,459,384,0.625,nan,6.8978190422058105,6.897818565368652,-4.76837158203125e-07,nan,1,True,2024,512,crpa_contribution,ebcffb048d2d
1,6,444,432,0.625,nan,6.8978190422058105,6.8978190422058105,0.0,nan,1,True,2024,512,crpa_contribution,ebcffb048d2d
1,6,37,5,0.6190476417541504,nan,6.8978190422058105,6.8978190422058105,0.0,nan,1,True,2024,512,crpa_contribution,ebcffb048d2d
1,6,37,33,0.6190476417541504,nan,6.8978190422058105,6.897818565368652,-4.76837158203125e-07,nan,1,True,2024,512,crpa_contribution,ebcffb048d2d
1,4,221,189,0.6153846383094788,nan,6.8978190422058105,6.897819519042969,4.76837158203125e-07,nan,1,True,2024,512,crpa_contribution,ebcffb048d2d
1,4,223,145,0.6153846383094788,nan,6.8978190422058105,6.897818565368652,-4.76837158203125e-07,nan,1,True,2024,512,crpa_contribution,ebcffb048d2d
1,6,24,5,0.6153846383094788,nan,6.8978190422058105,6.897819519042969,4.76837158203125e-07,nan,1,True,2024,512,crpa_contribution,ebcffb048d2d
1,6,430,407,0.6153846383094788,nan,6.8978190422058105,6.8978190422058105,0.0,nan,1,True,2024,512,crpa_contribution,ebcffb048d2d
1,6,218,175,0.6153846383094788,nan,6.8978190422058105,6.8978190422058105,0.0,nan,1,True,2024,512,crpa_contribution,ebcffb048d2d
1,4,160,153,0.6111111044883728,nan,6.8978190422058105,6.897818565368652,-4.76837158203125e-07,nan,1,True,2024,512,crpa_contribution,ebcffb048d2d
1,4,74,72,0.6111111044883728,nan,6.8978190422058105,6.897819519042969,4.76837158203125e-07,nan,1,True,2024,512,crpa_contribution,ebcffb048d2d
1,4,74,38,0.6111111044883728,nan,6.8978190422058105,6.8978190422058105,0.0,nan,1,True,2024,512,crpa_contribution,ebcffb048d2d
1,4,53,47,0.6086956262588501,nan,6.8978190422058105,6.897819519042969,4.76837158203125e-07,nan,1,True,2024,512,crpa_contribution,ebcffb048d2d
1,4,19,14,0.6000000238418579,nan,6.8978190422058105,6.8978190422058105,0.0,nan,1,True,2024,512,crpa_contribution,ebcffb048d2d
1,4,310,262,0.6000000238418579,nan,6.8978190422058105,6.8978190422058105,0.0,nan,1,True,2024,512,crpa_contribution,ebcffb048d2d
1,4,43,7,0.6000000238418579,nan,6.8978190422058105,6.897819519042969,4.76837158203125e-07,nan,1,True,2024,512,crpa_contribution,ebcffb048d2d
1,6,423,414,0.6000000238418579,nan,6.8978190422058105,6.897818565368652,-4.76837158203125e-07,nan,1,True,2024,512,crpa_contribution,ebcffb048d2d
1,6,43,3,0.6000000238418579,nan,6.8978190422058105,6.8978190422058105,0.0,nan,1,True,2024,512,crpa_contribution,ebcffb048d2d
1,6,176,175,0.6000000238418579,nan,6.8978190422058105,6.8978190422058105,0.0,nan,1,True,2024,512,crpa_contribution,ebcffb048d2d
1,6,459,445,0.5945945978164673,nan,6.8978190422058105,6.8978190422058105,0.0,nan,1,True,2024,512,crpa_contribution,ebcffb048d2d
1,6,209,130,0.5945945978164673,nan,6.8978190422058105,6.8978190422058105,0.0,nan,1,True,2024,512,crpa_contribution,ebcffb048d2d
1,6,235,162,0.5925925970077515,nan,6.8978190422058105,6.8978190422058105,0.0,nan,1,True,2024,512,crpa_contribution,ebcffb048d2d
1,6,244,237,0.5925925970077515,nan,6.8978190422058105,6.8978190422058105,0.0,nan,1,True,2024,512,crpa_contribution,ebcffb048d2d
1,6,235,138,0.5925925970077515,nan,6.8978190422058105,6.8978190422058105,0.0,nan,1,True,2024,512,crpa_contribution,ebcffb048d2d
1,6,235,131,0.5925925970077515,nan,6.8978190422058105,6.897818565368652,-4.76837158203125e-07,nan,1,True,2024,512,crpa_contribution,ebcffb048d2d
1,6,100,20,0.5909090638160706,nan,6.8978190422058105,6.8978190422058105,0.0,nan,1,True,2024,512,crpa_contribution,ebcffb048d2d
1,4,37,29,0.5789473652839661,nan,6.8978190422058105,6.897819519042969,4.76837158203125e-07,nan,1,True,2024,512,crpa_contribution,ebcffb048d2d
1,4,73,33,0.5675675868988037,nan,6.8978190422058105,6.8978190422058105,0.0,nan,1,True,2024,512,crpa_contribution,ebcffb048d2d
1,4,187,149,0.5625,nan,6.8978190422058105,6.897818565368652,-4.76837158203125e-07,nan,1,True,2024,512,crpa_contribution,ebcffb048d2d
1,4,421,385,0.5600000023841858,nan,6.8978190422058105,6.897820472717285,1.430511474609375e-06,nan,1,True,2024,512,crpa_contribution,ebcffb048d2d
1,4,430,418,0.5600000023841858,nan,6.8978190422058105,6.897818565368652,-4.76837158203125e-07,nan,1,True,2024,512,crpa_contribution,ebcffb048d2d
1,4,316,315,0.5526315569877625,nan,6.8978190422058105,6.8978190422058105,0.0,nan,1,True,2024,512,crpa_contribution,ebcffb048d2d
1,4,161,151,0.550000011920929,nan,6.8978190422058105,6.897817611694336,-1.430511474609375e-06,nan,1,True,2024,512,crpa_contribution,ebcffb048d2d
1,4,489,435,0.5454545617103577,nan,6.8978190422058105,6.8978190422058105,0.0,nan,1,True,2024,512,crpa_contribution,ebcffb048d2d
1,4,479,406,0.54347825050354,nan,6.8978190422058105,6.8978190422058105,0.0,nan,1,True,2024,512,crpa_contribution,ebcffb048d2d
1,4,304,297,0.5333333611488342,nan,6.8978190422058105,6.8978190422058105,0.0,nan,1,True,2024,512,crpa_contribution,ebcffb048d2d
1,4,405,395,0.5333333611488342,nan,6.8978190422058105,6.897818565368652,-4.76837158203125e-07,nan,1,True,2024,512,crpa_contribution,ebcffb048d2d
2,1,16,7,1.0,nan,6.8978190422058105,6.897818088531494,-9.5367431640625e-07,nan,1,True,2024,512,crpa_contribution,ebcffb048d2d
2,2,3,0,1.0,nan,6.8978190422058105,6.897812843322754,-6.198883056640625e-06,nan,1,True,2024,512,crpa_contribution,ebcffb048d2d
2,3,14,10,1.0,nan,6.8978190422058105,6.897818565368652,-4.76837158203125e-07,nan,1,True,2024,512,crpa_contribution,ebcffb048d2d
2,3,13,12,1.0,nan,6.8978190422058105,6.897820472717285,1.430511474609375e-06,nan,1,True,2024,512,crpa_contribution,ebcffb048d2d
2,5,33,29,1.0,nan,6.8978190422058105,6.8978190422058105,0.0,nan,1,True,2024,512,crpa_contribution,ebcffb048d2d
2,5,32,12,1.0,nan,6.8978190422058105,6.897818565368652,-4.76837158203125e-07,nan,1,True,2024,512,crpa_contribution,ebcffb048d2d
2,5,5,3,1.0,nan,6.8978190422058105,6.897816181182861,-2.86102294921875e-06,nan,1,True,2024,512,crpa_contribution,ebcffb048d2d
2,7,2,0,1.0,nan,6.8978190422058105,6.897817134857178,-1.9073486328125e-06,nan,1,True,2024,512,crpa_contribution,ebcffb048d2d
2,0,373,293,0.9375,nan,6.8978190422058105,6.8978190422058105,0.0,nan,1,True,2024,512,crpa_contribution,ebcffb048d2d
2,0,369,305,0.9375,nan,6.8978190422058105,6.8978190422058105,0.0,nan,1,True,2024,512,crpa_contribution,ebcffb048d2d
2,5,425,410,0.9375,nan,6.8978190422058105,6.897818565368652,-4.76837158203125e-07,nan,1,True,2024,512,crpa_contribution,ebcffb048d2d
2,5,35,33,0.9375,nan,6.8978190422058105,6.8978190422058105,0.0,nan,1,True,2024,512,crpa_contribution,ebcffb048d2d
2,5,422,391,0.9375,nan,6.8978190422058105,6.8978190422058105,0.0,nan,1,True,2024,512,crpa_contribution,ebcffb048d2d
2,1,18,1,0.9166666865348816,nan,6.8978190422058105,6.8978190422058105,0.0,nan,1,True,2024,512,crpa_contribution,ebcffb048d2d
2,1,18,12,0.9166666865348816,nan,6.8978190422058105,6.8978190422058105,0.0,nan,1,True,2024,512,crpa_contribution,ebcffb048d2d
2,5,26,2,0.9166666865348816,nan,6.8978190422058105,6.897819519042969,4.76837158203125e-07,nan,1,True,2024,512,crpa_contribution,ebcffb048d2d
2,5,209,166,0.9090909361839294,nan,6.8978190422058105,6.8978190422058105,0.0,nan,1,True,2024,512,crpa_contribution,ebcffb048d2d
2,5,209,178,0.9090909361839294,nan,6.8978190422058105,6.8978190422058105,0.0,nan,1,True,2024,512,crpa_contribution,ebcffb048d2d
2,7,369,316,0.9090909361839294,nan,6.8978190422058105,6.8978190422058105,0.0,nan,1,True,2024,512,crpa_contribution,ebcffb048d2d
2,5,69,17,0.8999999761581421,nan,6.8978190422058105,6.897818565368652,-4.76837158203125e-07,nan,1,True,2024,512,crpa_contribution,ebcffb048d2d
2,5,110,100,0.8999999761581421,nan,6.8978190422058105,6.8978190422058105,0.0,nan,1,True,2024,512,crpa_contribution,ebcffb048d2d
2,5,246,225,0.8958333134651184,nan,6.8978190422058105,6.8978190422058105,0.0,nan,1,True,2024,512,crpa_contribution,ebcffb048d2d
2,1,76,44,0.8936170339584351,nan,6.8978190422058105,6.8978190422058105,0.0,nan,1,True,2024,512,crpa_contribution,ebcffb048d2d
2,5,247,201,0.8936170339584351,nan,6.8978190422058105,6.8978190422058105,0.0,nan,1,True,2024,512,crpa_contribution,ebcffb048d2d
2,5,247,172,0.8936170339584351,nan,6.8978190422058105,6.8978190422058105,0.0,nan,1,True,2024,512,crpa_contribution,ebcffb048d2d
2,1,14,7,0.8888888955116272,nan,6.8978190422058105,6.8978190422058105,0.0,nan,1,True,2024,512,crpa_contribution,ebcffb048d2d
2,1,14,1,0.8888888955116272,nan,6.8978190422058105,6.897819519042969,4.76837158203125e-07,nan,1,True,2024,512,crpa_contribution,ebcffb048d2d
2,6,369,335,0.8888888955116272,nan,6.8978190422058105,6.8978190422058105,0.0,nan,1,True,2024,512,crpa_contribution,ebcffb048d2d
2,1,212,140,0.8846153616905212,nan,6.8978190422058105,6.8978190422058105,0.0,nan,1,True,2024,512,crpa_contribution,ebcffb048d2d
2,1,25,12,0.8823529481887817,nan,6.8978190422058105,6.897819519042969,4.76837158203125e-07,nan,1,True,2024,512,crpa_contribution,ebcffb048d2d
2,5,426,415,0.8823529481887817,nan,6.8978190422058105,6.8978190422058105,0.0,nan,1,True,2024,512,crpa_contribution,ebcffb048d2d
2,2,107,90,0.8799999952316284,nan,6.8978190422058105,6.8978190422058105,0.0,nan,1,True,2024,512,crpa_contribution,ebcffb048d2d
2,5,459,437,0.8787878751754761,nan,6.8978190422058105,6.8978190422058105,0.0,nan,1,True,2024,512,crpa_contribution,ebcffb048d2d
2,5,160,137,0.875,nan,6.8978190422058105,6.8978190422058105,0.0,nan,1,True,2024,512,crpa_contribution,ebcffb048d2d
2,5,14,1,0.875,nan,6.8978190422058105,6.897817134857178,-1.9073486328125e-06,nan,1,True,2024,512,crpa_contribution,ebcffb048d2d
2,5,55,30,0.875,nan,6.8978190422058105,6.8978190422058105,0.0,nan,1,True,2024,512,crpa_contribution,ebcffb048d2d
2,5,344,296,0.8717948794364929,nan,6.8978190422058105,6.8978190422058105,0.0,nan,1,True,2024,512,crpa_contribution,ebcffb048d2d
2,5,357,269,0.8666666746139526,nan,6.8978190422058105,6.8978190422058105,0.0,nan,1,True,2024,512,crpa_contribution,ebcffb048d2d
2,5,357,296,0.8666666746139526,nan,6.8978190422058105,6.8978190422058105,0.0,nan,1,True,2024,512,crpa_contribution,ebcffb048d2d
2,1,197,146,0.8604651093482971,nan,6.8978190422058105,6.8978190422058105,0.0,nan,1,True,2024,512,crpa_contribution,ebcffb048d2d
2,5,249,142,0.8600000143051147,nan,6.8978190422058105,6.8978190422058105,0.0,nan,1,True,2024,512,crpa_contribution,ebcffb048d2d
2,0,17,14,0.8571428656578064,nan,6.8978190422058105,6.897818565368652,-4.76837158203125e-07,nan,1,True,2024,512,crpa_contribution,ebcffb048d2d
2,0,23,9,0.8571428656578064,nan,6.8978190422058105,6.8978190422058105,0.0,nan,1,True,2024,512,crpa_contribution,ebcffb048d2d
2,1,90,89,0.8571428656578064,nan,6.8978190422058105,6.8978190422058105,0.0,nan,1,True,2024,512,crpa_contribution,ebcffb048d2d
2,4,14,14,0.8571428656578064,nan,6.8978190422058105,6.897818565368652,-4.76837158203125e-07,nan,1,True,2024,512,crpa_contribution,ebcffb048d2d
2,4,38,20,0.8571428656578064,nan,6.8978190422058105,6.897818565368652,-4.76837158203125e-07,nan,1,True,2024,512,crpa_contribution,ebcffb048d2d
2,5,350,266,0.8571428656578064,nan,6.8978190422058105,6.8978190422058105,0.0,nan,1,True,2024,512,crpa_contribution,ebcffb048d2d
2,1,124,65,0.8533333539962769,nan,6.8978190422058105,6.8978190422058105,0.0,nan,1,True,2024,512,crpa_contribution,ebcffb048d2d
2,1,218,148,0.8474576473236084,nan,6.8978190422058105,6.8978190422058105,0.0,nan,1,True,2024,512,crpa_contribution,ebcffb048d2d
2,4,499,391,0.8421052694320679,nan,6.8978190422058105,6.8978190422058105,0.0,nan,1,True,2024,512,crpa_contribution,ebcffb048d2d
2,0,393,385,0.8333333134651184,nan,6.8978190422058105,6.8978190422058105,0.0,nan,1,True,2024,512,crpa_contribution,ebcffb048d2d
2,0,18,14,0.8333333134651184,nan,6.8978190422058105,6.8978166580200195,-2.384185791015625e-06,nan,1,True,2024,512,crpa_contribution,ebcffb048d2d
2,1,37,13,0.8333333134651184,nan,6.8978190422058105,6.8978190422058105,0.0,nan,1,True,2024,512,crpa_contribution,ebcffb048d2d
2,2,391,388,0.8333333134651184,nan,6.8978190422058105,6.897817611694336,-1.430511474609375e-06,nan,1,True,2024,512,crpa_contribution,ebcffb048d2d
2,6,393,388,0.8333333134651184,nan,6.8978190422058105,6.897828102111816,9.059906005859375e-06,nan,1,True,2024,512,crpa_contribution,ebcffb048d2d
2,7,506,410,0.8333333134651184,nan,6.8978190422058105,6.897818565368652,-4.76837158203125e-07,nan,1,True,2024,512,crpa_contribution,ebcffb048d2d
2,7,506,448,0.8333333134651184,nan,6.8978190422058105,6.897818565368652,-4.76837158203125e-07,nan,1,True,2024,512,crpa_contribution,ebcffb048d2d
2,1,187,150,0.8292682766914368,nan,6.8978190422058105,6.8978190422058105,0.0,nan,1,True,2024,512,crpa_contribution,ebcffb048d2d
2,1,118,44,0.8266666531562805,nan,6.8978190422058105,6.8978190422058105,0.0,nan,1,True,2024,512,crpa_contribution,ebcffb048d2d
2,1,70,66,0.8222222328186035,nan,6.8978190422058105,6.8978190422058105,0.0,nan,1,True,2024,512,crpa_contribution,ebcffb048d2d
2,3,497,469,0.8181818127632141,nan,6.8978190422058105,6.8978190422058105,0.0,nan,1,True,2024,512,crpa_contribution,ebcffb048d2d
2,1,109,1,0.8142856955528259,nan,6.8978190422058105,6.8978190422058105,0.0,nan,1,True,2024,512,crpa_contribution,ebcffb048d2d
2,1,24,12,0.8125,nan,6.8978190422058105,6.897818565368652,-4.76837158203125e-07,nan,1,True,2024,512,crpa_contribution,ebcffb048d2d
2,1,458,430,0.8113207817077637,nan,6.8978190422058105,6.897818565368652,-4.76837158203125e-07,nan,1,True,2024,512,crpa_contribution,ebcffb048d2d
2,1,66,46,0.8095238208770752,nan,6.8978190422058105,6.8978190422058105,0.0,nan,1,True,2024,512,crpa_contribution,ebcffb048d2d
2,1,234,173,0.8088235259056091,nan,6.8978190422058105,6.897818565368652,-4.76837158203125e-07,nan,1,True,2024,512,crpa_contribution,ebcffb048d2d
2,1,114,84,0.8082191944122314,nan,6.8978190422058105,6.8978190422058105,0.0,nan,1,True,2024,512,crpa_contribution,ebcffb048d2d
2,1,114,7,0.8082191944122314,nan,6.8978190422058105,6.8978190422058105,0.0,nan,1,True,2024,512,crpa_contribution,ebcffb048d2d
2,1,239,228,0.8082191944122314,nan,6.8978190422058105,6.8978190422058105,0.0,nan,1,True,2024,512,crpa_contribution,ebcffb048d2d
2,6,140,128,0.800000011920929,nan,6.8978190422058105,6.897819519042969,4.76837158203125e-07,nan,1,True,2024,512,crpa_contribution,ebcffb048d2d
2,4,79,14,0.7916666865348816,nan,6.8978190422058105,6.8978190422058105,0.0,nan,1,True,2024,512,crpa_contribution,ebcffb048d2d
2,2,72,54,0.7857142686843872,nan,6.8978190422058105,6.8978190422058105,0.0,nan,1,True,2024,512,crpa_contribution,ebcffb048d2d
2,3,30,27,0.7857142686843872,nan,6.8978190422058105,6.897818565368652,-4.76837158203125e-07,nan,1,True,2024,512,crpa_contribution,ebcffb048d2d
2,3,34,19,0.7857142686843872,nan,6.8978190422058105,6.8978190422058105,0.0,nan,1,True,2024,512,crpa_contribution,ebcffb048d2d
2,4,373,369,0.78125,nan,6.8978190422058105,6.8978190422058105,0.0,nan,1,True,2024,512,crpa_contribution,ebcffb048d2d
2,3,481,454,0.7777777910232544,nan,6.8978190422058105,6.897819519042969,4.76837158203125e-07,nan,1,True,2024,512,crpa_contribution,ebcffb048d2d
2,2,369,299,0.7647058963775635,nan,6.8978190422058105,6.8978190422058105,0.0,nan,1,True,2024,512,crpa_contribution,ebcffb048d2d
2,3,71,12,0.7599999904632568,nan,6.8978190422058105,6.8978190422058105,0.0,nan,1,True,2024,512,crpa_contribution,ebcffb048d2d
2,3,80,25,0.7599999904632568,nan,6.8978190422058105,6.8978190422058105,0.0,nan,1,True,2024,512,crpa_contribution,ebcffb048d2d
2,2,21,10,0.75,nan,6.8978190422058105,6.897818565368652,-4.76837158203125e-07,nan,1,True,2024,512,crpa_contribution,ebcffb048d2d
2,4,24,8,0.75,nan,6.8978190422058105,6.8978190422058105,0.0,nan,1,True,2024,512,crpa_contribution,ebcffb048d2d
2,4,24,7,0.75,nan,6.8978190422058105,6.897820949554443,1.9073486328125e-06,nan,1,True,2024,512,crpa_contribution,ebcffb048d2d
2,4,102,56,0.75,nan,6.8978190422058105,6.8978190422058105,0.0,nan,1,True,2024,512,crpa_contribution,ebcffb048d2d
2,6,23,0,0.75,nan,6.8978190422058105,6.897821426391602,2.384185791015625e-06,nan,1,True,2024,512,crpa_contribution,ebcffb048d2d
2,6,17,14,0.75,nan,6.8978190422058105,6.897818565368652,-4.76837158203125e-07,nan,1,True,2024,512,crpa_contribution,ebcffb048d2d
2,7,422,420,0.75,nan,6.8978190422058105,6.8978190422058105,0.0,nan,1,True,2024,512,crpa_contribution,ebcffb048d2d
2,7,425,306,0.75,nan,6.8978190422058105,6.8978190422058105,0.0,nan,1,True,2024,512,crpa_contribution,ebcffb048d2d
2,3,172,132,0.7333333492279053,nan,6.8978190422058105,6.897818565368652,-4.76837158203125e-07,nan,1,True,2024,512,crpa_contribution,ebcffb048d2d
2,3,172,146,0.7333333492279053,nan,6.8978190422058105,6.8978190422058105,0.0,nan,1,True,2024,512,crpa_contribution,ebcffb048d2d
2,3,78,63,0.7307692170143127,nan,6.8978190422058105,6.8978190422058105,0.0,nan,1,True,2024,512,crpa_contribution,ebcffb048d2d
2,7,29,28,0.7272727489471436,nan,6.8978190422058105,6.8978190422058105,0.0,nan,1,True,2024,512,crpa_contribution,ebcffb048d2d
2,2,352,334,0.7200000286102295,nan,6.8978190422058105,6.897820472717285,1.430511474609375e-06,nan,1,True,2024,512,crpa_contribution,ebcffb048d2d
2,3,244,181,0.7142857313156128,nan,6.8978190422058105,6.8978190422058105,0.0,nan,1,True,2024,512,crpa_contribution,ebcffb048d2d
2,4,398,385,0.7142857313156128,nan,6.8978190422058105,6.8978190422058105,0.0,nan,1,True,2024,512,crpa_contribution,ebcffb048d2d
2,6,425,399,0.7142857313156128,nan,6.8978190422058105,6.8978190422058105,0.0,nan,1,True,2024,512,crpa_contribution,ebcffb048d2d
2,4,489,412,0.7105262875556946,nan,6.8978190422058105,6.897818565368652,-4.76837158203125e-07,nan,1,True,2024,512,crpa_contribution,ebcffb048d2d
2,2,348,335,0.7058823704719543,nan,6.8978190422058105,6.8978190422058105,0.0,nan,1,True,2024,512,crpa_contribution,ebcffb048d2d
2,2,348,308,0.7058823704719543,nan,6.8978190422058105,6.897819519042969,4.76837158203125e-07,nan,1,True,2024,512,crpa_contribution,ebcffb048d2d
2,2,348,265,0.7058823704719543,nan,6.8978190422058105,6.8978190422058105,0.0,nan,1,True,2024,512,crpa_contribution,ebcffb048d2d
2,4,39,23,0.699999988079071,nan,6.8978190422058105,6.897818565368652,-4.76837158203125e-07,nan,1,True,2024,512,crpa_contribution,ebcffb048d2d
2,7,24,11,0.699999988079071,nan,6.8978190422058105,6.8978190422058105,0.0,nan,1,True,2024,512,crpa_contribution,ebcffb048d2d
2,6,68,30,0.6969696879386902,nan,6.8978190422058105,6.8978190422058105,0.0,nan,1,True,2024,512,crpa_contribution,ebcffb048d2d
2,6,465,464,0.6818181872367859,nan,6.8978190422058105,6.8978190422058105,0.0,nan,1,True,2024,512,crpa_contribution,ebcffb048d2d
2,3,232,195,0.6756756901741028,nan,6.8978190422058105,6.8978190422058105,0.0,nan,1,True,2024,512,crpa_contribution,ebcffb048d2d
2,4,232,180,0.675000011920929,nan,6.8978190422058105,6.8978190422058105,0.0,nan,1,True,2024,512,crpa_contribution,ebcffb048d2d
2,3,248,166,0.6739130616188049,nan,6.8978190422058105,6.8978190422058105,0.0,nan,1,True,2024,512,crpa_contribution,ebcffb048d2d
2,3,248,169,0.6739130616188049,nan,6.8978190422058105,6.8978190422058105,0.0,nan,1,True,2024,512,crpa_contribution,ebcffb048d2d
2,4,358,273,0.6739130616188049,nan,6.8978190422058105,6.8978190422058105,0.0,nan,1,True,2024,512,crpa_contribution,ebcffb048d2d
2,0,6,4,0.6666666865348816,nan,6.8978190422058105,6.89781379699707,-5.245208740234375e-06,nan,1,True,2024,512,crpa_contribution,ebcffb048d2d
2,2,297,280,0.6666666865348816,nan,6.8978190422058105,6.8978190422058105,0.0,nan,1,True,2024,512,crpa_contribution,ebcffb048d2d
2,2,123,81,0.6666666865348816,nan,6.8978190422058105,6.8978190422058105,0.0,nan,1,True,2024,512,crpa_contribution,ebcffb048d2d
2,3,422,385,0.6666666865348816,nan,6.8978190422058105,6.8978190422058105,0.0,nan,1,True,2024,512,crpa_contribution,ebcffb048d2d
2,3,227,148,0.6666666865348816,nan,6.8978190422058105,6.8978190422058105,0.0,nan,1,True,2024,512,crpa_contribution,ebcffb048d2d
2,3,227,210,0.6666666865348816,nan,6.8978190422058105,6.8978190422058105,0.0,nan,1,True,2024,512,crpa_contribution,ebcffb048d2d
2,4,123,94,0.6666666865348816,nan,6.8978190422058105,6.8978190422058105,0.0,nan,1,True,2024,512,crpa_contribution,ebcffb048d2d
2,4,64,7,0.6666666865348816,nan,6.8978190422058105,6.8978190422058105,0.0,nan,1,True,2024,512,crpa_contribution,ebcffb048d2d
2,6,2,2,0.6666666865348816,nan,6.8978190422058105,6.8978190422058105,0.0,nan,1,True,2024,512,crpa_contribution,ebcffb048d2d
2,6,2,1,0.6666666865348816,nan,6.8978190422058105,6.897819519042969,4.76837158203125e-07,nan,1,True,2024,512,crpa_contribution,ebcffb048d2d
2,6,234,192,0.6666666865348816,nan,6.8978190422058105,6.897818565368652,-4.76837158203125e-07,nan,1,True,2024,512,crpa_contribution,ebcffb048d2d
2,7,4,4,0.6666666865348816,nan,6.8978190422058105,6.8978271484375,8.106231689453125e-06,nan,1,True,2024,512,crpa_contribution,ebcffb048d2d
2,7,4,1,0.6666666865348816,nan,6.8978190422058105,6.897819995880127,9.5367431640625e-07,nan,1,True,2024,512,crpa_contribution,ebcffb048d2d
2,7,6,1,0.6666666865348816,nan,6.8978190422058105,6.897819519042969,4.76837158203125e-07,nan,1,True,2024,512,crpa_contribution,ebcffb048d2d
2,2,113,10,0.6578947305679321,nan,6.8978190422058105,6.897818565368652,-4.76837158203125e-07,nan,1,True,2024,512,crpa_contribution,ebcffb048d2d
2,2,125,112,0.6578947305679321,nan,6.8978190422058105,6.8978190422058105,0.0,nan,1,True,2024,512,crpa_contribution,ebcffb048d2d
2,2,112,55,0.6578947305679321,nan,6.8978190422058105,6.8978190422058105,0.0,nan,1,True,2024,512,crpa_contribution,ebcffb048d2d
2,2,99,23,0.6578947305679321,nan,6.8978190422058105,6.8978190422058105,0.0,nan,1,True,2024,512,crpa_contribution,ebcffb048d2d
2,0,425,418,0.6499999761581421,nan,6.8978190422058105,6.897818565368652,-4.76837158203125e-07,nan,1,True,2024,512,crpa_contribution,ebcffb048d2d
2,4,52,18,0.6499999761581421,nan,6.8978190422058105,6.897819519042969,4.76837158203125e-07,nan,1,True,2024,512,crpa_contribution,ebcffb048d2d
2,4,46,9,0.6499999761581421,nan,6.8978190422058105,6.8978190422058105,0.0,nan,1,True,2024,512,crpa_contribution,ebcffb048d2d
2,3,210,192,0.6470588445663452,nan,6.8978190422058105,6.8978190422058105,0.0,nan,1,True,2024,512,crpa_contribution,ebcffb048d2d
2,3,215,176,0.6470588445663452,nan,6.8978190422058105,6.8978190422058105,0.0,nan,1,True,2024,512,crpa_contribution,ebcffb048d2d
2,3,215,185,0.6470588445663452,nan,6.8978190422058105,6.8978190422058105,0.0,nan,1,True,2024,512,crpa_contribution,ebcffb048d2d
2,0,216,201,0.6451612710952759,nan,6.8978190422058105,6.897818565368652,-4.76837158203125e-07,nan,1,True,2024,512,crpa_contribution,ebcffb048d2d
2,3,344,323,0.6451612710952759,nan,6.8978190422058105,6.8978190422058105,0.0,nan,1,True,2024,512,crpa_contribution,ebcffb048d2d
2,2,224,165,0.644444465637207,nan,6.8978190422058105,6.8978190422058105,0.0,nan,1,True,2024,512,crpa_contribution,ebcffb048d2d
2,3,327,283,0.6428571343421936,nan,6.8978190422058105,6.897818565368652,-4.76837158203125e-07,nan,1,True,2024,512,crpa_contribution,ebcffb048d2d
2,4,94,86,0.6428571343421936,nan,6.8978190422058105,6.8978190422058105,0.0,nan,1,True,2024,512,crpa_contribution,ebcffb048d2d
2,4,99,59,0.6428571343421936,nan,6.8978190422058105,6.8978190422058105,0.0,nan,1,True,2024,512,crpa_contribution,ebcffb048d2d
2,3,354,330,0.6410256624221802,nan,6.8978190422058105,6.8978190422058105,0.0,nan,1,True,2024,512,crpa_contribution,ebcffb048d2d
2,4,366,270,0.6399999856948853,nan,6.8978190422058105,6.897818565368652,-4.76837158203125e-07,nan,1,True,2024,512,crpa_contribution,ebcffb048d2d
2,4,366,272,0.6399999856948853,nan,6.8978190422058105,6.8978190422058105,0.0,nan,1,True,2024,512,crpa_contribution,ebcffb048d2d
2,0,254,234,0.6363636255264282,nan,6.8978190422058105,6.8978190422058105,0.0,nan,1,True,2024,512,crpa_contribution,ebcffb048d2d
2,4,352,335,0.6363636255264282,nan,6.8978190422058105,6.8978190422058105,0.0,nan,1,True,2024,512,crpa_contribution,ebcffb048d2d
2,4,35,20,0.6363636255264282,nan,6.8978190422058105,6.897819519042969,4.76837158203125e-07,nan,1,True,2024,512,crpa_contribution,ebcffb048d2d
2,7,113,32,0.6341463327407837,nan,6.8978190422058105,6.897818565368652,-4.76837158203125e-07,nan,1,True,2024,512,crpa_contribution,ebcffb048d2d
2,6,352,256,0.6333333253860474,nan,6.8978190422058105,6.897819519042969,4.76837158203125e-07,nan,1,True,2024,512,crpa_contribution,ebcffb048d2d
2,2,46,0,0.6315789222717285,nan,6.8978190422058105,6.897818565368652,-4.76837158203125e-07,nan,1,True,2024,512,crpa_contribution,ebcffb048d2d
2,7,242,207,0.6315789222717285,nan,6.8978190422058105,6.897818565368652,-4.76837158203125e-07,nan,1,True,2024,512,crpa_contribution,ebcffb048d2d
2,0,483,480,0.6285714507102966,nan,6.8978190422058105,6.8978190422058105,0.0,nan,1,True,2024,512,crpa_contribution,ebcffb048d2d
2,7,472,437,0.6285714507102966,nan,6.8978190422058105,6.897818565368652,-4.76837158203125e-07,nan,1,True,2024,512,crpa_contribution,ebcffb048d2d
2,7,467,391,0.6285714507102966,nan,6.8978190422058105,6.8978190422058105,0.0,nan,1,True,2024,512,crpa_contribution,ebcffb048d2d
2,4,245,143,0.6279069781303406,nan,6.8978190422058105,6.8978190422058105,0.0,nan,1,True,2024,512,crpa_contribution,ebcffb048d2d
2,0,403,388,0.625,nan,6.8978190422058105,6.897818565368652,-4.76837158203125e-07,nan,1,True,2024,512,crpa_contribution,ebcffb048d2d
2,0,160,145,0.625,nan,6.8978190422058105,6.8978190422058105,0.0,nan,1,True,2024,512,crpa_contribution,ebcffb048d2d
2,2,347,268,0.625,nan,6.8978190422058105,6.8978190422058105,0.0,nan,1,True,2024,512,crpa_contribution,ebcffb048d2d
2,2,403,394,0.625,nan,6.8978190422058105,6.897817611694336,-1.430511474609375e-06,nan,1,True,2024,512,crpa_contribution,ebcffb048d2d
2,2,441,416,0.625,nan,6.8978190422058105,6.8978190422058105,0.0,nan,1,True,2024,512,crpa_contribution,ebcffb048d2d
2,2,347,304,0.625,nan,6.8978190422058105,6.8978190422058105,0.0,nan,1,True,2024,512,crpa_contribution,ebcffb048d2d
2,2,323,293,0.625,nan,6.8978190422058105,6.897818565368652,-4.76837158203125e-07,nan,1,True,2024,512,crpa_contribution,ebcffb048d2d
2,7,393,388,0.625,nan,6.8978190422058105,6.89783239364624,1.33514404296875e-05,nan,1,True,2024,512,crpa_contribution,ebcffb048d2d
2,7,398,385,0.625,nan,6.8978190422058105,6.897819519042969,4.76837158203125e-07,nan,1,True,2024,512,crpa_contribution,ebcffb048d2d
2,7,393,204,0.625,nan,6.8978190422058105,6.897818565368652,-4.76837158203125e-07,nan,1,True,2024,512,crpa_contribution,ebcffb048d2d
2,7,157,147,0.625,nan,6.8978190422058105,6.897818565368652,-4.76837158203125e-07,nan,1,True,2024,512,crpa_contribution,ebcffb048d2d
2,7,200,144,0.625,nan,6.8978190422058105,6.8978190422058105,0.0,nan,1,True,2024,512,crpa_contribution,ebcffb048d2d
2,6,231,225,0.6216216087341309,nan,6.8978190422058105,6.8978190422058105,0.0,nan,1,True,2024,512,crpa_contribution,ebcffb048d2d
2,0,244,181,0.6190476417541504,nan,6.8978190422058105,6.8978190422058105,0.0,nan,1,True,2024,512,crpa_contribution,ebcffb048d2d
2,7,123,38,0.6190476417541504,nan,6.8978190422058105,6.8978190422058105,0.0,nan,1,True,2024,512,crpa_contribution,ebcffb048d2d
2,0,80,26,0.6176470518112183,nan,6.8978190422058105,6.8978190422058105,0.0,nan,1,True,2024,512,crpa_contribution,ebcffb048d2d
2,0,68,68,0.6176470518112183,nan,6.8978190422058105,6.8978190422058105,0.0,nan,1,True,2024,512,crpa_contribution,ebcffb048d2d
2,0,80,55,0.6176470518112183,nan,6.8978190422058105,6.8978190422058105,0.0,nan,1,True,2024,512,crpa_contribution,ebcffb048d2d
2,7,364,272,0.6176470518112183,nan,6.8978190422058105,6.8978190422058105,0.0,nan,1,True,2024,512,crpa_contribution,ebcffb048d2d
2,6,244,132,0.6170212626457214,nan,6.8978190422058105,6.8978190422058105,0.0,nan,1,True,2024,512,crpa_contribution,ebcffb048d2d
2,0,65,10,0.6153846383094788,nan,6.8978190422058105,6.897818565368652,-4.76837158203125e-07,nan,1,True,2024,512,crpa_contribution,ebcffb048d2d
2,2,454,417,0.6153846383094788,nan,6.8978190422058105,6.8978190422058105,0.0,nan,1,True,2024,512,crpa_contribution,ebcffb048d2d
2,7,33,2,0.6153846383094788,nan,6.8978190422058105,6.8978190422058105,0.0,nan,1,True,2024,512,crpa_contribution,ebcffb048d2d
2,0,216,145,0.6129032373428345,nan,6.8978190422058105,6.8978190422058105,0.0,nan,1,True,2024,512,crpa_contribution,ebcffb048d2d
2,0,240,164,0.6111111044883728,nan,6.8978190422058105,6.8978190422058105,0.0,nan,1,True,2024,512,crpa_contribution,ebcffb048d2d
2,7,219,135,0.6097561120986938,nan,6.8978190422058105,6.8978190422058105,0.0,nan,1,True,2024,512,crpa_contribution,ebcffb048d2d
2,6,245,129,0.6078431606292725,nan,6.8978190422058105,6.8978190422058105,0.0,nan,1,True,2024,512,crpa_contribution,ebcffb048d2d
2,6,349,334,0.6052631735801697,nan,6.8978190422058105,6.8978190422058105,0.0,nan,1,True,2024,512,crpa_contribution,ebcffb048d2d
2,0,112,107,0.6000000238418579,nan,6.8978190422058105,6.8978190422058105,0.0,nan,1,True,2024,512,crpa_contribution,ebcffb048d2d
2,0,257,257,0.6000000238418579,nan,6.8978190422058105,6.897819519042969,4.76837158203125e-07,nan,1,True,2024,512,crpa_contribution,ebcffb048d2d
2,0,258,102,0.6000000238418579,nan,6.8978190422058105,6.897815227508545,-3.814697265625e-06,nan,1,True,2024,512,crpa_contribution,ebcffb048d2d
2,0,5,4,0.6000000238418579,nan,6.8978190422058105,6.8978190422058105,0.0,nan,1,True,2024,512,crpa_contribution,ebcffb048d2d
2,6,22,10,0.6000000238418579,nan,6.8978190422058105,6.897819995880127,9.5367431640625e-07,nan,1,True,2024,512,crpa_contribution,ebcffb048d2d
2,6,258,204,0.6000000238418579,nan,6.8978190422058105,6.897819995880127,9.5367431640625e-07,nan,1,True,2024,512,crpa_contribution,ebcffb048d2d
2,6,285,54,0.6000000238418579,nan,6.8978190422058105,6.897818088531494,-9.5367431640625e-07,nan,1,True,2024,512,crpa_contribution,ebcffb048d2d
2,6,258,257,0.6000000238418579,nan,6.8978190422058105,6.897820472717285,1.430511474609375e-06,nan,1,True,2024,512,crpa_contribution,ebcffb048d2d
2,6,378,335,0.59375,nan,6.8978190422058105,6.897817611694336,-1.430511474609375e-06,nan,1,True,2024,512,crpa_contribution,ebcffb048d2d
2,6,41,28,0.5909090638160706,nan,6.8978190422058105,6.897818565368652,-4.76837158203125e-07,nan,1,True,2024,512,crpa_contribution,ebcffb048d2d
2,6,29,28,0.5833333134651184,nan,6.8978190422058105,6.8978190422058105,0.0,nan,1,True,2024,512,crpa_contribution,ebcffb048d2d
2,6,473,401,0.5789473652839661,nan,6.8978190422058105,6.8978190422058105,0.0,nan,1,True,2024,512,crpa_contribution,ebcffb048d2d
3,3,4,1,1.0,nan,6.8978190422058105,6.897815227508545,-3.814697265625e-06,nan,1,True,2024,512,crpa_contribution,ebcffb048d2d
3,3,2,0,1.0,nan,6.8978190422058105,6.897819519042969,4.76837158203125e-07,nan,1,True,2024,512,crpa_contribution,ebcffb048d2d
3,4,3,2,1.0,nan,6.8978190422058105,6.8978190422058105,0.0,nan,1,True,2024,512,crpa_contribution,ebcffb048d2d
3,6,2,0,1.0,nan,6.8978190422058105,6.897825241088867,6.198883056640625e-06,nan,1,True,2024,512,crpa_contribution,ebcffb048d2d
3,2,113,26,0.9122806787490845,nan,6.8978190422058105,6.8978190422058105,0.0,nan,1,True,2024,512,crpa_contribution,ebcffb048d2d
3,2,30,13,0.875,nan,6.8978190422058105,6.8978190422058105,0.0,nan,1,True,2024,512,crpa_contribution,ebcffb048d2d
3,2,30,30,0.875,nan,6.8978190422058105,6.8978190422058105,0.0,nan,1,True,2024,512,crpa_contribution,ebcffb048d2d
3,4,81,51,0.8666666746139526,nan,6.8978190422058105,6.8978190422058105,0.0,nan,1,True,2024,512,crpa_contribution,ebcffb048d2d
3,4,52,38,0.8666666746139526,nan,6.8978190422058105,6.8978190422058105,0.0,nan,1,True,2024,512,crpa_contribution,ebcffb048d2d
3,4,63,20,0.8611111044883728,nan,6.8978190422058105,6.8978190422058105,0.0,nan,1,True,2024,512,crpa_contribution,ebcffb048d2d
3,4,63,30,0.8611111044883728,nan,6.8978190422058105,6.8978190422058105,0.0,nan,1,True,2024,512,crpa_contribution,ebcffb048d2d
3,4,133,129,0.8571428656578064,nan,6.8978190422058105,6.897818088531494,-9.5367431640625e-07,nan,1,True,2024,512,crpa_contribution,ebcffb048d2d
3,4,221,179,0.8518518805503845,nan,6.8978190422058105,6.8978190422058105,0.0,nan,1,True,2024,512,crpa_contribution,ebcffb048d2d
3,5,79,55,0.8518518805503845,nan,6.8978190422058105,6.897819519042969,4.76837158203125e-07,nan,1,True,2024,512,crpa_contribution,ebcffb048d2d
3,5,72,41,0.8518518805503845,nan,6.8978190422058105,6.897818565368652,-4.76837158203125e-07,nan,1,True,2024,512,crpa_contribution,ebcffb048d2d
3,4,44,29,0.8461538553237915,nan,6.8978190422058105,6.897818565368652,-4.76837158203125e-07,nan,1,True,2024,512,crpa_contribution,ebcffb048d2d
3,4,31,25,0.8421052694320679,nan,6.8978190422058105,6.8978190422058105,0.0,nan,1,True,2024,512,crpa_contribution,ebcffb048d2d
3,3,425,409,0.8399999737739563,nan,6.8978190422058105,6.8978190422058105,0.0,nan,1,True,2024,512,crpa_contribution,ebcffb048d2d
3,4,57,3,0.8235294222831726,nan,6.8978190422058105,6.8978190422058105,0.0,nan,1,True,2024,512,crpa_contribution,ebcffb048d2d
3,7,499,432,0.8235294222831726,nan,6.8978190422058105,6.8978190422058105,0.0,nan,1,True,2024,512,crpa_contribution,ebcffb048d2d
3,7,119,38,0.8235294222831726,nan,6.8978190422058105,6.8978190422058105,0.0,nan,1,True,2024,512,crpa_contribution,ebcffb048d2d
3,7,119,105,0.8235294222831726,nan,6.8978190422058105,6.8978190422058105,0.0,nan,1,True,2024,512,crpa_contribution,ebcffb048d2d
3,5,373,363,0.8205128312110901,nan,6.8978190422058105,6.8978190422058105,0.0,nan,1,True,2024,512,crpa_contribution,ebcffb048d2d
3,3,116,105,0.8196721076965332,nan,6.8978190422058105,6.8978190422058105,0.0,nan,1,True,2024,512,crpa_contribution,ebcffb048d2d
3,3,498,438,0.8142856955528259,nan,6.8978190422058105,6.8978190422058105,0.0,nan,1,True,2024,512,crpa_contribution,ebcffb048d2d
3,4,237,141,0.8095238208770752,nan,6.8978190422058105,6.897818565368652,-4.76837158203125e-07,nan,1,True,2024,512,crpa_contribution,ebcffb048d2d
3,4,237,217,0.8095238208770752,nan,6.8978190422058105,6.897818565368652,-4.76837158203125e-07,nan,1,True,2024,512,crpa_contribution,ebcffb048d2d
3,4,237,210,0.8095238208770752,nan,6.8978190422058105,6.897818565368652,-4.76837158203125e-07,nan,1,True,2024,512,crpa_contribution,ebcffb048d2d
3,4,237,224,0.8095238208770752,nan,6.8978190422058105,6.8978190422058105,0.0,nan,1,True,2024,512,crpa_contribution,ebcffb048d2d
3,6,325,262,0.8064516186714172,nan,6.8978190422058105,6.897818565368652,-4.76837158203125e-07,nan,1,True,2024,512,crpa_contribution,ebcffb048d2d
3,6,325,269,0.8064516186714172,nan,6.8978190422058105,6.8978190422058105,0.0,nan,1,True,2024,512,crpa_contribution,ebcffb048d2d
3,3,244,128,0.8059701323509216,nan,6.8978190422058105,6.8978190422058105,0.0,nan,1,True,2024,512,crpa_contribution,ebcffb048d2d
3,6,84,8,0.8055555820465088,nan,6.8978190422058105,6.8978190422058105,0.0,nan,1,True,2024,512,crpa_contribution,ebcffb048d2d
3,4,354,321,0.8032786846160889,nan,6.8978190422058105,6.8978190422058105,0.0,nan,1,True,2024,512,crpa_contribution,ebcffb048d2d
3,4,228,183,0.8032786846160889,nan,6.8978190422058105,6.8978190422058105,0.0,nan,1,True,2024,512,crpa_contribution,ebcffb048d2d
3,4,110,54,0.800000011920929,nan,6.8978190422058105,6.8978190422058105,0.0,nan,1,True,2024,512,crpa_contribution,ebcffb048d2d
3,4,496,469,0.800000011920929,nan,6.8978190422058105,6.8978190422058105,0.0,nan,1,True,2024,512,crpa_contribution,ebcffb048d2d
3,4,69,61,0.7948718070983887,nan,6.8978190422058105,6.897818565368652,-4.76837158203125e-07,nan,1,True,2024,512,crpa_contribution,ebcffb048d2d
3,4,120,99,0.7887324094772339,nan,6.8978190422058105,6.8978190422058105,0.0,nan,1,True,2024,512,crpa_contribution,ebcffb048d2d
3,4,120,86,0.7887324094772339,nan,6.8978190422058105,6.8978190422058105,0.0,nan,1,True,2024,512,crpa_contribution,ebcffb048d2d
3,4,425,403,0.7857142686843872,nan,6.8978190422058105,6.897818565368652,-4.76837158203125e-07,nan,1,True,2024,512,crpa_contribution,ebcffb048d2d
3,7,347,318,0.7857142686843872,nan,6.8978190422058105,6.8978190422058105,0.0,nan,1,True,2024,512,crpa_contribution,ebcffb048d2d
3,4,185,147,0.7837837934494019,nan,6.8978190422058105,6.8978190422058105,0.0,nan,1,True,2024,512,crpa_contribution,ebcffb048d2d
3,4,185,140,0.7837837934494019,nan,6.8978190422058105,6.8978190422058105,0.0,nan,1,True,2024,512,crpa_contribution,ebcffb048d2d
3,2,105,5,0.7818182110786438,nan,6.8978190422058105,6.8978190422058105,0.0,nan,1,True,2024,512,crpa_contribution,ebcffb048d2d
3,2,106,60,0.7818182110786438,nan,6.8978190422058105,6.8978190422058105,0.0,nan,1,True,2024,512,crpa_contribution,ebcffb048d2d
3,6,107,62,0.7755101919174194,nan,6.8978190422058105,6.8978190422058105,0.0,nan,1,True,2024,512,crpa_contribution,ebcffb048d2d
3,6,107,69,0.7755101919174194,nan,6.8978190422058105,6.8978190422058105,0.0,nan,1,True,2024,512,crpa_contribution,ebcffb048d2d
3,3,59,41,0.7692307829856873,nan,6.8978190422058105,6.8978190422058105,0.0,nan,1,True,2024,512,crpa_contribution,ebcffb048d2d
3,2,25,4,0.7647058963775635,nan,6.8978190422058105,6.8978190422058105,0.0,nan,1,True,2024,512,crpa_contribution,ebcffb048d2d
3,3,24,13,0.7647058963775635,nan,6.8978190422058105,6.8978190422058105,0.0,nan,1,True,2024,512,crpa_contribution,ebcffb048d2d
3,3,506,457,0.7638888955116272,nan,6.8978190422058105,6.897818565368652,-4.76837158203125e-07,nan,1,True,2024,512,crpa_contribution,ebcffb048d2d
3,3,355,331,0.7627118825912476,nan,6.8978190422058105,6.8978190422058105,0.0,nan,1,True,2024,512,crpa_contribution,ebcffb048d2d
3,3,355,282,0.7627118825912476,nan,6.8978190422058105,6.8978190422058105,0.0,nan,1,True,2024,512,crpa_contribution,ebcffb048d2d
3,3,350,301,0.7627118825912476,nan,6.8978190422058105,6.8978190422058105,0.0,nan,1,True,2024,512,crpa_contribution,ebcffb048d2d
3,3,355,315,0.7627118825912476,nan,6.8978190422058105,6.8978190422058105,0.0,nan,1,True,2024,512,crpa_contribution,ebcffb048d2d
3,3,157,137,0.761904776096344,nan,6.8978190422058105,6.8978190422058105,0.0,nan,1,True,2024,512,crpa_contribution,ebcffb048d2d
3,7,99,29,0.7567567825317383,nan,6.8978190422058105,6.8978190422058105,0.0,nan,1,True,2024,512,crpa_contribution,ebcffb048d2d
3,2,354,304,0.7543859481811523,nan,6.8978190422058105,6.8978190422058105,0.0,nan,1,True,2024,512,crpa_contribution,ebcffb048d2d
3,3,237,192,0.7540983557701111,nan,6.8978190422058105,6.897818565368652,-4.76837158203125e-07,nan,1,True,2024,512,crpa_contribution,ebcffb048d2d
3,3,237,137,0.7540983557701111,nan,6.8978190422058105,6.8978190422058105,0.0,nan,1,True,2024,512,crpa_contribution,ebcffb048d2d
3,0,14,2,0.75,nan,6.8978190422058105,6.8978190422058105,0.0,nan,1,True,2024,512,crpa_contribution,ebcffb048d2d
3,2,78,48,0.75,nan,6.8978190422058105,6.8978190422058105,0.0,nan,1,True,2024,512,crpa_contribution,ebcffb048d2d
3,2,411,401,0.75,nan,6.8978190422058105,6.8978190422058105,0.0,nan,1,True,2024,512,crpa_contribution,ebcffb048d2d
3,2,311,261,0.75,nan,6.8978190422058105,6.8978190422058105,0.0,nan,1,True,2024,512,crpa_contribution,ebcffb048d2d
3,3,17,9,0.75,nan,6.8978190422058105,6.897818565368652,-4.76837158203125e-07,nan,1,True,2024,512,crpa_contribution,ebcffb048d2d
3,3,252,213,0.75,nan,6.8978190422058105,6.8978190422058105,0.0,nan,1,True,2024,512,crpa_contribution,ebcffb048d2d
3,3,5,2,0.75,nan,6.8978190422058105,6.897818088531494,-9.5367431640625e-07,nan,1,True,2024,512,crpa_contribution,ebcffb048d2d
3,6,333,314,0.75,nan,6.8978190422058105,6.8978190422058105,0.0,nan,1,True,2024,512,crpa_contribution,ebcffb048d2d
3,6,7,4,0.75,nan,6.8978190422058105,6.897819519042969,4.76837158203125e-07,nan,1,True,2024,512,crpa_contribution,ebcffb048d2d
3,6,23,8,0.75,nan,6.8978190422058105,6.8978190422058105,0.0,nan,1,True,2024,512,crpa_contribution,ebcffb048d2d
3,6,505,435,0.7454545497894287,nan,6.8978190422058105,6.8978190422058105,0.0,nan,1,True,2024,512,crpa_contribution,ebcffb048d2d
3,3,75,35,0.7441860437393188,nan,6.8978190422058105,6.897818565368652,-4.76837158203125e-07,nan,1,True,2024,512,crpa_contribution,ebcffb048d2d
3,3,188,181,0.7435897588729858,nan,6.8978190422058105,6.8978190422058105,0.0,nan,1,True,2024,512,crpa_contribution,ebcffb048d2d
3,3,369,271,0.7428571581840515,nan,6.8978190422058105,6.8978190422058105,0.0,nan,1,True,2024,512,crpa_contribution,ebcffb048d2d
3,3,369,272,0.7428571581840515,nan,6.8978190422058105,6.8978190422058105,0.0,nan,1,True,2024,512,crpa_contribution,ebcffb048d2d
3,1,347,291,0.7407407164573669,nan,6.8978190422058105,6.8978190422058105,0.0,nan,1,True,2024,512,crpa_contribution,ebcffb048d2d
3,3,475,420,0.7407407164573669,nan,6.8978190422058105,6.8978190422058105,0.0,nan,1,True,2024,512,crpa_contribution,ebcffb048d2d
3,5,366,257,0.7407407164573669,nan,6.8978190422058105,6.8978190422058105,0.0,nan,1,True,2024,512,crpa_contribution,ebcffb048d2d
3,7,366,272,0.7407407164573669,nan,6.8978190422058105,6.8978190422058105,0.0,nan,1,True,2024,512,crpa_contribution,ebcffb048d2d
3,6,80,36,0.7352941036224365,nan,6.8978190422058105,6.8978190422058105,0.0,nan,1,True,2024,512,crpa_contribution,ebcffb048d2d
3,2,305,268,0.7333333492279053,nan,6.8978190422058105,6.8978190422058105,0.0,nan,1,True,2024,512,crpa_contribution,ebcffb048d2d
3,2,96,9,0.7291666865348816,nan,6.8978190422058105,6.8978190422058105,0.0,nan,1,True,2024,512,crpa_contribution,ebcffb048d2d
3,1,241,144,0.7272727489471436,nan,6.8978190422058105,6.897818565368652,-4.76837158203125e-07,nan,1,True,2024,512,crpa_contribution,ebcffb048d2d
3,6,25,23,0.7272727489471436,nan,6.8978190422058105,6.897819519042969,4.76837158203125e-07,nan,1,True,2024,512,crpa_contribution,ebcffb048d2d
3,6,25,10,0.7272727489471436,nan,6.8978190422058105,6.897819995880127,9.5367431640625e-07,nan,1,True,2024,512,crpa_contribution,ebcffb048d2d
3,6,107,43,0.7254902124404907,nan,6.8978190422058105,6.897819519042969,4.76837158203125e-07,nan,1,True,2024,512,crpa_contribution,ebcffb048d2d
3,7,223,204,0.7234042286872864,nan,6.8978190422058105,6.8978190422058105,0.0,nan,1,True,2024,512,crpa_contribution,ebcffb048d2d
3,2,246,246,0.7230769395828247,nan,6.8978190422058105,6.8978190422058105,0.0,nan,1,True,2024,512,crpa_contribution,ebcffb048d2d
3,7,164,153,0.7222222089767456,nan,6.8978190422058105,6.8978190422058105,0.0,nan,1,True,2024,512,crpa_contribution,ebcffb048d2d
3,1,472,420,0.7142857313156128,nan,6.8978190422058105,6.8978190422058105,0.0,nan,1,True,2024,512,crpa_contribution,ebcffb048d2d
3,2,22,12,0.7142857313156128,nan,6.8978190422058105,6.897819519042969,4.76837158203125e-07,nan,1,True,2024,512,crpa_contribution,ebcffb048d2d
3,5,438,403,0.7142857313156128,nan,6.8978190422058105,6.8978190422058105,0.0,nan,1,True,2024,512,crpa_contribution,ebcffb048d2d
3,6,296,269,0.7142857313156128,nan,6.8978190422058105,6.8978190422058105,0.0,nan,1,True,2024,512,crpa_contribution,ebcffb048d2d
3,6,73,50,0.7142857313156128,nan,6.8978190422058105,6.8978190422058105,0.0,nan,1,True,2024,512,crpa_contribution,ebcffb048d2d
3,6,78,77,0.7142857313156128,nan,6.8978190422058105,6.8978190422058105,0.0,nan,1,True,2024,512,crpa_contribution,ebcffb048d2d
3,6,29,8,0.7142857313156128,nan,6.8978190422058105,6.897818565368652,-4.76837158203125e-07,nan,1,True,2024,512,crpa_contribution,ebcffb048d2d
3,6,10,8,0.7142857313156128,nan,6.8978190422058105,6.8978190422058105,0.0,nan,1,True,2024,512,crpa_contribution,ebcffb048d2d
3,7,225,140,0.7142857313156128,nan,6.8978190422058105,6.8978190422058105,0.0,nan,1,True,2024,512,crpa_contribution,ebcffb048d2d
3,1,211,181,0.7083333134651184,nan,6.8978190422058105,6.8978190422058105,0.0,nan,1,True,2024,512,crpa_contribution,ebcffb048d2d
3,1,207,141,0.7083333134651184,nan,6.8978190422058105,6.8978190422058105,0.0,nan,1,True,2024,512,crpa_contribution,ebcffb048d2d
3,6,106,13,0.7083333134651184,nan,6.8978190422058105,6.897818565368652,-4.76837158203125e-07,nan,1,True,2024,512,crpa_contribution,ebcffb048d2d
3,6,92,53,0.7083333134651184,nan,6.8978190422058105,6.8978190422058105,0.0,nan,1,True,2024,512,crpa_contribution,ebcffb048d2d
3,6,92,8,0.7083333134651184,nan,6.8978190422058105,6.8978190422058105,0.0,nan,1,True,2024,512,crpa_contribution,ebcffb048d2d
3,6,303,261,0.7083333134651184,nan,6.8978190422058105,6.8978190422058105,0.0,nan,1,True,2024,512,crpa_contribution,ebcffb048d2d
3,6,303,292,0.7083333134651184,nan,6.8978190422058105,6.897818088531494,-9.5367431640625e-07,nan,1,True,2024,512,crpa_contribution,ebcffb048d2d
3,2,99,29,0.7017543911933899,nan,6.8978190422058105,6.8978190422058105,0.0,nan,1,True,2024,512,crpa_contribution,ebcffb048d2d
3,1,39,2,0.699999988079071,nan,6.8978190422058105,6.8978190422058105,0.0,nan,1,True,2024,512,crpa_contribution,ebcffb048d2d
3,0,246,167,0.6973684430122375,nan,6.8978190422058105,6.8978190422058105,0.0,nan,1,True,2024,512,crpa_contribution,ebcffb048d2d
3,0,248,203,0.6973684430122375,nan,6.8978190422058105,6.897818565368652,-4.76837158203125e-07,nan,1,True,2024,512,crpa_contribution,ebcffb048d2d
3,0,160,145,0.695652186870575,nan,6.8978190422058105,6.8978190422058105,0.0,nan,1,True,2024,512,crpa_contribution,ebcffb048d2d
3,2,37,0,0.695652186870575,nan,6.8978190422058105,6.8978190422058105,0.0,nan,1,True,2024,512,crpa_contribution,ebcffb048d2d
3,2,37,20,0.695652186870575,nan,6.8978190422058105,6.897819519042969,4.76837158203125e-07,nan,1,True,2024,512,crpa_contribution,ebcffb048d2d
3,2,117,96,0.692307710647583,nan,6.8978190422058105,6.8978190422058105,0.0,nan,1,True,2024,512,crpa_contribution,ebcffb048d2d
3,2,317,289,0.6904761791229248,nan,6.8978190422058105,6.8978190422058105,0.0,nan,1,True,2024,512,crpa_contribution,ebcffb048d2d
3,2,88,73,0.6888889074325562,nan,6.8978190422058105,6.897818565368652,-4.76837158203125e-07,nan,1,True,2024,512,crpa_contribution,ebcffb048d2d
3,1,160,139,0.6875,nan,6.8978190422058105,6.8978190422058105,0.0,nan,1,True,2024,512,crpa_contribution,ebcffb048d2d
3,5,161,144,0.6875,nan,6.8978190422058105,6.8978190422058105,0.0,nan,1,True,2024,512,crpa_contribution,ebcffb048d2d
3,7,93,23,0.6875,nan,6.8978190422058105,6.8978190422058105,0.0,nan,1,True,2024,512,crpa_contribution,ebcffb048d2d
3,7,160,151,0.6875,nan,6.8978190422058105,6.8978190422058105,0.0,nan,1,True,2024,512,crpa_contribution,ebcffb048d2d
3,7,93,53,0.6875,nan,6.8978190422058105,6.8978190422058105,0.0,nan,1,True,2024,512,crpa_contribution,ebcffb048d2d
3,2,509,435,0.6857143044471741,nan,6.8978190422058105,6.8978190422058105,0.0,nan,1,True,2024,512,crpa_contribution,ebcffb048d2d
3,2,504,396,0.6857143044471741,nan,6.8978190422058105,6.8978190422058105,0.0,nan,1,True,2024,512,crpa_contribution,ebcffb048d2d
3,2,487,466,0.6833333373069763,nan,6.8978190422058105,6.8978190422058105,0.0,nan,1,True,2024,512,crpa_contribution,ebcffb048d2d
3,7,107,90,0.6774193644523621,nan,6.8978190422058105,6.8978190422058105,0.0,nan,1,True,2024,512,crpa_contribution,ebcffb048d2d
3,0,60,17,0.6764705777168274,nan,6.8978190422058105,6.8978190422058105,0.0,nan,1,True,2024,512,crpa_contribution,ebcffb048d2d
3,2,254,235,0.6764705777168274,nan,6.8978190422058105,6.8978190422058105,0.0,nan,1,True,2024,512,crpa_contribution,ebcffb048d2d
3,7,248,199,0.675000011920929,nan,6.8978190422058105,6.897818565368652,-4.76837158203125e-07,nan,1,True,2024,512,crpa_contribution,ebcffb048d2d
3,0,63,3,0.6744186282157898,nan,6.8978190422058105,6.8978190422058105,0.0,nan,1,True,2024,512,crpa_contribution,ebcffb048d2d
3,0,506,470,0.6707317233085632,nan,6.8978190422058105,6.8978190422058105,0.0,nan,1,True,2024,512,crpa_contribution,ebcffb048d2d
3,0,40,14,0.6666666865348816,nan,6.8978190422058105,6.897818565368652,-4.76837158203125e-07,nan,1,True,2024,512,crpa_contribution,ebcffb048d2d
3,1,427,406,0.6666666865348816,nan,6.8978190422058105,6.897818565368652,-4.76837158203125e-07,nan,1,True,2024,512,crpa_contribution,ebcffb048d2d
3,1,152,144,0.6666666865348816,nan,6.8978190422058105,6.897818565368652,-4.76837158203125e-07,nan,1,True,2024,512,crpa_contribution,ebcffb048d2d
3,1,153,144,0.6666666865348816,nan,6.8978190422058105,6.8978190422058105,0.0,nan,1,True,2024,512,crpa_contribution,ebcffb048d2d
3,1,152,150,0.6666666865348816,nan,6.8978190422058105,6.8978190422058105,0.0,nan,1,True,2024,512,crpa_contribution,ebcffb048d2d
3,1,438,401,0.6666666865348816,nan,6.8978190422058105,6.8978190422058105,0.0,nan,1,True,2024,512,crpa_contribution,ebcffb048d2d
3,5,112,46,0.6666666865348816,nan,6.8978190422058105,6.8978190422058105,0.0,nan,1,True,2024,512,crpa_contribution,ebcffb048d2d
3,5,2,1,0.6666666865348816,nan,6.8978190422058105,6.897819519042969,4.76837158203125e-07,nan,1,True,2024,512,crpa_contribution,ebcffb048d2d
3,7,6,1,0.6666666865348816,nan,6.8978190422058105,6.897818088531494,-9.5367431640625e-07,nan,1,True,2024,512,crpa_contribution,ebcffb048d2d
3,7,238,144,0.6666666865348816,nan,6.8978190422058105,6.8978190422058105,0.0,nan,1,True,2024,512,crpa_contribution,ebcffb048d2d
3,0,464,414,0.6607142686843872,nan,6.8978190422058105,6.8978190422058105,0.0,nan,1,True,2024,512,crpa_contribution,ebcffb048d2d
3,0,465,453,0.6607142686843872,nan,6.8978190422058105,6.897818565368652,-4.76837158203125e-07,nan,1,True,2024,512,crpa_contribution,ebcffb048d2d
3,5,248,152,0.6585366129875183,nan,6.8978190422058105,6.8978190422058105,0.0,nan,1,True,2024,512,crpa_contribution,ebcffb048d2d
3,7,72,57,0.6551724076271057,nan,6.8978190422058105,6.8978190422058105,0.0,nan,1,True,2024,512,crpa_contribution,ebcffb048d2d
3,0,86,49,0.6499999761581421,nan,6.8978190422058105,6.8978190422058105,0.0,nan,1,True,2024,512,crpa_contribution,ebcffb048d2d
3,1,255,128,0.6499999761581421,nan,6.8978190422058105,6.897819519042969,4.76837158203125e-07,nan,1,True,2024,512,crpa_contribution,ebcffb048d2d
3,7,338,299,0.6499999761581421,nan,6.8978190422058105,6.897818565368652,-4.76837158203125e-07,nan,1,True,2024,512,crpa_contribution,ebcffb048d2d
3,7,338,304,0.6499999761581421,nan,6.8978190422058105,6.8978190422058105,0.0,nan,1,True,2024,512,crpa_contribution,ebcffb048d2d
3,5,241,171,0.6486486196517944,nan,6.8978190422058105,6.8978190422058105,0.0,nan,1,True,2024,512,crpa_contribution,ebcffb048d2d
3,0,234,139,0.6481481194496155,nan,6.8978190422058105,6.897818565368652,-4.76837158203125e-07,nan,1,True,2024,512,crpa_contribution,ebcffb048d2d
3,0,234,214,0.6481481194496155,nan,6.8978190422058105,6.8978190422058105,0.0,nan,1,True,2024,512,crpa_contribution,ebcffb048d2d
3,5,152,144,0.6470588445663452,nan,6.8978190422058105,6.897818565368652,-4.76837158203125e-07,nan,1,True,2024,512,crpa_contribution,ebcffb048d2d
3,1,481,474,0.6458333134651184,nan,6.8978190422058105,6.8978190422058105,0.0,nan,1,True,2024,512,crpa_contribution,ebcffb048d2d
3,1,481,434,0.6458333134651184,nan,6.8978190422058105,6.8978190422058105,0.0,nan,1,True,2024,512,crpa_contribution,ebcffb048d2d
3,1,348,347,0.6451612710952759,nan,6.8978190422058105,6.897819519042969,4.76837158203125e-07,nan,1,True,2024,512,crpa_contribution,ebcffb048d2d
3,1,246,195,0.6451612710952759,nan,6.8978190422058105,6.8978190422058105,0.0,nan,1,True,2024,512,crpa_contribution,ebcffb048d2d
3,0,39,31,0.6428571343421936,nan,6.8978190422058105,6.897818565368652,-4.76837158203125e-07,nan,1,True,2024,512,crpa_contribution,ebcffb048d2d
3,0,418,395,0.6399999856948853,nan,6.8978190422058105,6.897818565368652,-4.76837158203125e-07,nan,1,True,2024,512,crpa_contribution,ebcffb048d2d
3,0,468,422,0.6363636255264282,nan,6.8978190422058105,6.897819519042969,4.76837158203125e-07,nan,1,True,2024,512,crpa_contribution,ebcffb048d2d
3,7,38,8,0.6363636255264282,nan,6.8978190422058105,6.897819519042969,4.76837158203125e-07,nan,1,True,2024,512,crpa_contribution,ebcffb048d2d
3,5,245,132,0.6346153616905212,nan,6.8978190422058105,6.8978190422058105,0.0,nan,1,True,2024,512,crpa_contribution,ebcffb048d2d
3,0,190,102,0.6341463327407837,nan,6.8978190422058105,6.8978190422058105,0.0,nan,1,True,2024,512,crpa_contribution,ebcffb048d2d
3,0,65,4,0.6304348111152649,nan,6.8978190422058105,6.8978190422058105,0.0,nan,1,True,2024,512,crpa_contribution,ebcffb048d2d
3,1,82,28,0.6296296119689941,nan,6.8978190422058105,6.8978190422058105,0.0,nan,1,True,2024,512,crpa_contribution,ebcffb048d2d
3,1,64,45,0.6296296119689941,nan,6.8978190422058105,6.8978190422058105,0.0,nan,1,True,2024,512,crpa_contribution,ebcffb048d2d
3,7,207,154,0.6296296119689941,nan,6.8978190422058105,6.8978190422058105,0.0,nan,1,True,2024,512,crpa_contribution,ebcffb048d2d
3,7,102,90,0.6285714507102966,nan,6.8978190422058105,6.8978190422058105,0.0,nan,1,True,2024,512,crpa_contribution,ebcffb048d2d
3,0,239,132,0.6282051205635071,nan,6.8978190422058105,6.8978190422058105,0.0,nan,1,True,2024,512,crpa_contribution,ebcffb048d2d
3,7,112,105,0.6279069781303406,nan,6.8978190422058105,6.897818565368652,-4.76837158203125e-07,nan,1,True,2024,512,crpa_contribution,ebcffb048d2d
3,0,9,9,0.625,nan,6.8978190422058105,6.897818565368652,-4.76837158203125e-07,nan,1,True,2024,512,crpa_contribution,ebcffb048d2d
3,0,399,384,0.625,nan,6.8978190422058105,6.8978190422058105,0.0,nan,1,True,2024,512,crpa_contribution,ebcffb048d2d
3,0,372,256,0.6231883764266968,nan,6.8978190422058105,6.897819519042969,4.76837158203125e-07,nan,1,True,2024,512,crpa_contribution,ebcffb048d2d
3,0,175,172,0.6216216087341309,nan,6.8978190422058105,6.8978190422058105,0.0,nan,1,True,2024,512,crpa_contribution,ebcffb048d2d
3,0,186,132,0.6216216087341309,nan,6.8978190422058105,6.897818565368652,-4.76837158203125e-07,nan,1,True,2024,512,crpa_contribution,ebcffb048d2d
3,1,180,180,0.6190476417541504,nan,6.8978190422058105,6.8978190422058105,0.0,nan,1,True,2024,512,crpa_contribution,ebcffb048d2d
3,1,488,385,0.6176470518112183,nan,6.8978190422058105,6.897818565368652,-4.76837158203125e-07,nan,1,True,2024,512,crpa_contribution,ebcffb048d2d
3,1,488,404,0.6176470518112183,nan,6.8978190422058105,6.8978190422058105,0.0,nan,1,True,2024,512,crpa_contribution,ebcffb048d2d
3,5,213,213,0.6176470518112183,nan,6.8978190422058105,6.8978190422058105,0.0,nan,1,True,2024,512,crpa_contribution,ebcffb048d2d
3,5,213,207,0.6176470518112183,nan,6.8978190422058105,6.8978190422058105,0.0,nan,1,True,2024,512,crpa_contribution,ebcffb048d2d
3,1,91,7,0.6097561120986938,nan,6.8978190422058105,6.8978190422058105,0.0,nan,1,True,2024,512,crpa_contribution,ebcffb048d2d
3,1,91,78,0.6097561120986938,nan,6.8978190422058105,6.8978190422058105,0.0,nan,1,True,2024,512,crpa_contribution,ebcffb048d2d
3,7,117,13,0.6078431606292725,nan,6.8978190422058105,6.8978190422058105,0.0,nan,1,True,2024,512,crpa_contribution,ebcffb048d2d
3,5,246,192,0.6000000238418579,nan,6.8978190422058105,6.8978190422058105,0.0,nan,1,True,2024,512,crpa_contribution,ebcffb048d2d
3,5,328,272,0.6000000238418579,nan,6.8978190422058105,6.897818565368652,-4.76837158203125e-07,nan,1,True,2024,512,crpa_contribution,ebcffb048d2d
3,5,10,5,0.6000000238418579,nan,6.8978190422058105,6.897818565368652,-4.76837158203125e-07,nan,1,True,2024,512,crpa_contribution,ebcffb048d2d
3,5,333,257,0.6000000238418579,nan,6.8978190422058105,6.8978190422058105,0.0,nan,1,True,2024,512,crpa_contribution,ebcffb048d2d
3,5,76,48,0.59375,nan,6.8978190422058105,6.897818565368652,-4.76837158203125e-07,nan,1,True,2024,512,crpa_contribution,ebcffb048d2d
3,5,380,341,0.5869565010070801,nan,6.8978190422058105,6.8978190422058105,0.0,nan,1,True,2024,512,crpa_contribution,ebcffb048d2d
3,5,118,61,0.5853658318519592,nan,6.8978190422058105,6.8978190422058105,0.0,nan,1,True,2024,512,crpa_contribution,ebcffb048d2d
3,5,271,271,0.5833333134651184,nan,6.8978190422058105,6.897819519042969,4.76837158203125e-07,nan,1,True,2024,512,crpa_contribution,ebcffb048d2d
3,5,492,419,0.5799999833106995,nan,6.8978190422058105,6.8978190422058105,0.0,nan,1,True,2024,512,crpa_contribution,ebcffb048d2d
3,5,364,282,0.5789473652839661,nan,6.8978190422058105,6.8978190422058105,0.0,nan,1,True,2024,512,crpa_contribution,ebcffb048d2d
4,1,3,3,1.0,nan,6.8978190422058105,6.897820949554443,1.9073486328125e-06,nan,1,True,2024,512,crpa_contribution,ebcffb048d2d
4,1,4,2,1.0,nan,6.8978190422058105,6.897818088531494,-9.5367431640625e-07,nan,1,True,2024,512,crpa_contribution,ebcffb048d2d
4,2,4,1,1.0,nan,6.8978190422058105,6.897821426391602,2.384185791015625e-06,nan,1,True,2024,512,crpa_contribution,ebcffb048d2d
4,5,24,19,0.9375,nan,6.8978190422058105,6.8978190422058105,0.0,nan,1,True,2024,512,crpa_contribution,ebcffb048d2d
4,5,24,3,0.9375,nan,6.8978190422058105,6.8978190422058105,0.0,nan,1,True,2024,512,crpa_contribution,ebcffb048d2d
4,7,30,10,0.9230769276618958,nan,6.8978190422058105,6.8978190422058105,0.0,nan,1,True,2024,512,crpa_contribution,ebcffb048d2d
4,7,30,27,0.9230769276618958,nan,6.8978190422058105,6.897818565368652,-4.76837158203125e-07,nan,1,True,2024,512,crpa_contribution,ebcffb048d2d
4,7,64,9,0.8965517282485962,nan,6.8978190422058105,6.8978190422058105,0.0,nan,1,True,2024,512,crpa_contribution,ebcffb048d2d
4,7,21,9,0.8888888955116272,nan,6.8978190422058105,6.897818565368652,-4.76837158203125e-07,nan,1,True,2024,512,crpa_contribution,ebcffb048d2d
4,7,39,27,0.875,nan,6.8978190422058105,6.897818565368652,-4.76837158203125e-07,nan,1,True,2024,512,crpa_contribution,ebcffb048d2d
4,5,34,17,0.8695651888847351,nan,6.8978190422058105,6.8978190422058105,0.0,nan,1,True,2024,512,crpa_contribution,ebcffb048d2d
4,7,14,10,0.8571428656578064,nan,6.8978190422058105,6.897818565368652,-4.76837158203125e-07,nan,1,True,2024,512,crpa_contribution,ebcffb048d2d
4,5,153,151,0.8500000238418579,nan,6.8978190422058105,6.897819519042969,4.76837158203125e-07,nan,1,True,2024,512,crpa_contribution,ebcffb048d2d
4,5,98,97,0.84375,nan,6.8978190422058105,6.8978190422058105,0.0,nan,1,True,2024,512,crpa_contribution,ebcffb048d2d
4,1,8,2,0.8333333134651184,nan,6.8978190422058105,6.8978190422058105,0.0,nan,1,True,2024,512,crpa_contribution,ebcffb048d2d
4,4,11,9,0.8333333134651184,nan,6.8978190422058105,6.897819995880127,9.5367431640625e-07,nan,1,True,2024,512,crpa_contribution,ebcffb048d2d
4,5,8,5,0.8333333134651184,nan,6.8978190422058105,6.897819995880127,9.5367431640625e-07,nan,1,True,2024,512,crpa_contribution,ebcffb048d2d
4,7,13,8,0.8333333134651184,nan,6.8978190422058105,6.897820472717285,1.430511474609375e-06,nan,1,True,2024,512,crpa_contribution,ebcffb048d2d
4,5,97,59,0.828125,nan,6.8978190422058105,6.8978190422058105,0.0,nan,1,True,2024,512,crpa_contribution,ebcffb048d2d
4,5,86,31,0.8245614171028137,nan,6.8978190422058105,6.8978190422058105,0.0,nan,1,True,2024,512,crpa_contribution,ebcffb048d2d
4,5,31,3,0.8181818127632141,nan,6.8978190422058105,6.897819519042969,4.76837158203125e-07,nan,1,True,2024,512,crpa_contribution,ebcffb048d2d
4,5,101,41,0.8153846263885498,nan,6.8978190422058105,6.8978190422058105,0.0,nan,1,True,2024,512,crpa_contribution,ebcffb048d2d
4,5,29,10,0.8095238208770752,nan,6.8978190422058105,6.8978190422058105,0.0,nan,1,True,2024,512,crpa_contribution,ebcffb048d2d
4,4,453,423,0.8055555820465088,nan,6.8978190422058105,6.8978190422058105,0.0,nan,1,True,2024,512,crpa_contribution,ebcffb048d2d
4,4,453,306,0.8055555820465088,nan,6.8978190422058105,6.897818565368652,-4.76837158203125e-07,nan,1,True,2024,512,crpa_contribution,ebcffb048d2d
4,4,96,21,0.804347813129425,nan,6.8978190422058105,6.8978190422058105,0.0,nan,1,True,2024,512,crpa_contribution,ebcffb048d2d
4,1,243,216,0.800000011920929,nan,6.8978190422058105,6.8978190422058105,0.0,nan,1,True,2024,512,crpa_contribution,ebcffb048d2d
4,4,450,441,0.800000011920929,nan,6.8978190422058105,6.8978190422058105,0.0,nan,1,True,2024,512,crpa_contribution,ebcffb048d2d
4,4,447,407,0.800000011920929,nan,6.8978190422058105,6.8978190422058105,0.0,nan,1,True,2024,512,crpa_contribution,ebcffb048d2d
4,5,21,15,0.800000011920929,nan,6.8978190422058105,6.8978190422058105,0.0,nan,1,True,2024,512,crpa_contribution,ebcffb048d2d
4,5,21,17,0.800000011920929,nan,6.8978190422058105,6.8978190422058105,0.0,nan,1,True,2024,512,crpa_contribution,ebcffb048d2d
4,4,355,300,0.7962962985038757,nan,6.8978190422058105,6.8978190422058105,0.0,nan,1,True,2024,512,crpa_contribution,ebcffb048d2d
4,4,355,265,0.7962962985038757,nan,6.8978190422058105,6.8978190422058105,0.0,nan,1,True,2024,512,crpa_contribution,ebcffb048d2d
4,4,355,306,0.7962962985038757,nan,6.8978190422058105,6.8978190422058105,0.0,nan,1,True,2024,512,crpa_contribution,ebcffb048d2d
4,1,472,403,0.795918345451355,nan,6.8978190422058105,6.8978190422058105,0.0,nan,1,True,2024,512,crpa_contribution,ebcffb048d2d
4,0,323,305,0.7948718070983887,nan,6.8978190422058105,6.897818565368652,-4.76837158203125e-07,nan,1,True,2024,512,crpa_contribution,ebcffb048d2d
4,1,109,54,0.7936508059501648,nan,6.8978190422058105,6.8978190422058105,0.0,nan,1,True,2024,512,crpa_contribution,ebcffb048d2d
4,5,40,28,0.7931034564971924,nan,6.8978190422058105,6.8978190422058105,0.0,nan,1,True,2024,512,crpa_contribution,ebcffb048d2d
4,5,156,138,0.7916666865348816,nan,6.8978190422058105,6.8978190422058105,0.0,nan,1,True,2024,512,crpa_contribution,ebcffb048d2d
4,5,156,150,0.7916666865348816,nan,6.8978190422058105,6.897819519042969,4.76837158203125e-07,nan,1,True,2024,512,crpa_contribution,ebcffb048d2d
4,5,345,300,0.7903226017951965,nan,6.8978190422058105,6.8978190422058105,0.0,nan,1,True,2024,512,crpa_contribution,ebcffb048d2d
4,7,80,36,0.7894737124443054,nan,6.8978190422058105,6.8978190422058105,0.0,nan,1,True,2024,512,crpa_contribution,ebcffb048d2d
4,7,254,131,0.7894737124443054,nan,6.8978190422058105,6.8978190422058105,0.0,nan,1,True,2024,512,crpa_contribution,ebcffb048d2d
4,7,430,412,0.782608687877655,nan,6.8978190422058105,6.897818565368652,-4.76837158203125e-07,nan,1,True,2024,512,crpa_contribution,ebcffb048d2d
4,1,58,0,0.7777777910232544,nan,6.8978190422058105,6.8978190422058105,0.0,nan,1,True,2024,512,crpa_contribution,ebcffb048d2d
4,1,58,47,0.7777777910232544,nan,6.8978190422058105,6.897818565368652,-4.76837158203125e-07,nan,1,True,2024,512,crpa_contribution,ebcffb048d2d
4,5,119,79,0.7749999761581421,nan,6.8978190422058105,6.8978190422058105,0.0,nan,1,True,2024,512,crpa_contribution,ebcffb048d2d
4,1,50,35,0.774193525314331,nan,6.8978190422058105,6.8978190422058105,0.0,nan,1,True,2024,512,crpa_contribution,ebcffb048d2d
4,7,186,172,0.774193525314331,nan,6.8978190422058105,6.897818565368652,-4.76837158203125e-07,nan,1,True,2024,512,crpa_contribution,ebcffb048d2d
4,7,196,145,0.774193525314331,nan,6.8978190422058105,6.8978190422058105,0.0,nan,1,True,2024,512,crpa_contribution,ebcffb048d2d
4,4,116,14,0.7735849022865295,nan,6.8978190422058105,6.8978190422058105,0.0,nan,1,True,2024,512,crpa_contribution,ebcffb048d2d
4,5,100,54,0.7727272510528564,nan,6.8978190422058105,6.8978190422058105,0.0,nan,1,True,2024,512,crpa_contribution,ebcffb048d2d
4,5,96,44,0.7727272510528564,nan,6.8978190422058105,6.8978190422058105,0.0,nan,1,True,2024,512,crpa_contribution,ebcffb048d2d
4,5,113,105,0.7721518874168396,nan,6.8978190422058105,6.8978190422058105,0.0,nan,1,True,2024,512,crpa_contribution,ebcffb048d2d
4,7,205,176,0.7692307829856873,nan,6.8978190422058105,6.8978190422058105,0.0,nan,1,True,2024,512,crpa_contribution,ebcffb048d2d
4,7,338,329,0.7692307829856873,nan,6.8978190422058105,6.897818565368652,-4.76837158203125e-07,nan,1,True,2024,512,crpa_contribution,ebcffb048d2d
4,7,26,22,0.7692307829856873,nan,6.8978190422058105,6.897819995880127,9.5367431640625e-07,nan,1,True,2024,512,crpa_contribution,ebcffb048d2d
4,1,69,23,0.7674418687820435,nan,6.8978190422058105,6.8978190422058105,0.0,nan,1,True,2024,512,crpa_contribution,ebcffb048d2d
4,4,56,4,0.7666666507720947,nan,6.8978190422058105,6.8978190422058105,0.0,nan,1,True,2024,512,crpa_contribution,ebcffb048d2d
4,1,81,55,0.7647058963775635,nan,6.8978190422058105,6.897818565368652,-4.76837158203125e-07,nan,1,True,2024,512,crpa_contribution,ebcffb048d2d
4,1,280,261,0.7647058963775635,nan,6.8978190422058105,6.897818565368652,-4.76837158203125e-07,nan,1,True,2024,512,crpa_contribution,ebcffb048d2d
4,6,34,15,0.7647058963775635,nan,6.8978190422058105,6.8978190422058105,0.0,nan,1,True,2024,512,crpa_contribution,ebcffb048d2d
4,4,76,45,0.7631579041481018,nan,6.8978190422058105,6.8978190422058105,0.0,nan,1,True,2024,512,crpa_contribution,ebcffb048d2d
4,4,80,43,0.7631579041481018,nan,6.8978190422058105,6.897818565368652,-4.76837158203125e-07,nan,1,True,2024,512,crpa_contribution,ebcffb048d2d
4,4,458,412,0.761904776096344,nan,6.8978190422058105,6.897818565368652,-4.76837158203125e-07,nan,1,True,2024,512,crpa_contribution,ebcffb048d2d
4,4,464,384,0.761904776096344,nan,6.8978190422058105,6.8978190422058105,0.0,nan,1,True,2024,512,crpa_contribution,ebcffb048d2d
4,5,28,21,0.761904776096344,nan,6.8978190422058105,6.8978190422058105,0.0,nan,1,True,2024,512,crpa_contribution,ebcffb048d2d
4,1,122,86,0.7605633735656738,nan,6.8978190422058105,6.8978190422058105,0.0,nan,1,True,2024,512,crpa_contribution,ebcffb048d2d
4,6,486,426,0.7592592835426331,nan,6.8978190422058105,6.897818565368652,-4.76837158203125e-07,nan,1,True,2024,512,crpa_contribution,ebcffb048d2d
4,6,486,433,0.7592592835426331,nan,6.8978190422058105,6.897818565368652,-4.76837158203125e-07,nan,1,True,2024,512,crpa_contribution,ebcffb048d2d
4,7,495,434,0.7592592835426331,nan,6.8978190422058105,6.8978190422058105,0.0,nan,1,True,2024,512,crpa_contribution,ebcffb048d2d
4,5,339,297,0.7580645084381104,nan,6.8978190422058105,6.8978190422058105,0.0,nan,1,True,2024,512,crpa_contribution,ebcffb048d2d
4,7,341,280,0.7560975551605225,nan,6.8978190422058105,6.8978190422058105,0.0,nan,1,True,2024,512,crpa_contribution,ebcffb048d2d
4,7,366,292,0.7547169923782349,nan,6.8978190422058105,6.8978190422058105,0.0,nan,1,True,2024,512,crpa_contribution,ebcffb048d2d
4,0,5,2,0.75,nan,6.8978190422058105,6.897816181182861,-2.86102294921875e-06,nan,1,True,2024,512,crpa_contribution,ebcffb048d2d
4,1,510,409,0.75,nan,6.8978190422058105,6.8978190422058105,0.0,nan,1,True,2024,512,crpa_contribution,ebcffb048d2d
4,1,464,392,0.75,nan,6.8978190422058105,6.8978190422058105,0.0,nan,1,True,2024,512,crpa_contribution,ebcffb048d2d
4,3,10,6,0.75,nan,6.8978190422058105,6.897820472717285,1.430511474609375e-06,nan,1,True,2024,512,crpa_contribution,ebcffb048d2d
4,4,14,10,0.75,nan,6.8978190422058105,6.897817134857178,-1.9073486328125e-06,nan,1,True,2024,512,crpa_contribution,ebcffb048d2d
4,5,33,14,0.75,nan,6.8978190422058105,6.8978190422058105,0.0,nan,1,True,2024,512,crpa_contribution,ebcffb048d2d
4,6,265,256,0.75,nan,6.8978190422058105,6.897819519042969,4.76837158203125e-07,nan,1,True,2024,512,crpa_contribution,ebcffb048d2d
4,6,264,262,0.75,nan,6.8978190422058105,6.897820472717285,1.430511474609375e-06,nan,1,True,2024,512,crpa_contribution,ebcffb048d2d
4,6,410,390,0.75,nan,6.8978190422058105,6.8978190422058105,0.0,nan,1,True,2024,512,crpa_contribution,ebcffb048d2d
4,6,264,264,0.75,nan,6.8978190422058105,6.897818565368652,-4.76837158203125e-07,nan,1,True,2024,512,crpa_contribution,ebcffb048d2d
4,4,95,21,0.7450980544090271,nan,6.8978190422058105,6.8978190422058105,0.0,nan,1,True,2024,512,crpa_contribution,ebcffb048d2d
4,4,95,73,0.7450980544090271,nan,6.8978190422058105,6.8978190422058105,0.0,nan,1,True,2024,512,crpa_contribution,ebcffb048d2d
4,7,97,75,0.7446808218955994,nan,6.8978190422058105,6.8978190422058105,0.0,nan,1,True,2024,512,crpa_contribution,ebcffb048d2d
4,7,96,23,0.7446808218955994,nan,6.8978190422058105,6.8978190422058105,0.0,nan,1,True,2024,512,crpa_contribution,ebcffb048d2d
4,7,80,27,0.7441860437393188,nan,6.8978190422058105,6.8978190422058105,0.0,nan,1,True,2024,512,crpa_contribution,ebcffb048d2d
4,4,82,64,0.7435897588729858,nan,6.8978190422058105,6.8978190422058105,0.0,nan,1,True,2024,512,crpa_contribution,ebcffb048d2d
4,1,101,48,0.7419354915618896,nan,6.8978190422058105,6.8978190422058105,0.0,nan,1,True,2024,512,crpa_contribution,ebcffb048d2d
4,6,188,141,0.7419354915618896,nan,6.8978190422058105,6.8978190422058105,0.0,nan,1,True,2024,512,crpa_contribution,ebcffb048d2d
4,1,468,460,0.7413793206214905,nan,6.8978190422058105,6.8978190422058105,0.0,nan,1,True,2024,512,crpa_contribution,ebcffb048d2d
4,1,468,416,0.7413793206214905,nan,6.8978190422058105,6.897819519042969,4.76837158203125e-07,nan,1,True,2024,512,crpa_contribution,ebcffb048d2d
4,1,481,400,0.7413793206214905,nan,6.8978190422058105,6.8978190422058105,0.0,nan,1,True,2024,512,crpa_contribution,ebcffb048d2d
4,4,494,412,0.7413793206214905,nan,6.8978190422058105,6.897818565368652,-4.76837158203125e-07,nan,1,True,2024,512,crpa_contribution,ebcffb048d2d
4,1,423,417,0.7407407164573669,nan,6.8978190422058105,6.8978190422058105,0.0,nan,1,True,2024,512,crpa_contribution,ebcffb048d2d
4,6,108,86,0.7400000095367432,nan,6.8978190422058105,6.8978190422058105,0.0,nan,1,True,2024,512,crpa_contribution,ebcffb048d2d
4,1,250,206,0.739130437374115,nan,6.8978190422058105,6.897818565368652,-4.76837158203125e-07,nan,1,True,2024,512,crpa_contribution,ebcffb048d2d
4,4,47,35,0.739130437374115,nan,6.8978190422058105,6.8978190422058105,0.0,nan,1,True,2024,512,crpa_contribution,ebcffb048d2d
4,4,87,42,0.7368420958518982,nan,6.8978190422058105,6.8978190422058105,0.0,nan,1,True,2024,512,crpa_contribution,ebcffb048d2d
4,7,113,49,0.7368420958518982,nan,6.8978190422058105,6.8978190422058105,0.0,nan,1,True,2024,512,crpa_contribution,ebcffb048d2d
4,7,231,230,0.7358490824699402,nan,6.8978190422058105,6.8978190422058105,0.0,nan,1,True,2024,512,crpa_contribution,ebcffb048d2d
4,7,319,269,0.7352941036224365,nan,6.8978190422058105,6.8978190422058105,0.0,nan,1,True,2024,512,crpa_contribution,ebcffb048d2d
4,1,422,204,0.7333333492279053,nan,6.8978190422058105,6.8978190422058105,0.0,nan,1,True,2024,512,crpa_contribution,ebcffb048d2d
4,4,278,270,0.7333333492279053,nan,6.8978190422058105,6.897818088531494,-9.5367431640625e-07,nan,1,True,2024,512,crpa_contribution,ebcffb048d2d
4,4,103,94,0.7333333492279053,nan,6.8978190422058105,6.897818565368652,-4.76837158203125e-07,nan,1,True,2024,512,crpa_contribution,ebcffb048d2d
4,6,447,427,0.7333333492279053,nan,6.8978190422058105,6.8978190422058105,0.0,nan,1,True,2024,512,crpa_contribution,ebcffb048d2d
4,6,448,386,0.7333333492279053,nan,6.8978190422058105,6.8978190422058105,0.0,nan,1,True,2024,512,crpa_contribution,ebcffb048d2d
4,6,350,294,0.7307692170143127,nan,6.8978190422058105,6.8978190422058105,0.0,nan,1,True,2024,512,crpa_contribution,ebcffb048d2d
4,6,431,390,0.7307692170143127,nan,6.8978190422058105,6.8978190422058105,0.0,nan,1,True,2024,512,crpa_contribution,ebcffb048d2d
4,6,426,421,0.7307692170143127,nan,6.8978190422058105,6.8978190422058105,0.0,nan,1,True,2024,512,crpa_contribution,ebcffb048d2d
4,1,120,58,0.7285714149475098,nan,6.8978190422058105,6.8978190422058105,0.0,nan,1,True,2024,512,crpa_contribution,ebcffb048d2d
4,1,160,151,0.7272727489471436,nan,6.8978190422058105,6.8978190422058105,0.0,nan,1,True,2024,512,crpa_contribution,ebcffb048d2d
4,6,92,87,0.7272727489471436,nan,6.8978190422058105,6.8978190422058105,0.0,nan,1,True,2024,512,crpa_contribution,ebcffb048d2d
4,6,169,137,0.7272727489471436,nan,6.8978190422058105,6.897818565368652,-4.76837158203125e-07,nan,1,True,2024,512,crpa_contribution,ebcffb048d2d
4,3,327,319,0.7200000286102295,nan,6.8978190422058105,6.8978190422058105,0.0,nan,1,True,2024,512,crpa_contribution,ebcffb048d2d
4,6,45,40,0.7200000286102295,nan,6.8978190422058105,6.8978190422058105,0.0,nan,1,True,2024,512,crpa_contribution,ebcffb048d2d
4,6,54,42,0.7200000286102295,nan,6.8978190422058105,6.8978190422058105,0.0,nan,1,True,2024,512,crpa_contribution,ebcffb048d2d
4,6,358,321,0.7142857313156128,nan,6.8978190422058105,6.897818565368652,-4.76837158203125e-07,nan,1,True,2024,512,crpa_contribution,ebcffb048d2d
4,0,80,18,0.707317054271698,nan,6.8978190422058105,6.8978190422058105,0.0,nan,1,True,2024,512,crpa_contribution,ebcffb048d2d
4,0,68,28,0.707317054271698,nan,6.8978190422058105,6.897818565368652,-4.76837158203125e-07,nan,1,True,2024,512,crpa_contribution,ebcffb048d2d
4,6,246,129,0.7068965435028076,nan,6.8978190422058105,6.8978190422058105,0.0,nan,1,True,2024,512,crpa_contribution,ebcffb048d2d
4,6,314,300,0.7058823704719543,nan,6.8978190422058105,6.8978190422058105,0.0,nan,1,True,2024,512,crpa_contribution,ebcffb048d2d
4,6,223,129,0.7037037014961243,nan,6.8978190422058105,6.8978190422058105,0.0,nan,1,True,2024,512,crpa_contribution,ebcffb048d2d
4,3,53,39,0.7027027010917664,nan,6.8978190422058105,6.8978190422058105,0.0,nan,1,True,2024,512,crpa_contribution,ebcffb048d2d
4,3,62,13,0.7027027010917664,nan,6.8978190422058105,6.8978190422058105,0.0,nan,1,True,2024,512,crpa_contribution,ebcffb048d2d
4,0,476,420,0.7017543911933899,nan,6.8978190422058105,6.8978190422058105,0.0,nan,1,True,2024,512,crpa_contribution,ebcffb048d2d
4,3,505,430,0.699999988079071,nan,6.8978190422058105,6.8978190422058105,0.0,nan,1,True,2024,512,crpa_contribution,ebcffb048d2d
4,6,71,67,0.699999988079071,nan,6.8978190422058105,6.897818565368652,-4.76837158203125e-07,nan,1,True,2024,512,crpa_contribution,ebcffb048d2d
4,6,16,10,0.699999988079071,nan,6.8978190422058105,6.897819519042969,4.76837158203125e-07,nan,1,True,2024,512,crpa_contribution,ebcffb048d2d
4,0,63,20,0.6944444179534912,nan,6.8978190422058105,6.897818565368652,-4.76837158203125e-07,nan,1,True,2024,512,crpa_contribution,ebcffb048d2d
4,3,203,169,0.692307710647583,nan,6.8978190422058105,6.8978190422058105,0.0,nan,1,True,2024,512,crpa_contribution,ebcffb048d2d
4,3,209,156,0.692307710647583,nan,6.8978190422058105,6.8978190422058105,0.0,nan,1,True,2024,512,crpa_contribution,ebcffb048d2d
4,3,323,312,0.6888889074325562,nan,6.8978190422058105,6.8978190422058105,0.0,nan,1,True,2024,512,crpa_contribution,ebcffb048d2d
4,0,62,49,0.6857143044471741,nan,6.8978190422058105,6.897819519042969,4.76837158203125e-07,nan,1,True,2024,512,crpa_contribution,ebcffb048d2d
4,0,62,42,0.6857143044471741,nan,6.8978190422058105,6.8978190422058105,0.0,nan,1,True,2024,512,crpa_contribution,ebcffb048d2d
4,3,106,76,0.6849315166473389,nan,6.8978190422058105,6.897818565368652,-4.76837158203125e-07,nan,1,True,2024,512,crpa_contribution,ebcffb048d2d
4,3,117,22,0.6849315166473389,nan,6.8978190422058105,6.8978190422058105,0.0,nan,1,True,2024,512,crpa_contribution,ebcffb048d2d
4,3,32,10,0.6842105388641357,nan,6.8978190422058105,6.8978190422058105,0.0,nan,1,True,2024,512,crpa_contribution,ebcffb048d2d
4,3,248,231,0.6794871687889099,nan,6.8978190422058105,6.8978190422058105,0.0,nan,1,True,2024,512,crpa_contribution,ebcffb048d2d
4,0,345,282,0.6792452931404114,nan,6.8978190422058105,6.8978190422058105,0.0,nan,1,True,2024,512,crpa_contribution,ebcffb048d2d
4,0,339,323,0.6792452931404114,nan,6.8978190422058105,6.8978190422058105,0.0,nan,1,True,2024,512,crpa_contribution,ebcffb048d2d
4,3,373,373,0.675000011920929,nan,6.8978190422058105,6.8978190422058105,0.0,nan,1,True,2024,512,crpa_contribution,ebcffb048d2d
4,0,194,156,0.6744186282157898,nan,6.8978190422058105,6.8978190422058105,0.0,nan,1,True,2024,512,crpa_contribution,ebcffb048d2d
4,0,194,143,0.6744186282157898,nan,6.8978190422058105,6.8978190422058105,0.0,nan,1,True,2024,512,crpa_contribution,ebcffb048d2d
4,3,231,172,0.6716417670249939,nan,6.8978190422058105,6.8978190422058105,0.0,nan,1,True,2024,512,crpa_contribution,ebcffb048d2d
4,0,18,9,0.6666666865348816,nan,6.8978190422058105,6.897818565368652,-4.76837158203125e-07,nan,1,True,2024,512,crpa_contribution,ebcffb048d2d
4,0,38,21,0.6666666865348816,nan,6.8978190422058105,6.8978190422058105,0.0,nan,1,True,2024,512,crpa_contribution,ebcffb048d2d
4,0,11,9,0.6666666865348816,nan,6.8978190422058105,6.897816181182861,-2.86102294921875e-06,nan,1,True,2024,512,crpa_contribution,ebcffb048d2d
4,0,285,270,0.6666666865348816,nan,6.8978190422058105,6.897818565368652,-4.76837158203125e-07,nan,1,True,2024,512,crpa_contribution,ebcffb048d2d
4,0,188,164,0.6666666865348816,nan,6.8978190422058105,6.897819519042969,4.76837158203125e-07,nan,1,True,2024,512,crpa_contribution,ebcffb048d2d
4,0,414,393,0.6666666865348816,nan,6.8978190422058105,6.897818565368652,-4.76837158203125e-07,nan,1,True,2024,512,crpa_contribution,ebcffb048d2d
4,0,462,456,0.6666666865348816,nan,6.8978190422058105,6.8978190422058105,0.0,nan,1,True,2024,512,crpa_contribution,ebcffb048d2d
4,0,16,2,0.6666666865348816,nan,6.8978190422058105,6.897818088531494,-9.5367431640625e-07,nan,1,True,2024,512,crpa_contribution,ebcffb048d2d
4,0,30,29,0.6666666865348816,nan,6.8978190422058105,6.8978190422058105,0.0,nan,1,True,2024,512,crpa_contribution,ebcffb048d2d
4,2,27,9,0.6666666865348816,nan,6.8978190422058105,6.897819519042969,4.76837158203125e-07,nan,1,True,2024,512,crpa_contribution,ebcffb048d2d
4,2,80,63,0.6666666865348816,nan,6.8978190422058105,6.8978190422058105,0.0,nan,1,True,2024,512,crpa_contribution,ebcffb048d2d
4,2,27,16,0.6666666865348816,nan,6.8978190422058105,6.8978190422058105,0.0,nan,1,True,2024,512,crpa_contribution,ebcffb048d2d
4,3,158,139,0.6666666865348816,nan,6.8978190422058105,6.897819519042969,4.76837158203125e-07,nan,1,True,2024,512,crpa_contribution,ebcffb048d2d
4,3,34,13,0.6666666865348816,nan,6.8978190422058105,6.897818565368652,-4.76837158203125e-07,nan,1,True,2024,512,crpa_contribution,ebcffb048d2d
4,3,47,27,0.6666666865348816,nan,6.8978190422058105,6.897818565368652,-4.76837158203125e-07,nan,1,True,2024,512,crpa_contribution,ebcffb048d2d
4,3,347,265,0.6666666865348816,nan,6.8978190422058105,6.8978190422058105,0.0,nan,1,True,2024,512,crpa_contribution,ebcffb048d2d
4,3,47,25,0.6666666865348816,nan,6.8978190422058105,6.8978190422058105,0.0,nan,1,True,2024,512,crpa_contribution,ebcffb048d2d
4,3,153,142,0.6666666865348816,nan,6.8978190422058105,6.897818565368652,-4.76837158203125e-07,nan,1,True,2024,512,crpa_contribution,ebcffb048d2d
4,3,336,266,0.6615384817123413,nan,6.8978190422058105,6.8978190422058105,0.0,nan,1,True,2024,512,crpa_contribution,ebcffb048d2d
4,0,213,160,0.6603773832321167,nan,6.8978190422058105,6.897818565368652,-4.76837158203125e-07,nan,1,True,2024,512,crpa_contribution,ebcffb048d2d
4,3,69,62,0.6595744490623474,nan,6.8978190422058105,6.8978190422058105,0.0,nan,1,True,2024,512,crpa_contribution,ebcffb048d2d
4,0,465,454,0.6590909361839294,nan,6.8978190422058105,6.8978190422058105,0.0,nan,1,True,2024,512,crpa_contribution,ebcffb048d2d
4,0,65,13,0.6578947305679321,nan,6.8978190422058105,6.8978190422058105,0.0,nan,1,True,2024,512,crpa_contribution,ebcffb048d2d
4,3,237,150,0.6575342416763306,nan,6.8978190422058105,6.8978190422058105,0.0,nan,1,True,2024,512,crpa_contribution,ebcffb048d2d
4,3,45,21,0.65625,nan,6.8978190422058105,6.897818565368652,-4.76837158203125e-07,nan,1,True,2024,512,crpa_contribution,ebcffb048d2d
4,2,144,139,0.6363636255264282,nan,6.8978190422058105,6.897819519042969,4.76837158203125e-07,nan,1,True,2024,512,crpa_contribution,ebcffb048d2d
4,2,510,413,0.625,nan,6.8978190422058105,6.8978190422058105,0.0,nan,1,True,2024,512,crpa_contribution,ebcffb048d2d
4,2,53,24,0.625,nan,6.8978190422058105,6.8978190422058105,0.0,nan,1,True,2024,512,crpa_contribution,ebcffb048d2d
4,2,53,30,0.625,nan,6.8978190422058105,6.8978190422058105,0.0,nan,1,True,2024,512,crpa_contribution,ebcffb048d2d
4,2,421,419,0.6071428656578064,nan,6.8978190422058105,6.8978190422058105,0.0,nan,1,True,2024,512,crpa_contribution,ebcffb048d2d
4,2,219,213,0.6041666865348816,nan,6.8978190422058105,6.8978190422058105,0.0,nan,1,True,2024,512,crpa_contribution,ebcffb048d2d
4,2,19,2,0.6000000238418579,nan,6.8978190422058105,6.897817134857178,-1.9073486328125e-06,nan,1,True,2024,512,crpa_contribution,ebcffb048d2d
4,2,19,3,0.6000000238418579,nan,6.8978190422058105,6.897819519042969,4.76837158203125e-07,nan,1,True,2024,512,crpa_contribution,ebcffb048d2d
4,2,234,210,0.6000000238418579,nan,6.8978190422058105,6.897818565368652,-4.76837158203125e-07,nan,1,True,2024,512,crpa_contribution,ebcffb048d2d
4,2,163,137,0.6000000238418579,nan,6.8978190422058105,6.897818565368652,-4.76837158203125e-07,nan,1,True,2024,512,crpa_contribution,ebcffb048d2d
4,2,99,7,0.6000000238418579,nan,6.8978190422058105,6.8978190422058105,0.0,nan,1,True,2024,512,crpa_contribution,ebcffb048d2d
4,2,21,12,0.6000000238418579,nan,6.8978190422058105,6.897820472717285,1.430511474609375e-06,nan,1,True,2024,512,crpa_contribution,ebcffb048d2d
4,2,225,151,0.5961538553237915,nan,6.8978190422058105,6.8978190422058105,0.0,nan,1,True,2024,512,crpa_contribution,ebcffb048d2d
4,2,473,397,0.5909090638160706,nan,6.8978190422058105,6.8978190422058105,0.0,nan,1,True,2024,512,crpa_contribution,ebcffb048d2d
4,2,473,454,0.5909090638160706,nan,6.8978190422058105,6.8978190422058105,0.0,nan,1,True,2024,512,crpa_contribution,ebcffb048d2d
4,2,329,272,0.5897436141967773,nan,6.8978190422058105,6.897818565368652,-4.76837158203125e-07,nan,1,True,2024,512,crpa_contribution,ebcffb048d2d
4,2,246,230,0.5857142806053162,nan,6.8978190422058105,6.8978190422058105,0.0,nan,1,True,2024,512,crpa_contribution,ebcffb048d2d
4,2,494,483,0.5833333134651184,nan,6.8978190422058105,6.8978190422058105,0.0,nan,1,True,2024,512,crpa_contribution,ebcffb048d2d
4,2,33,12,0.5789473652839661,nan,6.8978190422058105,6.897819995880127,9.5367431640625e-07,nan,1,True,2024,512,crpa_contribution,ebcffb048d2d
4,2,473,471,0.5740740895271301,nan,6.8978190422058105,6.897819519042969,4.76837158203125e-07,nan,1,True,2024,512,crpa_contribution,ebcffb048d2d
5,0,8,6,1.0,nan,6.8978190422058105,6.8978190422058105,0.0,nan,1,True,2024,512,crpa_contribution,ebcffb048d2d
5,0,3,1,1.0,nan,6.8978190422058105,6.897821426391602,2.384185791015625e-06,nan,1,True,2024,512,crpa_contribution,ebcffb048d2d
5,0,9,6,1.0,nan,6.8978190422058105,6.897818088531494,-9.5367431640625e-07,nan,1,True,2024,512,crpa_contribution,ebcffb048d2d
5,0,9,1,1.0,nan,6.8978190422058105,6.897817611694336,-1.430511474609375e-06,nan,1,True,2024,512,crpa_contribution,ebcffb048d2d
5,3,5,3,1.0,nan,6.8978190422058105,6.8978190422058105,0.0,nan,1,True,2024,512,crpa_contribution,ebcffb048d2d
5,3,4,3,1.0,nan,6.8978190422058105,6.8978190422058105,0.0,nan,1,True,2024,512,crpa_contribution,ebcffb048d2d
5,4,3,1,1.0,nan,6.8978190422058105,6.897818565368652,-4.76837158203125e-07,nan,1,True,2024,512,crpa_contribution,ebcffb048d2d
5,7,21,0,0.9285714030265808,nan,6.8978190422058105,6.8978190422058105,0.0,nan,1,True,2024,512,crpa_contribution,ebcffb048d2d
5,0,20,12,0.8571428656578064,nan,6.8978190422058105,6.897819519042969,4.76837158203125e-07,nan,1,True,2024,512,crpa_contribution,ebcffb048d2d
5,1,8,7,0.8571428656578064,nan,6.8978190422058105,6.897818565368652,-4.76837158203125e-07,nan,1,True,2024,512,crpa_contribution,ebcffb048d2d
5,0,394,102,0.8333333134651184,nan,6.8978190422058105,6.8978166580200195,-2.384185791015625e-06,nan,1,True,2024,512,crpa_contribution,ebcffb048d2d
5,1,24,14,0.8125,nan,6.8978190422058105,6.8978190422058105,0.0,nan,1,True,2024,512,crpa_contribution,ebcffb048d2d
5,7,104,14,0.8125,nan,6.8978190422058105,6.8978190422058105,0.0,nan,1,True,2024,512,crpa_contribution,ebcffb048d2d
5,1,317,267,0.8048780560493469,nan,6.8978190422058105,6.8978190422058105,0.0,nan,1,True,2024,512,crpa_contribution,ebcffb048d2d
5,1,30,24,0.800000011920929,nan,6.8978190422058105,6.897819519042969,4.76837158203125e-07,nan,1,True,2024,512,crpa_contribution,ebcffb048d2d
5,3,244,132,0.800000011920929,nan,6.8978190422058105,6.8978190422058105,0.0,nan,1,True,2024,512,crpa_contribution,ebcffb048d2d
5,7,48,15,0.800000011920929,nan,6.8978190422058105,6.8978190422058105,0.0,nan,1,True,2024,512,crpa_contribution,ebcffb048d2d
5,7,48,10,0.800000011920929,nan,6.8978190422058105,6.8978190422058105,0.0,nan,1,True,2024,512,crpa_contribution,ebcffb048d2d
5,5,456,392,0.7872340679168701,nan,6.8978190422058105,6.8978190422058105,0.0,nan,1,True,2024,512,crpa_contribution,ebcffb048d2d
5,7,20,14,0.7857142686843872,nan,6.8978190422058105,6.897819519042969,4.76837158203125e-07,nan,1,True,2024,512,crpa_contribution,ebcffb048d2d
5,7,20,5,0.7857142686843872,nan,6.8978190422058105,6.8978190422058105,0.0,nan,1,True,2024,512,crpa_contribution,ebcffb048d2d
5,7,20,17,0.7857142686843872,nan,6.8978190422058105,6.897819519042969,4.76837158203125e-07,nan,1,True,2024,512,crpa_contribution,ebcffb048d2d
5,5,210,142,0.7843137383460999,nan,6.8978190422058105,6.8978190422058105,0.0,nan,1,True,2024,512,crpa_contribution,ebcffb048d2d
5,0,80,50,0.782608687877655,nan,6.8978190422058105,6.8978190422058105,0.0,nan,1,True,2024,512,crpa_contribution,ebcffb048d2d
5,0,80,23,0.782608687877655,nan,6.8978190422058105,6.8978190422058105,0.0,nan,1,True,2024,512,crpa_contribution,ebcffb048d2d
5,4,231,198,0.7796609997749329,nan,6.8978190422058105,6.8978190422058105,0.0,nan,1,True,2024,512,crpa_contribution,ebcffb048d2d
5,1,246,233,0.7733333110809326,nan,6.8978190422058105,6.8978190422058105,0.0,nan,1,True,2024,512,crpa_contribution,ebcffb048d2d
5,0,164,143,0.7692307829856873,nan,6.8978190422058105,6.8978190422058105,0.0,nan,1,True,2024,512,crpa_contribution,ebcffb048d2d
5,1,18,7,0.7692307829856873,nan,6.8978190422058105,6.8978190422058105,0.0,nan,1,True,2024,512,crpa_contribution,ebcffb048d2d
5,4,42,26,0.7692307829856873,nan,6.8978190422058105,6.8978190422058105,0.0,nan,1,True,2024,512,crpa_contribution,ebcffb048d2d
5,6,27,5,0.7692307829856873,nan,6.8978190422058105,6.8978190422058105,0.0,nan,1,True,2024,512,crpa_contribution,ebcffb048d2d
5,6,27,3,0.7692307829856873,nan,6.8978190422058105,6.8978190422058105,0.0,nan,1,True,2024,512,crpa_contribution,ebcffb048d2d
5,3,227,151,0.761904776096344,nan,6.8978190422058105,6.8978190422058105,0.0,nan,1,True,2024,512,crpa_contribution,ebcffb048d2d
5,6,94,3,0.7560975551605225,nan,6.8978190422058105,6.8978190422058105,0.0,nan,1,True,2024,512,crpa_contribution,ebcffb048d2d
5,5,199,159,0.7555555701255798,nan,6.8978190422058105,6.897818565368652,-4.76837158203125e-07,nan,1,True,2024,512,crpa_contribution,ebcffb048d2d
5,7,469,412,0.7543859481811523,nan,6.8978190422058105,6.8978190422058105,0.0,nan,1,True,2024,512,crpa_contribution,ebcffb048d2d
5,4,107,55,0.7538461685180664,nan,6.8978190422058105,6.8978190422058105,0.0,nan,1,True,2024,512,crpa_contribution,ebcffb048d2d
5,4,107,58,0.7538461685180664,nan,6.8978190422058105,6.8978190422058105,0.0,nan,1,True,2024,512,crpa_contribution,ebcffb048d2d
5,0,205,144,0.75,nan,6.8978190422058105,6.8978190422058105,0.0,nan,1,True,2024,512,crpa_contribution,ebcffb048d2d
5,0,69,38,0.75,nan,6.8978190422058105,6.8978190422058105,0.0,nan,1,True,2024,512,crpa_contribution,ebcffb048d2d
5,0,5,2,0.75,nan,6.8978190422058105,6.897816181182861,-2.86102294921875e-06,nan,1,True,2024,512,crpa_contribution,ebcffb048d2d
5,0,32,8,0.75,nan,6.8978190422058105,6.8978190422058105,0.0,nan,1,True,2024,512,crpa_contribution,ebcffb048d2d
5,0,40,12,0.75,nan,6.8978190422058105,6.897818565368652,-4.76837158203125e-07,nan,1,True,2024,512,crpa_contribution,ebcffb048d2d
5,1,5,3,0.75,nan,6.8978190422058105,6.8978190422058105,0.0,nan,1,True,2024,512,crpa_contribution,ebcffb048d2d
5,2,172,142,0.75,nan,6.8978190422058105,6.8978190422058105,0.0,nan,1,True,2024,512,crpa_contribution,ebcffb048d2d
5,2,172,135,0.75,nan,6.8978190422058105,6.8978190422058105,0.0,nan,1,True,2024,512,crpa_contribution,ebcffb048d2d
5,2,92,17,0.75,nan,6.8978190422058105,6.8978190422058105,0.0,nan,1,True,2024,512,crpa_contribution,ebcffb048d2d
5,3,53,51,0.75,nan,6.8978190422058105,6.8978190422058105,0.0,nan,1,True,2024,512,crpa_contribution,ebcffb048d2d
5,3,20,6,0.75,nan,6.8978190422058105,6.8978190422058105,0.0,nan,1,True,2024,512,crpa_contribution,ebcffb048d2d
5,3,8,1,0.75,nan,6.8978190422058105,6.897822380065918,3.337860107421875e-06,nan,1,True,2024,512,crpa_contribution,ebcffb048d2d
5,4,38,23,0.75,nan,6.8978190422058105,6.897818565368652,-4.76837158203125e-07,nan,1,True,2024,512,crpa_contribution,ebcffb048d2d
5,7,94,32,0.75,nan,6.8978190422058105,6.8978190422058105,0.0,nan,1,True,2024,512,crpa_contribution,ebcffb048d2d
5,1,497,443,0.7464788556098938,nan,6.8978190422058105,6.8978190422058105,0.0,nan,1,True,2024,512,crpa_contribution,ebcffb048d2d
5,3,476,416,0.7419354915618896,nan,6.8978190422058105,6.8978190422058105,0.0,nan,1,True,2024,512,crpa_contribution,ebcffb048d2d
5,3,476,454,0.7419354915618896,nan,6.8978190422058105,6.897819519042969,4.76837158203125e-07,nan,1,True,2024,512,crpa_contribution,ebcffb048d2d
5,3,218,144,0.7407407164573669,nan,6.8978190422058105,6.8978190422058105,0.0,nan,1,True,2024,512,crpa_contribution,ebcffb048d2d
5,7,98,53,0.7377049326896667,nan,6.8978190422058105,6.8978190422058105,0.0,nan,1,True,2024,512,crpa_contribution,ebcffb048d2d
5,6,373,328,0.7368420958518982,nan,6.8978190422058105,6.8978190422058105,0.0,nan,1,True,2024,512,crpa_contribution,ebcffb048d2d
5,0,489,386,0.7352941036224365,nan,6.8978190422058105,6.897818565368652,-4.76837158203125e-07,nan,1,True,2024,512,crpa_contribution,ebcffb048d2d
5,0,481,386,0.7352941036224365,nan,6.8978190422058105,6.8978190422058105,0.0,nan,1,True,2024,512,crpa_contribution,ebcffb048d2d
5,2,366,281,0.7333333492279053,nan,6.8978190422058105,6.897818565368652,-4.76837158203125e-07,nan,1,True,2024,512,crpa_contribution,ebcffb048d2d
5,3,215,170,0.7333333492279053,nan,6.8978190422058105,6.8978190422058105,0.0,nan,1,True,2024,512,crpa_contribution,ebcffb048d2d
5,4,90,32,0.7321428656578064,nan,6.8978190422058105,6.897818565368652,-4.76837158203125e-07,nan,1,True,2024,512,crpa_contribution,ebcffb048d2d
5,5,101,39,0.7313432693481445,nan,6.8978190422058105,6.8978190422058105,0.0,nan,1,True,2024,512,crpa_contribution,ebcffb048d2d
5,1,17,12,0.7272727489471436,nan,6.8978190422058105,6.897819519042969,4.76837158203125e-07,nan,1,True,2024,512,crpa_contribution,ebcffb048d2d
5,1,16,11,0.7272727489471436,nan,6.8978190422058105,6.897819519042969,4.76837158203125e-07,nan,1,True,2024,512,crpa_contribution,ebcffb048d2d
5,3,422,386,0.7272727489471436,nan,6.8978190422058105,6.8978190422058105,0.0,nan,1,True,2024,512,crpa_contribution,ebcffb048d2d
5,3,35,10,0.7272727489471436,nan,6.8978190422058105,6.8978190422058105,0.0,nan,1,True,2024,512,crpa_contribution,ebcffb048d2d
5,3,114,38,0.7272727489471436,nan,6.8978190422058105,6.8978190422058105,0.0,nan,1,True,2024,512,crpa_contribution,ebcffb048d2d
5,4,39,28,0.7272727489471436,nan,6.8978190422058105,6.897818565368652,-4.76837158203125e-07,nan,1,True,2024,512,crpa_contribution,ebcffb048d2d
5,4,33,12,0.7272727489471436,nan,6.8978190422058105,6.8978190422058105,0.0,nan,1,True,2024,512,crpa_contribution,ebcffb048d2d
5,1,508,508,0.726190447807312,nan,6.8978190422058105,6.8978190422058105,0.0,nan,1,True,2024,512,crpa_contribution,ebcffb048d2d
5,1,509,394,0.726190447807312,nan,6.8978190422058105,6.8978190422058105,0.0,nan,1,True,2024,512,crpa_contribution,ebcffb048d2d
5,1,508,491,0.726190447807312,nan,6.8978190422058105,6.8978190422058105,0.0,nan,1,True,2024,512,crpa_contribution,ebcffb048d2d
5,2,77,56,0.7234042286872864,nan,6.8978190422058105,6.8978190422058105,0.0,nan,1,True,2024,512,crpa_contribution,ebcffb048d2d
5,3,345,282,0.7200000286102295,nan,6.8978190422058105,6.8978190422058105,0.0,nan,1,True,2024,512,crpa_contribution,ebcffb048d2d
5,3,78,21,0.7200000286102295,nan,6.8978190422058105,6.897818565368652,-4.76837158203125e-07,nan,1,True,2024,512,crpa_contribution,ebcffb048d2d
5,3,373,343,0.7200000286102295,nan,6.8978190422058105,6.8978190422058105,0.0,nan,1,True,2024,512,crpa_contribution,ebcffb048d2d
5,3,345,301,0.7200000286102295,nan,6.8978190422058105,6.8978190422058105,0.0,nan,1,True,2024,512,crpa_contribution,ebcffb048d2d
5,5,87,7,0.7200000286102295,nan,6.8978190422058105,6.8978190422058105,0.0,nan,1,True,2024,512,crpa_contribution,ebcffb048d2d
5,6,113,16,0.719298243522644,nan,6.8978190422058105,6.8978190422058105,0.0,nan,1,True,2024,512,crpa_contribution,ebcffb048d2d
5,6,205,155,0.7179487347602844,nan,6.8978190422058105,6.8978190422058105,0.0,nan,1,True,2024,512,crpa_contribution,ebcffb048d2d
5,1,325,265,0.717391312122345,nan,6.8978190422058105,6.8978190422058105,0.0,nan,1,True,2024,512,crpa_contribution,ebcffb048d2d
5,1,443,395,0.717391312122345,nan,6.8978190422058105,6.897818565368652,-4.76837158203125e-07,nan,1,True,2024,512,crpa_contribution,ebcffb048d2d
5,1,325,276,0.717391312122345,nan,6.8978190422058105,6.897818565368652,-4.76837158203125e-07,nan,1,True,2024,512,crpa_contribution,ebcffb048d2d
5,1,362,317,0.7142857313156128,nan,6.8978190422058105,6.8978190422058105,0.0,nan,1,True,2024,512,crpa_contribution,ebcffb048d2d
5,3,185,183,0.7142857313156128,nan,6.8978190422058105,6.8978190422058105,0.0,nan,1,True,2024,512,crpa_contribution,ebcffb048d2d
5,5,8,2,0.7142857313156128,nan,6.8978190422058105,6.897818565368652,-4.76837158203125e-07,nan,1,True,2024,512,crpa_contribution,ebcffb048d2d
5,4,457,444,0.7111111283302307,nan,6.8978190422058105,6.8978190422058105,0.0,nan,1,True,2024,512,crpa_contribution,ebcffb048d2d
5,4,448,414,0.7111111283302307,nan,6.8978190422058105,6.8978190422058105,0.0,nan,1,True,2024,512,crpa_contribution,ebcffb048d2d
5,7,58,16,0.7105262875556946,nan,6.8978190422058105,6.8978190422058105,0.0,nan,1,True,2024,512,crpa_contribution,ebcffb048d2d
5,7,56,15,0.7105262875556946,nan,6.8978190422058105,6.8978190422058105,0.0,nan,1,True,2024,512,crpa_contribution,ebcffb048d2d
5,7,96,50,0.7096773982048035,nan,6.8978190422058105,6.8978190422058105,0.0,nan,1,True,2024,512,crpa_contribution,ebcffb048d2d
5,7,370,275,0.7088607549667358,nan,6.8978190422058105,6.8978190422058105,0.0,nan,1,True,2024,512,crpa_contribution,ebcffb048d2d
5,7,373,365,0.7088607549667358,nan,6.8978190422058105,6.8978190422058105,0.0,nan,1,True,2024,512,crpa_contribution,ebcffb048d2d
5,7,499,432,0.707317054271698,nan,6.8978190422058105,6.8978190422058105,0.0,nan,1,True,2024,512,crpa_contribution,ebcffb048d2d
5,7,499,400,0.707317054271698,nan,6.8978190422058105,6.8978190422058105,0.0,nan,1,True,2024,512,crpa_contribution,ebcffb048d2d
5,7,240,198,0.7066666483879089,nan,6.8978190422058105,6.8978190422058105,0.0,nan,1,True,2024,512,crpa_contribution,ebcffb048d2d
5,0,483,389,0.7058823704719543,nan,6.8978190422058105,6.8978190422058105,0.0,nan,1,True,2024,512,crpa_contribution,ebcffb048d2d
5,1,74,34,0.7058823704719543,nan,6.8978190422058105,6.897818565368652,-4.76837158203125e-07,nan,1,True,2024,512,crpa_contribution,ebcffb048d2d
5,5,26,6,0.7058823704719543,nan,6.8978190422058105,6.8978190422058105,0.0,nan,1,True,2024,512,crpa_contribution,ebcffb048d2d
5,0,214,144,0.7037037014961243,nan,6.8978190422058105,6.8978190422058105,0.0,nan,1,True,2024,512,crpa_contribution,ebcffb048d2d
5,2,120,11,0.7014925479888916,nan,6.8978190422058105,6.897818565368652,-4.76837158203125e-07,nan,1,True,2024,512,crpa_contribution,ebcffb048d2d
5,2,120,92,0.7014925479888916,nan,6.8978190422058105,6.8978190422058105,0.0,nan,1,True,2024,512,crpa_contribution,ebcffb048d2d
5,1,494,466,0.701298713684082,nan,6.8978190422058105,6.8978190422058105,0.0,nan,1,True,2024,512,crpa_contribution,ebcffb048d2d
5,1,494,480,0.701298713684082,nan,6.8978190422058105,6.8978190422058105,0.0,nan,1,True,2024,512,crpa_contribution,ebcffb048d2d
5,5,380,354,0.701298713684082,nan,6.8978190422058105,6.8978190422058105,0.0,nan,1,True,2024,512,crpa_contribution,ebcffb048d2d
5,1,58,52,0.699999988079071,nan,6.8978190422058105,6.8978190422058105,0.0,nan,1,True,2024,512,crpa_contribution,ebcffb048d2d
5,1,381,263,0.699999988079071,nan,6.8978190422058105,6.8978190422058105,0.0,nan,1,True,2024,512,crpa_contribution,ebcffb048d2d
5,1,381,346,0.699999988079071,nan,6.8978190422058105,6.8978190422058105,0.0,nan,1,True,2024,512,crpa_contribution,ebcffb048d2d
5,2,333,271,0.699999988079071,nan,6.8978190422058105,6.8978190422058105,0.0,nan,1,True,2024,512,crpa_contribution,ebcffb048d2d
5,3,276,262,0.699999988079071,nan,6.8978190422058105,6.8978190422058105,0.0,nan,1,True,2024,512,crpa_contribution,ebcffb048d2d
5,3,159,140,0.699999988079071,nan,6.8978190422058105,6.897819519042969,4.76837158203125e-07,nan,1,True,2024,512,crpa_contribution,ebcffb048d2d
5,4,157,151,0.699999988079071,nan,6.8978190422058105,6.8978190422058105,0.0,nan,1,True,2024,512,crpa_contribution,ebcffb048d2d
5,5,183,161,0.699999988079071,nan,6.8978190422058105,6.8978190422058105,0.0,nan,1,True,2024,512,crpa_contribution,ebcffb048d2d
5,5,89,68,0.699999988079071,nan,6.8978190422058105,6.8978190422058105,0.0,nan,1,True,2024,512,crpa_contribution,ebcffb048d2d
5,3,219,151,0.695652186870575,nan,6.8978190422058105,6.8978190422058105,0.0,nan,1,True,2024,512,crpa_contribution,ebcffb048d2d
5,4,120,92,0.695652186870575,nan,6.8978190422058105,6.8978190422058105,0.0,nan,1,True,2024,512,crpa_contribution,ebcffb048d2d
5,6,90,30,0.695652186870575,nan,6.8978190422058105,6.8978190422058105,0.0,nan,1,True,2024,512,crpa_contribution,ebcffb048d2d
5,5,326,298,0.6938775777816772,nan,6.8978190422058105,6.897818565368652,-4.76837158203125e-07,nan,1,True,2024,512,crpa_contribution,ebcffb048d2d
5,0,169,137,0.692307710647583,nan,6.8978190422058105,6.897818565368652,-4.76837158203125e-07,nan,1,True,2024,512,crpa_contribution,ebcffb048d2d
5,0,165,138,0.692307710647583,nan,6.8978190422058105,6.897818088531494,-9.5367431640625e-07,nan,1,True,2024,512,crpa_contribution,ebcffb048d2d
5,0,55,51,0.692307710647583,nan,6.8978190422058105,6.897818565368652,-4.76837158203125e-07,nan,1,True,2024,512,crpa_contribution,ebcffb048d2d
5,0,55,33,0.692307710647583,nan,6.8978190422058105,6.897818565368652,-4.76837158203125e-07,nan,1,True,2024,512,crpa_contribution,ebcffb048d2d
5,1,291,102,0.692307710647583,nan,6.8978190422058105,6.897818565368652,-4.76837158203125e-07,nan,1,True,2024,512,crpa_contribution,ebcffb048d2d
5,3,429,402,0.692307710647583,nan,6.8978190422058105,6.8978190422058105,0.0,nan,1,True,2024,512,crpa_contribution,ebcffb048d2d
5,5,203,160,0.692307710647583,nan,6.8978190422058105,6.8978190422058105,0.0,nan,1,True,2024,512,crpa_contribution,ebcffb048d2d
5,5,42,23,0.6896551847457886,nan,6.8978190422058105,6.897818565368652,-4.76837158203125e-07,nan,1,True,2024,512,crpa_contribution,ebcffb048d2d
5,5,42,11,0.6896551847457886,nan,6.8978190422058105,6.8978190422058105,0.0,nan,1,True,2024,512,crpa_contribution,ebcffb048d2d
5,4,69,31,0.6888889074325562,nan,6.8978190422058105,6.8978190422058105,0.0,nan,1,True,2024,512,crpa_contribution,ebcffb048d2d
5,7,194,165,0.6888889074325562,nan,6.8978190422058105,6.8978190422058105,0.0,nan,1,True,2024,512,crpa_contribution,ebcffb048d2d
5,3,62,33,0.6875,nan,6.8978190422058105,6.897818088531494,-9.5367431640625e-07,nan,1,True,2024,512,crpa_contribution,ebcffb048d2d
5,6,449,443,0.6875,nan,6.8978190422058105,6.8978190422058105,0.0,nan,1,True,2024,512,crpa_contribution,ebcffb048d2d
5,7,149,135,0.6842105388641357,nan,6.8978190422058105,6.8978190422058105,0.0,nan,1,True,2024,512,crpa_contribution,ebcffb048d2d
5,7,155,41,0.6842105388641357,nan,6.8978190422058105,6.897817611694336,-1.430511474609375e-06,nan,1,True,2024,512,crpa_contribution,ebcffb048d2d
5,7,29,18,0.6842105388641357,nan,6.8978190422058105,6.897819519042969,4.76837158203125e-07,nan,1,True,2024,512,crpa_contribution,ebcffb048d2d
5,2,69,17,0.6829268336296082,nan,6.8978190422058105,6.8978190422058105,0.0,nan,1,True,2024,512,crpa_contribution,ebcffb048d2d
5,2,73,27,0.6829268336296082,nan,6.8978190422058105,6.897818565368652,-4.76837158203125e-07,nan,1,True,2024,512,crpa_contribution,ebcffb048d2d
5,0,459,419,0.6818181872367859,nan,6.8978190422058105,6.8978190422058105,0.0,nan,1,True,2024,512,crpa_contribution,ebcffb048d2d
5,0,459,397,0.6818181872367859,nan,6.8978190422058105,6.8978190422058105,0.0,nan,1,True,2024,512,crpa_contribution,ebcffb048d2d
5,4,201,179,0.6818181872367859,nan,6.8978190422058105,6.897818565368652,-4.76837158203125e-07,nan,1,True,2024,512,crpa_contribution,ebcffb048d2d
5,4,201,176,0.6818181872367859,nan,6.8978190422058105,6.8978190422058105,0.0,nan,1,True,2024,512,crpa_contribution,ebcffb048d2d
5,7,207,159,0.6792452931404114,nan,6.8978190422058105,6.8978190422058105,0.0,nan,1,True,2024,512,crpa_contribution,ebcffb048d2d
5,2,348,280,0.6785714030265808,nan,6.8978190422058105,6.897819519042969,4.76837158203125e-07,nan,1,True,2024,512,crpa_contribution,ebcffb048d2d
5,2,348,265,0.6785714030265808,nan,6.8978190422058105,6.8978190422058105,0.0,nan,1,True,2024,512,crpa_contribution,ebcffb048d2d
5,5,347,329,0.6785714030265808,nan,6.8978190422058105,6.8978190422058105,0.0,nan,1,True,2024,512,crpa_contribution,ebcffb048d2d
5,5,336,299,0.6785714030265808,nan,6.8978190422058105,6.8978190422058105,0.0,nan,1,True,2024,512,crpa_contribution,ebcffb048d2d
5,5,347,264,0.6785714030265808,nan,6.8978190422058105,6.8978190422058105,0.0,nan,1,True,2024,512,crpa_contribution,ebcffb048d2d
5,5,353,313,0.6779661178588867,nan,6.8978190422058105,6.8978190422058105,0.0,nan,1,True,2024,512,crpa_contribution,ebcffb048d2d
5,7,341,331,0.6779661178588867,nan,6.8978190422058105,6.8978190422058105,0.0,nan,1,True,2024,512,crpa_contribution,ebcffb048d2d
5,5,109,8,0.6764705777168274,nan,6.8978190422058105,6.8978190422058105,0.0,nan,1,True,2024,512,crpa_contribution,ebcffb048d2d
5,4,506,443,0.6753246784210205,nan,6.8978190422058105,6.8978190422058105,0.0,nan,1,True,2024,512,crpa_contribution,ebcffb048d2d
5,6,209,178,0.675000011920929,nan,6.8978190422058105,6.8978190422058105,0.0,nan,1,True,2024,512,crpa_contribution,ebcffb048d2d
5,6,209,140,0.675000011920929,nan,6.8978190422058105,6.897818565368652,-4.76837158203125e-07,nan,1,True,2024,512,crpa_contribution,ebcffb048d2d
5,5,321,310,0.6744186282157898,nan,6.8978190422058105,6.8978190422058105,0.0,nan,1,True,2024,512,crpa_contribution,ebcffb048d2d
5,5,321,262,0.6744186282157898,nan,6.8978190422058105,6.8978190422058105,0.0,nan,1,True,2024,512,crpa_contribution,ebcffb048d2d
5,5,466,431,0.6721311211585999,nan,6.8978190422058105,6.8978190422058105,0.0,nan,1,True,2024,512,crpa_contribution,ebcffb048d2d
5,5,466,407,0.6721311211585999,nan,6.8978190422058105,6.8978190422058105,0.0,nan,1,True,2024,512,crpa_contribution,ebcffb048d2d
5,4,380,292,0.6710526347160339,nan,6.8978190422058105,6.8978190422058105,0.0,nan,1,True,2024,512,crpa_contribution,ebcffb048d2d
5,4,373,348,0.6710526347160339,nan,6.8978190422058105,6.8978190422058105,0.0,nan,1,True,2024,512,crpa_contribution,ebcffb048d2d
5,2,6,2,0.6666666865348816,nan,6.8978190422058105,6.897818565368652,-4.76837158203125e-07,nan,1,True,2024,512,crpa_contribution,ebcffb048d2d
5,2,314,267,0.6666666865348816,nan,6.8978190422058105,6.897818565368652,-4.76837158203125e-07,nan,1,True,2024,512,crpa_contribution,ebcffb048d2d
5,2,2,0,0.6666666865348816,nan,6.8978190422058105,6.897817611694336,-1.430511474609375e-06,nan,1,True,2024,512,crpa_contribution,ebcffb048d2d
5,2,39,28,0.6666666865348816,nan,6.8978190422058105,6.897818565368652,-4.76837158203125e-07,nan,1,True,2024,512,crpa_contribution,ebcffb048d2d
5,4,8,2,0.6666666865348816,nan,6.8978190422058105,6.8978190422058105,0.0,nan,1,True,2024,512,crpa_contribution,ebcffb048d2d
5,4,24,6,0.6666666865348816,nan,6.8978190422058105,6.8978190422058105,0.0,nan,1,True,2024,512,crpa_contribution,ebcffb048d2d
5,4,8,0,0.6666666865348816,nan,6.8978190422058105,6.897818565368652,-4.76837158203125e-07,nan,1,True,2024,512,crpa_contribution,ebcffb048d2d
5,5,436,386,0.6666666865348816,nan,6.8978190422058105,6.8978190422058105,0.0,nan,1,True,2024,512,crpa_contribution,ebcffb048d2d
5,6,244,171,0.6666666865348816,nan,6.8978190422058105,6.8978190422058105,0.0,nan,1,True,2024,512,crpa_contribution,ebcffb048d2d
5,4,500,468,0.6617646813392639,nan,6.8978190422058105,6.897819519042969,4.76837158203125e-07,nan,1,True,2024,512,crpa_contribution,ebcffb048d2d
5,4,490,390,0.6617646813392639,nan,6.8978190422058105,6.897818565368652,-4.76837158203125e-07,nan,1,True,2024,512,crpa_contribution,ebcffb048d2d
5,6,108,39,0.6595744490623474,nan,6.8978190422058105,6.8978190422058105,0.0,nan,1,True,2024,512,crpa_contribution,ebcffb048d2d
5,6,73,3,0.6571428775787354,nan,6.8978190422058105,6.897818565368652,-4.76837158203125e-07,nan,1,True,2024,512,crpa_contribution,ebcffb048d2d
5,6,323,242,0.6551724076271057,nan,6.8978190422058105,6.8978190422058105,0.0,nan,1,True,2024,512,crpa_contribution,ebcffb048d2d
5,2,42,38,0.6538461446762085,nan,6.8978190422058105,6.897818565368652,-4.76837158203125e-07,nan,1,True,2024,512,crpa_contribution,ebcffb048d2d
5,6,165,143,0.6499999761581421,nan,6.8978190422058105,6.8978190422058105,0.0,nan,1,True,2024,512,crpa_contribution,ebcffb048d2d
5,6,164,145,0.6499999761581421,nan,6.8978190422058105,6.8978190422058105,0.0,nan,1,True,2024,512,crpa_contribution,ebcffb048d2d
5,6,164,162,0.6499999761581421,nan,6.8978190422058105,6.8978190422058105,0.0,nan,1,True,2024,512,crpa_contribution,ebcffb048d2d
5,6,479,428,0.6481481194496155,nan,6.8978190422058105,6.8978190422058105,0.0,nan,1,True,2024,512,crpa_contribution,ebcffb048d2d
5,2,27,12,0.6470588445663452,nan,6.8978190422058105,6.8978190422058105,0.0,nan,1,True,2024,512,crpa_contribution,ebcffb048d2d
5,2,371,310,0.6470588445663452,nan,6.8978190422058105,6.8978190422058105,0.0,nan,1,True,2024,512,crpa_contribution,ebcffb048d2d
5,2,27,25,0.6470588445663452,nan,6.8978190422058105,6.8978190422058105,0.0,nan,1,True,2024,512,crpa_contribution,ebcffb048d2d
5,2,48,38,0.6428571343421936,nan,6.8978190422058105,6.8978190422058105,0.0,nan,1,True,2024,512,crpa_contribution,ebcffb048d2d
5,2,49,47,0.6428571343421936,nan,6.8978190422058105,6.8978190422058105,0.0,nan,1,True,2024,512,crpa_contribution,ebcffb048d2d
5,2,248,158,0.6388888955116272,nan,6.8978190422058105,6.8978190422058105,0.0,nan,1,True,2024,512,crpa_contribution,ebcffb048d2d
5,2,254,192,0.6388888955116272,nan,6.8978190422058105,6.8978190422058105,0.0,nan,1,True,2024,512,crpa_contribution,ebcffb048d2d
5,6,206,138,0.6363636255264282,nan,6.8978190422058105,6.897818565368652,-4.76837158203125e-07,nan,1,True,2024,512,crpa_contribution,ebcffb048d2d
5,6,215,102,0.6363636255264282,nan,6.8978190422058105,6.8978190422058105,0.0,nan,1,True,2024,512,crpa_contribution,ebcffb048d2d
5,6,304,282,0.6333333253860474,nan,6.8978190422058105,6.8978190422058105,0.0,nan,1,True,2024,512,crpa_contribution,ebcffb048d2d
5,6,318,288,0.6333333253860474,nan,6.8978190422058105,6.8978190422058105,0.0,nan,1,True,2024,512,crpa_contribution,ebcffb048d2d
5,6,160,139,0.6315789222717285,nan,6.8978190422058105,6.897818565368652,-4.76837158203125e-07,nan,1,True,2024,512,crpa_contribution,ebcffb048d2d
5,6,161,142,0.6315789222717285,nan,6.8978190422058105,6.897819519042969,4.76837158203125e-07,nan,1,True,2024,512,crpa_contribution,ebcffb048d2d
